date,zone,generated_mt,day_of_week,month,is_weekend,is_festival,festival_name,zone_type,pop_proxy
2015-04-01,Adayar,1.669,2,4,0,0,,residential,13
2015-04-02,Adayar,1.828,3,4,0,0,,residential,13
2015-04-03,Adayar,1.772,4,4,0,0,,residential,13
2015-04-04,Adayar,1.892,5,4,1,0,,residential,13
2015-04-05,Adayar,1.855,6,4,1,0,,residential,13
2015-04-06,Adayar,1.88,0,4,0,0,,residential,13
2015-04-07,Adayar,1.677,1,4,0,0,,residential,13
2015-04-08,Adayar,1.852,2,4,0,0,,residential,13
2015-04-09,Adayar,1.703,3,4,0,0,,residential,13
2015-04-10,Adayar,1.824,4,4,0,0,,residential,13
2015-04-11,Adayar,1.898,5,4,1,0,,residential,13
2015-04-12,Adayar,1.999,6,4,1,0,,residential,13
2015-04-13,Adayar,2.004,0,4,0,1,Tamil New Year,residential,13
2015-04-14,Adayar,2.17,1,4,0,1,Tamil New Year,residential,13
2015-04-15,Adayar,1.999,2,4,0,1,Tamil New Year,residential,13
2015-04-16,Adayar,1.769,3,4,0,0,,residential,13
2015-04-17,Adayar,1.792,4,4,0,0,,residential,13
2015-04-18,Adayar,1.88,5,4,1,0,,residential,13
2015-04-19,Adayar,1.913,6,4,1,0,,residential,13
2015-04-20,Adayar,2.079,0,4,0,1,Eid,residential,13
2015-04-21,Adayar,2.038,1,4,0,1,Eid,residential,13
2015-04-22,Adayar,1.941,2,4,0,1,Eid,residential,13
2015-04-23,Adayar,1.723,3,4,0,0,,residential,13
2015-04-24,Adayar,1.745,4,4,0,0,,residential,13
2015-04-25,Adayar,1.913,5,4,1,0,,residential,13
2015-04-26,Adayar,1.863,6,4,1,0,,residential,13
2015-04-27,Adayar,1.807,0,4,0,0,,residential,13
2015-04-28,Adayar,1.742,1,4,0,0,,residential,13
2015-04-29,Adayar,1.729,2,4,0,0,,residential,13
2015-04-30,Adayar,1.817,3,4,0,0,,residential,13
2015-05-01,Adayar,1.787,4,5,0,0,,residential,13
2015-05-02,Adayar,1.925,5,5,1,0,,residential,13
2015-05-03,Adayar,1.864,6,5,1,0,,residential,13
2015-05-04,Adayar,1.776,0,5,0,0,,residential,13
2015-05-05,Adayar,1.837,1,5,0,0,,residential,13
2015-05-06,Adayar,1.682,2,5,0,0,,residential,13
2015-05-07,Adayar,1.741,3,5,0,0,,residential,13
2015-05-08,Adayar,1.753,4,5,0,0,,residential,13
2015-05-09,Adayar,1.89,5,5,1,0,,residential,13
2015-05-10,Adayar,1.851,6,5,1,0,,residential,13
2015-05-11,Adayar,1.779,0,5,0,0,,residential,13
2015-05-12,Adayar,1.706,1,5,0,0,,residential,13
2015-05-13,Adayar,1.698,2,5,0,0,,residential,13
2015-05-14,Adayar,1.804,3,5,0,0,,residential,13
2015-05-15,Adayar,1.734,4,5,0,0,,residential,13
2015-05-16,Adayar,1.878,5,5,1,0,,residential,13
2015-05-17,Adayar,1.914,6,5,1,0,,residential,13
2015-05-18,Adayar,1.858,0,5,0,0,,residential,13
2015-05-19,Adayar,1.717,1,5,0,0,,residential,13
2015-05-20,Adayar,1.782,2,5,0,0,,residential,13
2015-05-21,Adayar,1.669,3,5,0,0,,residential,13
2015-05-22,Adayar,1.796,4,5,0,0,,residential,13
2015-05-23,Adayar,1.908,5,5,1,0,,residential,13
2015-05-24,Adayar,1.905,6,5,1,0,,residential,13
2015-05-25,Adayar,1.784,0,5,0,0,,residential,13
2015-05-26,Adayar,1.671,1,5,0,0,,residential,13
2015-05-27,Adayar,1.648,2,5,0,0,,residential,13
2015-05-28,Adayar,1.695,3,5,0,0,,residential,13
2015-05-29,Adayar,1.765,4,5,0,0,,residential,13
2015-05-30,Adayar,1.853,5,5,1,0,,residential,13
2015-05-31,Adayar,1.819,6,5,1,0,,residential,13
2015-06-01,Adayar,1.603,0,6,0,0,,residential,13
2015-06-02,Adayar,1.551,1,6,0,0,,residential,13
2015-06-03,Adayar,1.553,2,6,0,0,,residential,13
2015-06-04,Adayar,1.563,3,6,0,0,,residential,13
2015-06-05,Adayar,1.618,4,6,0,0,,residential,13
2015-06-06,Adayar,1.791,5,6,1,0,,residential,13
2015-06-07,Adayar,1.83,6,6,1,0,,residential,13
2015-06-08,Adayar,1.568,0,6,0,0,,residential,13
2015-06-09,Adayar,1.529,1,6,0,0,,residential,13
2015-06-10,Adayar,1.602,2,6,0,0,,residential,13
2015-06-11,Adayar,1.548,3,6,0,0,,residential,13
2015-06-12,Adayar,1.61,4,6,0,0,,residential,13
2015-06-13,Adayar,1.737,5,6,1,0,,residential,13
2015-06-14,Adayar,1.808,6,6,1,0,,residential,13
2015-06-15,Adayar,1.699,0,6,0,0,,residential,13
2015-06-16,Adayar,1.619,1,6,0,0,,residential,13
2015-06-17,Adayar,1.55,2,6,0,0,,residential,13
2015-06-18,Adayar,1.565,3,6,0,0,,residential,13
2015-06-19,Adayar,1.555,4,6,0,0,,residential,13
2015-06-20,Adayar,1.648,5,6,1,0,,residential,13
2015-06-21,Adayar,1.803,6,6,1,0,,residential,13
2015-06-22,Adayar,1.685,0,6,0,0,,residential,13
2015-06-23,Adayar,1.553,1,6,0,0,,residential,13
2015-06-24,Adayar,1.631,2,6,0,0,,residential,13
2015-06-25,Adayar,1.54,3,6,0,0,,residential,13
2015-06-26,Adayar,1.483,4,6,0,0,,residential,13
2015-06-27,Adayar,1.779,5,6,1,0,,residential,13
2015-06-28,Adayar,1.66,6,6,1,0,,residential,13
2015-06-29,Adayar,1.638,0,6,0,0,,residential,13
2015-06-30,Adayar,1.579,1,6,0,0,,residential,13
2015-07-01,Adayar,1.588,2,7,0,0,,residential,13
2015-07-02,Adayar,1.609,3,7,0,0,,residential,13
2015-07-03,Adayar,1.597,4,7,0,0,,residential,13
2015-07-04,Adayar,1.755,5,7,1,0,,residential,13
2015-07-05,Adayar,1.685,6,7,1,0,,residential,13
2015-07-06,Adayar,1.662,0,7,0,0,,residential,13
2015-07-07,Adayar,1.499,1,7,0,0,,residential,13
2015-07-08,Adayar,1.643,2,7,0,0,,residential,13
2015-07-09,Adayar,1.503,3,7,0,0,,residential,13
2015-07-10,Adayar,1.553,4,7,0,0,,residential,13
2015-07-11,Adayar,1.658,5,7,1,0,,residential,13
2015-07-12,Adayar,1.689,6,7,1,0,,residential,13
2015-07-13,Adayar,1.649,0,7,0,0,,residential,13
2015-07-14,Adayar,1.545,1,7,0,0,,residential,13
2015-07-15,Adayar,1.623,2,7,0,0,,residential,13
2015-07-16,Adayar,1.58,3,7,0,0,,residential,13
2015-07-17,Adayar,1.548,4,7,0,0,,residential,13
2015-07-18,Adayar,1.719,5,7,1,0,,residential,13
2015-07-19,Adayar,1.79,6,7,1,0,,residential,13
2015-07-20,Adayar,1.693,0,7,0,0,,residential,13
2015-07-21,Adayar,1.516,1,7,0,0,,residential,13
2015-07-22,Adayar,1.537,2,7,0,0,,residential,13
2015-07-23,Adayar,1.592,3,7,0,0,,residential,13
2015-07-24,Adayar,1.586,4,7,0,0,,residential,13
2015-07-25,Adayar,1.672,5,7,1,0,,residential,13
2015-07-26,Adayar,1.765,6,7,1,0,,residential,13
2015-07-27,Adayar,1.604,0,7,0,0,,residential,13
2015-07-28,Adayar,1.631,1,7,0,0,,residential,13
2015-07-29,Adayar,1.594,2,7,0,0,,residential,13
2015-07-30,Adayar,1.516,3,7,0,0,,residential,13
2015-07-31,Adayar,1.545,4,7,0,0,,residential,13
2015-08-01,Adayar,1.698,5,8,1,0,,residential,13
2015-08-02,Adayar,1.735,6,8,1,0,,residential,13
2015-08-03,Adayar,1.638,0,8,0,0,,residential,13
2015-08-04,Adayar,1.516,1,8,0,0,,residential,13
2015-08-05,Adayar,1.504,2,8,0,0,,residential,13
2015-08-06,Adayar,1.595,3,8,0,0,,residential,13
2015-08-07,Adayar,1.583,4,8,0,0,,residential,13
2015-08-08,Adayar,1.732,5,8,1,0,,residential,13
2015-08-09,Adayar,1.74,6,8,1,0,,residential,13
2015-08-10,Adayar,1.617,0,8,0,0,,residential,13
2015-08-11,Adayar,1.578,1,8,0,0,,residential,13
2015-08-12,Adayar,1.689,2,8,0,0,,residential,13
2015-08-13,Adayar,1.625,3,8,0,0,,residential,13
2015-08-14,Adayar,1.556,4,8,0,0,,residential,13
2015-08-15,Adayar,1.869,5,8,1,1,Independence,residential,13
2015-08-16,Adayar,1.578,6,8,1,0,,residential,13
2015-08-17,Adayar,1.701,0,8,0,0,,residential,13
2015-08-18,Adayar,1.606,1,8,0,0,,residential,13
2015-08-19,Adayar,1.544,2,8,0,0,,residential,13
2015-08-20,Adayar,1.502,3,8,0,0,,residential,13
2015-08-21,Adayar,1.515,4,8,0,0,,residential,13
2015-08-22,Adayar,1.749,5,8,1,0,,residential,13
2015-08-23,Adayar,1.722,6,8,1,0,,residential,13
2015-08-24,Adayar,1.682,0,8,0,0,,residential,13
2015-08-25,Adayar,1.574,1,8,0,0,,residential,13
2015-08-26,Adayar,1.615,2,8,0,0,,residential,13
2015-08-27,Adayar,1.587,3,8,0,0,,residential,13
2015-08-28,Adayar,1.608,4,8,0,0,,residential,13
2015-08-29,Adayar,1.618,5,8,1,0,,residential,13
2015-08-30,Adayar,1.662,6,8,1,0,,residential,13
2015-08-31,Adayar,1.63,0,8,0,0,,residential,13
2015-09-01,Adayar,1.62,1,9,0,0,,residential,13
2015-09-02,Adayar,1.658,2,9,0,0,,residential,13
2015-09-03,Adayar,1.562,3,9,0,0,,residential,13
2015-09-04,Adayar,1.541,4,9,0,0,,residential,13
2015-09-05,Adayar,1.625,5,9,1,0,,residential,13
2015-09-06,Adayar,1.771,6,9,1,0,,residential,13
2015-09-07,Adayar,1.621,0,9,0,0,,residential,13
2015-09-08,Adayar,1.908,1,9,0,1,Ganesh Chathurthi,residential,13
2015-09-09,Adayar,1.893,2,9,0,1,Ganesh Chathurthi,residential,13
2015-09-10,Adayar,2.253,3,9,0,1,Ganesh Chathurthi,residential,13
2015-09-11,Adayar,1.979,4,9,0,1,Ganesh Chathurthi,residential,13
2015-09-12,Adayar,1.868,5,9,1,1,Ganesh Chathurthi,residential,13
2015-09-13,Adayar,1.738,6,9,1,0,,residential,13
2015-09-14,Adayar,1.686,0,9,0,0,,residential,13
2015-09-15,Adayar,1.559,1,9,0,0,,residential,13
2015-09-16,Adayar,1.609,2,9,0,0,,residential,13
2015-09-17,Adayar,1.608,3,9,0,0,,residential,13
2015-09-18,Adayar,1.598,4,9,0,0,,residential,13
2015-09-19,Adayar,1.726,5,9,1,0,,residential,13
2015-09-20,Adayar,1.666,6,9,1,0,,residential,13
2015-09-21,Adayar,1.644,0,9,0,0,,residential,13
2015-09-22,Adayar,1.578,1,9,0,0,,residential,13
2015-09-23,Adayar,1.481,2,9,0,0,,residential,13
2015-09-24,Adayar,1.577,3,9,0,0,,residential,13
2015-09-25,Adayar,1.565,4,9,0,0,,residential,13
2015-09-26,Adayar,1.659,5,9,1,0,,residential,13
2015-09-27,Adayar,1.709,6,9,1,0,,residential,13
2015-09-28,Adayar,1.633,0,9,0,0,,residential,13
2015-09-29,Adayar,1.66,1,9,0,0,,residential,13
2015-09-30,Adayar,1.58,2,9,0,0,,residential,13
2015-10-01,Adayar,1.703,3,10,0,0,,residential,13
2015-10-02,Adayar,1.646,4,10,0,0,,residential,13
2015-10-03,Adayar,1.715,5,10,1,0,,residential,13
2015-10-04,Adayar,2.086,6,10,1,1,Dussehra,residential,13
2015-10-05,Adayar,2.126,0,10,0,1,Dussehra,residential,13
2015-10-06,Adayar,1.84,1,10,0,1,Dussehra,residential,13
2015-10-07,Adayar,1.6,2,10,0,0,,residential,13
2015-10-08,Adayar,1.656,3,10,0,0,,residential,13
2015-10-09,Adayar,1.705,4,10,0,0,,residential,13
2015-10-10,Adayar,1.868,5,10,1,0,,residential,13
2015-10-11,Adayar,1.904,6,10,1,0,,residential,13
2015-10-12,Adayar,1.825,0,10,0,0,,residential,13
2015-10-13,Adayar,1.551,1,10,0,0,,residential,13
2015-10-14,Adayar,1.593,2,10,0,0,,residential,13
2015-10-15,Adayar,1.562,3,10,0,0,,residential,13
2015-10-16,Adayar,1.683,4,10,0,0,,residential,13
2015-10-17,Adayar,1.779,5,10,1,0,,residential,13
2015-10-18,Adayar,1.791,6,10,1,0,,residential,13
2015-10-19,Adayar,1.723,0,10,0,0,,residential,13
2015-10-20,Adayar,1.671,1,10,0,0,,residential,13
2015-10-21,Adayar,1.578,2,10,0,0,,residential,13
2015-10-22,Adayar,1.802,3,10,0,1,Deepavali,residential,13
2015-10-23,Adayar,2.093,4,10,0,1,Deepavali,residential,13
2015-10-24,Adayar,2.636,5,10,1,1,Deepavali,residential,13
2015-10-25,Adayar,2.3,6,10,1,1,Deepavali,residential,13
2015-10-26,Adayar,1.919,0,10,0,1,Deepavali,residential,13
2015-10-27,Adayar,1.546,1,10,0,0,,residential,13
2015-10-28,Adayar,1.699,2,10,0,0,,residential,13
2015-10-29,Adayar,1.616,3,10,0,0,,residential,13
2015-10-30,Adayar,1.595,4,10,0,0,,residential,13
2015-10-31,Adayar,1.724,5,10,1,0,,residential,13
2015-11-01,Adayar,1.739,6,11,1,0,,residential,13
2015-11-02,Adayar,1.685,0,11,0,0,,residential,13
2015-11-03,Adayar,1.64,1,11,0,0,,residential,13
2015-11-04,Adayar,1.592,2,11,0,0,,residential,13
2015-11-05,Adayar,1.661,3,11,0,0,,residential,13
2015-11-06,Adayar,1.64,4,11,0,0,,residential,13
2015-11-07,Adayar,1.938,5,11,1,0,,residential,13
2015-11-08,Adayar,1.724,6,11,1,0,,residential,13
2015-11-09,Adayar,1.743,0,11,0,0,,residential,13
2015-11-10,Adayar,1.661,1,11,0,0,,residential,13
2015-11-11,Adayar,1.601,2,11,0,0,,residential,13
2015-11-12,Adayar,1.657,3,11,0,0,,residential,13
2015-11-13,Adayar,1.69,4,11,0,0,,residential,13
2015-11-14,Adayar,1.823,5,11,1,0,,residential,13
2015-11-15,Adayar,1.893,6,11,1,0,,residential,13
2015-11-16,Adayar,1.621,0,11,0,0,,residential,13
2015-11-17,Adayar,1.61,1,11,0,0,,residential,13
2015-11-18,Adayar,1.725,2,11,0,0,,residential,13
2015-11-19,Adayar,1.697,3,11,0,0,,residential,13
2015-11-20,Adayar,1.679,4,11,0,0,,residential,13
2015-11-21,Adayar,1.884,5,11,1,0,,residential,13
2015-11-22,Adayar,1.713,6,11,1,0,,residential,13
2015-11-23,Adayar,1.776,0,11,0,0,,residential,13
2015-11-24,Adayar,1.705,1,11,0,0,,residential,13
2015-11-25,Adayar,1.619,2,11,0,0,,residential,13
2015-11-26,Adayar,1.782,3,11,0,0,,residential,13
2015-11-27,Adayar,1.662,4,11,0,0,,residential,13
2015-11-28,Adayar,1.698,5,11,1,0,,residential,13
2015-11-29,Adayar,1.838,6,11,1,0,,residential,13
2015-11-30,Adayar,1.697,0,11,0,0,,residential,13
2015-12-01,Adayar,1.71,1,12,0,0,,residential,13
2015-12-02,Adayar,1.679,2,12,0,0,,residential,13
2015-12-03,Adayar,1.622,3,12,0,0,,residential,13
2015-12-04,Adayar,1.727,4,12,0,0,,residential,13
2015-12-05,Adayar,1.868,5,12,1,0,,residential,13
2015-12-06,Adayar,1.772,6,12,1,0,,residential,13
2015-12-07,Adayar,1.727,0,12,0,0,,residential,13
2015-12-08,Adayar,1.678,1,12,0,0,,residential,13
2015-12-09,Adayar,1.634,2,12,0,0,,residential,13
2015-12-10,Adayar,1.635,3,12,0,0,,residential,13
2015-12-11,Adayar,1.654,4,12,0,0,,residential,13
2015-12-12,Adayar,1.759,5,12,1,0,,residential,13
2015-12-13,Adayar,1.696,6,12,1,0,,residential,13
2015-12-14,Adayar,1.747,0,12,0,0,,residential,13
2015-12-15,Adayar,1.553,1,12,0,0,,residential,13
2015-12-16,Adayar,1.603,2,12,0,0,,residential,13
2015-12-17,Adayar,1.564,3,12,0,0,,residential,13
2015-12-18,Adayar,1.57,4,12,0,0,,residential,13
2015-12-19,Adayar,1.841,5,12,1,0,,residential,13
2015-12-20,Adayar,1.805,6,12,1,0,,residential,13
2015-12-21,Adayar,1.721,0,12,0,0,,residential,13
2015-12-22,Adayar,1.587,1,12,0,0,,residential,13
2015-12-23,Adayar,1.62,2,12,0,0,,residential,13
2015-12-24,Adayar,1.796,3,12,0,1,Christmas,residential,13
2015-12-25,Adayar,1.897,4,12,0,1,Christmas,residential,13
2015-12-26,Adayar,2.002,5,12,1,1,Christmas,residential,13
2015-12-27,Adayar,1.87,6,12,1,0,,residential,13
2015-12-28,Adayar,1.722,0,12,0,0,,residential,13
2015-12-29,Adayar,1.56,1,12,0,0,,residential,13
2015-12-30,Adayar,1.776,2,12,0,1,New Year,residential,13
2015-12-31,Adayar,1.977,3,12,0,1,New Year,residential,13
2016-01-01,Adayar,1.614,4,1,0,0,,residential,13
2016-01-02,Adayar,1.76,5,1,1,0,,residential,13
2016-01-03,Adayar,1.821,6,1,1,0,,residential,13
2016-01-04,Adayar,1.861,0,1,0,0,,residential,13
2016-01-05,Adayar,1.628,1,1,0,0,,residential,13
2016-01-06,Adayar,1.652,2,1,0,0,,residential,13
2016-01-07,Adayar,1.587,3,1,0,0,,residential,13
2016-01-08,Adayar,1.714,4,1,0,0,,residential,13
2016-01-09,Adayar,1.865,5,1,1,0,,residential,13
2016-01-10,Adayar,1.861,6,1,1,0,,residential,13
2016-01-11,Adayar,1.805,0,1,0,0,,residential,13
2016-01-12,Adayar,1.794,1,1,0,1,Pongal,residential,13
2016-01-13,Adayar,1.964,2,1,0,1,Pongal,residential,13
2016-01-14,Adayar,2.258,3,1,0,1,Pongal,residential,13
2016-01-15,Adayar,2.02,4,1,0,1,Pongal,residential,13
2016-01-16,Adayar,1.866,5,1,1,1,Pongal,residential,13
2016-01-17,Adayar,1.842,6,1,1,0,,residential,13
2016-01-18,Adayar,1.704,0,1,0,0,,residential,13
2016-01-19,Adayar,1.697,1,1,0,0,,residential,13
2016-01-20,Adayar,1.672,2,1,0,0,,residential,13
2016-01-21,Adayar,1.566,3,1,0,0,,residential,13
2016-01-22,Adayar,1.665,4,1,0,0,,residential,13
2016-01-23,Adayar,1.829,5,1,1,0,,residential,13
2016-01-24,Adayar,1.837,6,1,1,0,,residential,13
2016-01-25,Adayar,1.765,0,1,0,0,,residential,13
2016-01-26,Adayar,1.899,1,1,0,1,Republic Day,residential,13
2016-01-27,Adayar,1.673,2,1,0,0,,residential,13
2016-01-28,Adayar,1.653,3,1,0,0,,residential,13
2016-01-29,Adayar,1.709,4,1,0,0,,residential,13
2016-01-30,Adayar,1.94,5,1,1,0,,residential,13
2016-01-31,Adayar,1.867,6,1,1,0,,residential,13
2016-02-01,Adayar,1.745,0,2,0,0,,residential,13
2016-02-02,Adayar,1.673,1,2,0,0,,residential,13
2016-02-03,Adayar,1.665,2,2,0,0,,residential,13
2016-02-04,Adayar,1.653,3,2,0,0,,residential,13
2016-02-05,Adayar,1.759,4,2,0,0,,residential,13
2016-02-06,Adayar,1.776,5,2,1,0,,residential,13
2016-02-07,Adayar,1.88,6,2,1,0,,residential,13
2016-02-08,Adayar,1.728,0,2,0,0,,residential,13
2016-02-09,Adayar,1.579,1,2,0,0,,residential,13
2016-02-10,Adayar,1.643,2,2,0,0,,residential,13
2016-02-11,Adayar,1.625,3,2,0,0,,residential,13
2016-02-12,Adayar,1.681,4,2,0,0,,residential,13
2016-02-13,Adayar,1.822,5,2,1,0,,residential,13
2016-02-14,Adayar,1.762,6,2,1,0,,residential,13
2016-02-15,Adayar,1.811,0,2,0,0,,residential,13
2016-02-16,Adayar,1.706,1,2,0,0,,residential,13
2016-02-17,Adayar,1.731,2,2,0,0,,residential,13
2016-02-18,Adayar,1.664,3,2,0,0,,residential,13
2016-02-19,Adayar,1.65,4,2,0,0,,residential,13
2016-02-20,Adayar,1.856,5,2,1,0,,residential,13
2016-02-21,Adayar,1.786,6,2,1,0,,residential,13
2016-02-22,Adayar,1.741,0,2,0,0,,residential,13
2016-02-23,Adayar,1.643,1,2,0,0,,residential,13
2016-02-24,Adayar,1.58,2,2,0,0,,residential,13
2016-02-25,Adayar,1.658,3,2,0,0,,residential,13
2016-02-26,Adayar,1.63,4,2,0,0,,residential,13
2016-02-27,Adayar,1.804,5,2,1,0,,residential,13
2016-02-28,Adayar,1.837,6,2,1,0,,residential,13
2016-02-29,Adayar,1.801,0,2,0,0,,residential,13
2016-03-01,Adayar,1.69,1,3,0,0,,residential,13
2016-03-02,Adayar,1.717,2,3,0,0,,residential,13
2016-03-03,Adayar,1.695,3,3,0,0,,residential,13
2016-03-04,Adayar,1.691,4,3,0,0,,residential,13
2016-03-05,Adayar,1.874,5,3,1,0,,residential,13
2016-03-06,Adayar,1.897,6,3,1,0,,residential,13
2016-03-07,Adayar,1.853,0,3,0,0,,residential,13
2016-03-08,Adayar,1.751,1,3,0,0,,residential,13
2016-03-09,Adayar,1.68,2,3,0,0,,residential,13
2016-03-10,Adayar,1.802,3,3,0,0,,residential,13
2016-03-11,Adayar,1.784,4,3,0,0,,residential,13
2016-03-12,Adayar,1.857,5,3,1,0,,residential,13
2016-03-13,Adayar,1.978,6,3,1,0,,residential,13
2016-03-14,Adayar,1.839,0,3,0,0,,residential,13
2016-03-15,Adayar,1.727,1,3,0,0,,residential,13
2016-03-16,Adayar,1.753,2,3,0,0,,residential,13
2016-03-17,Adayar,1.733,3,3,0,0,,residential,13
2016-03-18,Adayar,1.763,4,3,0,0,,residential,13
2016-03-19,Adayar,1.919,5,3,1,0,,residential,13
2016-03-20,Adayar,1.889,6,3,1,0,,residential,13
2016-03-21,Adayar,1.711,0,3,0,0,,residential,13
2016-03-22,Adayar,1.762,1,3,0,0,,residential,13
2016-03-23,Adayar,1.715,2,3,0,0,,residential,13
2016-03-24,Adayar,1.775,3,3,0,0,,residential,13
2016-03-25,Adayar,1.76,4,3,0,0,,residential,13
2016-03-26,Adayar,1.888,5,3,1,0,,residential,13
2016-03-27,Adayar,1.967,6,3,1,0,,residential,13
2016-03-28,Adayar,1.833,0,3,0,0,,residential,13
2016-03-29,Adayar,1.743,1,3,0,0,,residential,13
2016-03-30,Adayar,1.727,2,3,0,0,,residential,13
2016-04-01,Adayar,1.925,4,4,0,0,,residential,13
2016-04-02,Adayar,1.973,5,4,1,0,,residential,13
2016-04-03,Adayar,1.996,6,4,1,0,,residential,13
2016-04-04,Adayar,1.853,0,4,0,0,,residential,13
2016-04-05,Adayar,1.872,1,4,0,0,,residential,13
2016-04-06,Adayar,1.8,2,4,0,0,,residential,13
2016-04-07,Adayar,1.807,3,4,0,0,,residential,13
2016-04-08,Adayar,1.804,4,4,0,0,,residential,13
2016-04-09,Adayar,2.02,5,4,1,0,,residential,13
2016-04-10,Adayar,1.94,6,4,1,0,,residential,13
2016-04-11,Adayar,1.795,0,4,0,0,,residential,13
2016-04-12,Adayar,1.858,1,4,0,0,,residential,13
2016-04-13,Adayar,1.931,2,4,0,1,Tamil New Year,residential,13
2016-04-14,Adayar,2.349,3,4,0,1,Tamil New Year,residential,13
2016-04-15,Adayar,2.158,4,4,0,1,Tamil New Year,residential,13
2016-04-16,Adayar,2.006,5,4,1,0,,residential,13
2016-04-17,Adayar,2.094,6,4,1,0,,residential,13
2016-04-18,Adayar,1.923,0,4,0,0,,residential,13
2016-04-19,Adayar,1.92,1,4,0,0,,residential,13
2016-04-20,Adayar,1.988,2,4,0,1,Eid,residential,13
2016-04-21,Adayar,2.043,3,4,0,1,Eid,residential,13
2016-04-22,Adayar,2.011,4,4,0,1,Eid,residential,13
2016-04-23,Adayar,2.119,5,4,1,0,,residential,13
2016-04-24,Adayar,2.048,6,4,1,0,,residential,13
2016-04-25,Adayar,1.894,0,4,0,0,,residential,13
2016-04-26,Adayar,1.851,1,4,0,0,,residential,13
2016-04-27,Adayar,1.886,2,4,0,0,,residential,13
2016-04-28,Adayar,1.828,3,4,0,0,,residential,13
2016-04-29,Adayar,1.977,4,4,0,0,,residential,13
2016-04-30,Adayar,1.984,5,4,1,0,,residential,13
2016-05-01,Adayar,2.076,6,5,1,0,,residential,13
2016-05-02,Adayar,1.968,0,5,0,0,,residential,13
2016-05-03,Adayar,1.794,1,5,0,0,,residential,13
2016-05-04,Adayar,1.809,2,5,0,0,,residential,13
2016-05-05,Adayar,1.888,3,5,0,0,,residential,13
2016-05-06,Adayar,1.84,4,5,0,0,,residential,13
2016-05-07,Adayar,2.036,5,5,1,0,,residential,13
2016-05-08,Adayar,1.917,6,5,1,0,,residential,13
2016-05-09,Adayar,1.962,0,5,0,0,,residential,13
2016-05-10,Adayar,1.848,1,5,0,0,,residential,13
2016-05-11,Adayar,1.829,2,5,0,0,,residential,13
2016-05-12,Adayar,1.852,3,5,0,0,,residential,13
2016-05-13,Adayar,1.81,4,5,0,0,,residential,13
2016-05-14,Adayar,1.98,5,5,1,0,,residential,13
2016-05-15,Adayar,2.001,6,5,1,0,,residential,13
2016-05-16,Adayar,1.897,0,5,0,0,,residential,13
2016-05-17,Adayar,1.952,1,5,0,0,,residential,13
2016-05-18,Adayar,1.883,2,5,0,0,,residential,13
2016-05-19,Adayar,1.779,3,5,0,0,,residential,13
2016-05-20,Adayar,1.944,4,5,0,0,,residential,13
2016-05-21,Adayar,1.99,5,5,1,0,,residential,13
2016-05-22,Adayar,2.017,6,5,1,0,,residential,13
2016-05-23,Adayar,1.976,0,5,0,0,,residential,13
2016-05-24,Adayar,1.724,1,5,0,0,,residential,13
2016-05-25,Adayar,1.819,2,5,0,0,,residential,13
2016-05-26,Adayar,1.801,3,5,0,0,,residential,13
2016-05-27,Adayar,1.844,4,5,0,0,,residential,13
2016-05-28,Adayar,2.038,5,5,1,0,,residential,13
2016-05-29,Adayar,2.011,6,5,1,0,,residential,13
2016-05-30,Adayar,1.917,0,5,0,0,,residential,13
2016-05-31,Adayar,1.891,1,5,0,0,,residential,13
2016-06-01,Adayar,1.673,2,6,0,0,,residential,13
2016-06-02,Adayar,1.66,3,6,0,0,,residential,13
2016-06-03,Adayar,1.665,4,6,0,0,,residential,13
2016-06-04,Adayar,1.924,5,6,1,0,,residential,13
2016-06-05,Adayar,1.833,6,6,1,0,,residential,13
2016-06-06,Adayar,1.714,0,6,0,0,,residential,13
2016-06-07,Adayar,1.563,1,6,0,0,,residential,13
2016-06-08,Adayar,1.587,2,6,0,0,,residential,13
2016-06-09,Adayar,1.635,3,6,0,0,,residential,13
2016-06-10,Adayar,1.653,4,6,0,0,,residential,13
2016-06-11,Adayar,1.793,5,6,1,0,,residential,13
2016-06-12,Adayar,1.843,6,6,1,0,,residential,13
2016-06-13,Adayar,1.711,0,6,0,0,,residential,13
2016-06-14,Adayar,1.612,1,6,0,0,,residential,13
2016-06-15,Adayar,1.688,2,6,0,0,,residential,13
2016-06-16,Adayar,1.726,3,6,0,0,,residential,13
2016-06-17,Adayar,1.603,4,6,0,0,,residential,13
2016-06-18,Adayar,1.837,5,6,1,0,,residential,13
2016-06-19,Adayar,1.72,6,6,1,0,,residential,13
2016-06-20,Adayar,1.664,0,6,0,0,,residential,13
2016-06-21,Adayar,1.629,1,6,0,0,,residential,13
2016-06-22,Adayar,1.714,2,6,0,0,,residential,13
2016-06-23,Adayar,1.619,3,6,0,0,,residential,13
2016-06-24,Adayar,1.617,4,6,0,0,,residential,13
2016-06-25,Adayar,1.826,5,6,1,0,,residential,13
2016-06-26,Adayar,1.826,6,6,1,0,,residential,13
2016-06-27,Adayar,1.7,0,6,0,0,,residential,13
2016-06-28,Adayar,1.757,1,6,0,0,,residential,13
2016-06-29,Adayar,1.645,2,6,0,0,,residential,13
2016-06-30,Adayar,1.664,3,6,0,0,,residential,13
2016-07-01,Adayar,1.638,4,7,0,0,,residential,13
2016-07-02,Adayar,1.848,5,7,1,0,,residential,13
2016-07-03,Adayar,1.891,6,7,1,0,,residential,13
2016-07-04,Adayar,1.828,0,7,0,0,,residential,13
2016-07-05,Adayar,1.62,1,7,0,0,,residential,13
2016-07-06,Adayar,1.713,2,7,0,0,,residential,13
2016-07-07,Adayar,1.685,3,7,0,0,,residential,13
2016-07-08,Adayar,1.706,4,7,0,0,,residential,13
2016-07-09,Adayar,1.819,5,7,1,0,,residential,13
2016-07-10,Adayar,1.814,6,7,1,0,,residential,13
2016-07-11,Adayar,1.79,0,7,0,0,,residential,13
2016-07-12,Adayar,1.705,1,7,0,0,,residential,13
2016-07-13,Adayar,1.736,2,7,0,0,,residential,13
2016-07-14,Adayar,1.668,3,7,0,0,,residential,13
2016-07-15,Adayar,1.653,4,7,0,0,,residential,13
2016-07-16,Adayar,1.689,5,7,1,0,,residential,13
2016-07-17,Adayar,1.736,6,7,1,0,,residential,13
2016-07-18,Adayar,1.72,0,7,0,0,,residential,13
2016-07-19,Adayar,1.603,1,7,0,0,,residential,13
2016-07-20,Adayar,1.698,2,7,0,0,,residential,13
2016-07-21,Adayar,1.593,3,7,0,0,,residential,13
2016-07-22,Adayar,1.633,4,7,0,0,,residential,13
2016-07-23,Adayar,1.798,5,7,1,0,,residential,13
2016-07-24,Adayar,1.89,6,7,1,0,,residential,13
2016-07-25,Adayar,1.709,0,7,0,0,,residential,13
2016-07-26,Adayar,1.68,1,7,0,0,,residential,13
2016-07-27,Adayar,1.668,2,7,0,0,,residential,13
2016-07-28,Adayar,1.703,3,7,0,0,,residential,13
2016-07-29,Adayar,1.7,4,7,0,0,,residential,13
2016-07-30,Adayar,1.822,5,7,1,0,,residential,13
2016-07-31,Adayar,1.731,6,7,1,0,,residential,13
2016-08-01,Adayar,1.729,0,8,0,0,,residential,13
2016-08-02,Adayar,1.657,1,8,0,0,,residential,13
2016-08-03,Adayar,1.672,2,8,0,0,,residential,13
2016-08-04,Adayar,1.621,3,8,0,0,,residential,13
2016-08-05,Adayar,1.715,4,8,0,0,,residential,13
2016-08-06,Adayar,1.824,5,8,1,0,,residential,13
2016-08-07,Adayar,1.773,6,8,1,0,,residential,13
2016-08-08,Adayar,1.717,0,8,0,0,,residential,13
2016-08-09,Adayar,1.754,1,8,0,0,,residential,13
2016-08-10,Adayar,1.691,2,8,0,0,,residential,13
2016-08-11,Adayar,1.71,3,8,0,0,,residential,13
2016-08-12,Adayar,1.606,4,8,0,0,,residential,13
2016-08-13,Adayar,1.786,5,8,1,0,,residential,13
2016-08-14,Adayar,1.786,6,8,1,0,,residential,13
2016-08-15,Adayar,1.926,0,8,0,1,Independence,residential,13
2016-08-16,Adayar,1.649,1,8,0,0,,residential,13
2016-08-17,Adayar,1.634,2,8,0,0,,residential,13
2016-08-18,Adayar,1.64,3,8,0,0,,residential,13
2016-08-19,Adayar,1.618,4,8,0,0,,residential,13
2016-08-20,Adayar,1.814,5,8,1,0,,residential,13
2016-08-21,Adayar,1.885,6,8,1,0,,residential,13
2016-08-22,Adayar,1.662,0,8,0,0,,residential,13
2016-08-23,Adayar,1.675,1,8,0,0,,residential,13
2016-08-24,Adayar,1.727,2,8,0,0,,residential,13
2016-08-25,Adayar,1.649,3,8,0,0,,residential,13
2016-08-26,Adayar,1.632,4,8,0,0,,residential,13
2016-08-27,Adayar,1.874,5,8,1,0,,residential,13
2016-08-28,Adayar,1.77,6,8,1,0,,residential,13
2016-08-29,Adayar,1.74,0,8,0,0,,residential,13
2016-08-30,Adayar,1.606,1,8,0,0,,residential,13
2016-08-31,Adayar,1.565,2,8,0,0,,residential,13
2016-09-01,Adayar,1.65,3,9,0,0,,residential,13
2016-09-02,Adayar,1.595,4,9,0,0,,residential,13
2016-09-03,Adayar,1.823,5,9,1,0,,residential,13
2016-09-04,Adayar,1.885,6,9,1,0,,residential,13
2016-09-05,Adayar,1.838,0,9,0,0,,residential,13
2016-09-06,Adayar,1.663,1,9,0,0,,residential,13
2016-09-07,Adayar,1.709,2,9,0,0,,residential,13
2016-09-08,Adayar,1.874,3,9,0,1,Ganesh Chathurthi,residential,13
2016-09-09,Adayar,2.021,4,9,0,1,Ganesh Chathurthi,residential,13
2016-09-10,Adayar,2.32,5,9,1,1,Ganesh Chathurthi,residential,13
2016-09-11,Adayar,2.359,6,9,1,1,Ganesh Chathurthi,residential,13
2016-09-12,Adayar,1.883,0,9,0,1,Ganesh Chathurthi,residential,13
2016-09-13,Adayar,1.727,1,9,0,0,,residential,13
2016-09-14,Adayar,1.685,2,9,0,0,,residential,13
2016-09-15,Adayar,1.609,3,9,0,0,,residential,13
2016-09-16,Adayar,1.673,4,9,0,0,,residential,13
2016-09-17,Adayar,1.94,5,9,1,0,,residential,13
2016-09-18,Adayar,1.908,6,9,1,0,,residential,13
2016-09-19,Adayar,1.714,0,9,0,0,,residential,13
2016-09-20,Adayar,1.623,1,9,0,0,,residential,13
2016-09-21,Adayar,1.663,2,9,0,0,,residential,13
2016-09-22,Adayar,1.65,3,9,0,0,,residential,13
2016-09-23,Adayar,1.718,4,9,0,0,,residential,13
2016-09-24,Adayar,1.864,5,9,1,0,,residential,13
2016-09-25,Adayar,1.731,6,9,1,0,,residential,13
2016-09-26,Adayar,1.765,0,9,0,0,,residential,13
2016-09-27,Adayar,1.649,1,9,0,0,,residential,13
2016-09-28,Adayar,1.66,2,9,0,0,,residential,13
2016-09-29,Adayar,1.67,3,9,0,0,,residential,13
2016-09-30,Adayar,1.718,4,9,0,0,,residential,13
2016-10-01,Adayar,1.976,5,10,1,0,,residential,13
2016-10-02,Adayar,1.877,6,10,1,0,,residential,13
2016-10-03,Adayar,1.829,0,10,0,0,,residential,13
2016-10-04,Adayar,1.937,1,10,0,1,Dussehra,residential,13
2016-10-05,Adayar,2.071,2,10,0,1,Dussehra,residential,13
2016-10-06,Adayar,1.957,3,10,0,1,Dussehra,residential,13
2016-10-07,Adayar,1.842,4,10,0,0,,residential,13
2016-10-08,Adayar,1.821,5,10,1,0,,residential,13
2016-10-09,Adayar,1.918,6,10,1,0,,residential,13
2016-10-10,Adayar,1.829,0,10,0,0,,residential,13
2016-10-11,Adayar,1.76,1,10,0,0,,residential,13
2016-10-12,Adayar,1.695,2,10,0,0,,residential,13
2016-10-13,Adayar,1.671,3,10,0,0,,residential,13
2016-10-14,Adayar,1.673,4,10,0,0,,residential,13
2016-10-15,Adayar,1.996,5,10,1,0,,residential,13
2016-10-16,Adayar,1.863,6,10,1,0,,residential,13
2016-10-17,Adayar,1.805,0,10,0,0,,residential,13
2016-10-18,Adayar,1.855,1,10,0,0,,residential,13
2016-10-19,Adayar,1.707,2,10,0,0,,residential,13
2016-10-20,Adayar,1.763,3,10,0,0,,residential,13
2016-10-21,Adayar,1.801,4,10,0,0,,residential,13
2016-10-22,Adayar,2.242,5,10,1,1,Deepavali,residential,13
2016-10-23,Adayar,2.335,6,10,1,1,Deepavali,residential,13
2016-10-24,Adayar,2.511,0,10,0,1,Deepavali,residential,13
2016-10-25,Adayar,2.231,1,10,0,1,Deepavali,residential,13
2016-10-26,Adayar,2.092,2,10,0,1,Deepavali,residential,13
2016-10-27,Adayar,1.705,3,10,0,0,,residential,13
2016-10-28,Adayar,1.719,4,10,0,0,,residential,13
2016-10-29,Adayar,1.944,5,10,1,0,,residential,13
2016-10-30,Adayar,1.955,6,10,1,0,,residential,13
2016-10-31,Adayar,1.87,0,10,0,0,,residential,13
2016-11-01,Adayar,1.701,1,11,0,0,,residential,13
2016-11-02,Adayar,1.717,2,11,0,0,,residential,13
2016-11-03,Adayar,1.756,3,11,0,0,,residential,13
2016-11-04,Adayar,1.811,4,11,0,0,,residential,13
2016-11-05,Adayar,1.906,5,11,1,0,,residential,13
2016-11-06,Adayar,1.918,6,11,1,0,,residential,13
2016-11-07,Adayar,1.776,0,11,0,0,,residential,13
2016-11-08,Adayar,1.843,1,11,0,0,,residential,13
2016-11-09,Adayar,1.753,2,11,0,0,,residential,13
2016-11-10,Adayar,1.802,3,11,0,0,,residential,13
2016-11-11,Adayar,1.747,4,11,0,0,,residential,13
2016-11-12,Adayar,1.925,5,11,1,0,,residential,13
2016-11-13,Adayar,1.833,6,11,1,0,,residential,13
2016-11-14,Adayar,1.714,0,11,0,0,,residential,13
2016-11-15,Adayar,1.811,1,11,0,0,,residential,13
2016-11-16,Adayar,1.749,2,11,0,0,,residential,13
2016-11-17,Adayar,1.756,3,11,0,0,,residential,13
2016-11-18,Adayar,1.68,4,11,0,0,,residential,13
2016-11-19,Adayar,1.868,5,11,1,0,,residential,13
2016-11-20,Adayar,1.981,6,11,1,0,,residential,13
2016-11-21,Adayar,1.928,0,11,0,0,,residential,13
2016-11-22,Adayar,1.713,1,11,0,0,,residential,13
2016-11-23,Adayar,1.78,2,11,0,0,,residential,13
2016-11-24,Adayar,1.755,3,11,0,0,,residential,13
2016-11-25,Adayar,1.739,4,11,0,0,,residential,13
2016-11-26,Adayar,2.026,5,11,1,0,,residential,13
2016-11-27,Adayar,1.894,6,11,1,0,,residential,13
2016-11-28,Adayar,1.901,0,11,0,0,,residential,13
2016-11-29,Adayar,1.765,1,11,0,0,,residential,13
2016-11-30,Adayar,1.744,2,11,0,0,,residential,13
2016-12-01,Adayar,1.817,3,12,0,0,,residential,13
2016-12-02,Adayar,1.76,4,12,0,0,,residential,13
2016-12-03,Adayar,1.914,5,12,1,0,,residential,13
2016-12-04,Adayar,1.999,6,12,1,0,,residential,13
2016-12-05,Adayar,1.901,0,12,0,0,,residential,13
2016-12-06,Adayar,1.808,1,12,0,0,,residential,13
2016-12-07,Adayar,1.542,2,12,0,0,,residential,13
2016-12-08,Adayar,1.768,3,12,0,0,,residential,13
2016-12-09,Adayar,1.756,4,12,0,0,,residential,13
2016-12-10,Adayar,1.918,5,12,1,0,,residential,13
2016-12-11,Adayar,1.955,6,12,1,0,,residential,13
2016-12-12,Adayar,1.847,0,12,0,0,,residential,13
2016-12-13,Adayar,1.781,1,12,0,0,,residential,13
2016-12-14,Adayar,1.731,2,12,0,0,,residential,13
2016-12-15,Adayar,1.824,3,12,0,0,,residential,13
2016-12-16,Adayar,1.786,4,12,0,0,,residential,13
2016-12-17,Adayar,1.951,5,12,1,0,,residential,13
2016-12-18,Adayar,1.948,6,12,1,0,,residential,13
2016-12-19,Adayar,1.896,0,12,0,0,,residential,13
2016-12-20,Adayar,1.799,1,12,0,0,,residential,13
2016-12-21,Adayar,1.739,2,12,0,0,,residential,13
2016-12-22,Adayar,1.797,3,12,0,0,,residential,13
2016-12-23,Adayar,1.754,4,12,0,0,,residential,13
2016-12-24,Adayar,2.182,5,12,1,1,Christmas,residential,13
2016-12-25,Adayar,2.28,6,12,1,1,Christmas,residential,13
2016-12-26,Adayar,1.933,0,12,0,1,Christmas,residential,13
2016-12-27,Adayar,1.867,1,12,0,0,,residential,13
2016-12-28,Adayar,1.635,2,12,0,0,,residential,13
2016-12-29,Adayar,1.779,3,12,0,0,,residential,13
2016-12-30,Adayar,1.88,4,12,0,1,New Year,residential,13
2016-12-31,Adayar,2.434,5,12,1,1,New Year,residential,13
2017-01-01,Adayar,1.934,6,1,1,0,,residential,13
2017-01-02,Adayar,1.789,0,1,0,0,,residential,13
2017-01-03,Adayar,1.731,1,1,0,0,,residential,13
2017-01-04,Adayar,1.708,2,1,0,0,,residential,13
2017-01-05,Adayar,1.729,3,1,0,0,,residential,13
2017-01-06,Adayar,1.728,4,1,0,0,,residential,13
2017-01-07,Adayar,1.876,5,1,1,0,,residential,13
2017-01-08,Adayar,1.935,6,1,1,0,,residential,13
2017-01-09,Adayar,1.854,0,1,0,0,,residential,13
2017-01-10,Adayar,1.693,1,1,0,0,,residential,13
2017-01-11,Adayar,1.658,2,1,0,0,,residential,13
2017-01-12,Adayar,1.938,3,1,0,1,Pongal,residential,13
2017-01-13,Adayar,2.128,4,1,0,1,Pongal,residential,13
2017-01-14,Adayar,2.55,5,1,1,1,Pongal,residential,13
2017-01-15,Adayar,2.342,6,1,1,1,Pongal,residential,13
2017-01-16,Adayar,2.111,0,1,0,1,Pongal,residential,13
2017-01-17,Adayar,1.797,1,1,0,0,,residential,13
2017-01-18,Adayar,1.886,2,1,0,0,,residential,13
2017-01-19,Adayar,1.908,3,1,0,0,,residential,13
2017-01-20,Adayar,1.653,4,1,0,0,,residential,13
2017-01-21,Adayar,1.793,5,1,1,0,,residential,13
2017-01-22,Adayar,1.919,6,1,1,0,,residential,13
2017-01-23,Adayar,1.86,0,1,0,0,,residential,13
2017-01-24,Adayar,1.741,1,1,0,0,,residential,13
2017-01-25,Adayar,1.782,2,1,0,0,,residential,13
2017-01-26,Adayar,1.904,3,1,0,1,Republic Day,residential,13
2017-01-27,Adayar,1.709,4,1,0,0,,residential,13
2017-01-28,Adayar,1.888,5,1,1,0,,residential,13
2017-01-29,Adayar,1.908,6,1,1,0,,residential,13
2017-01-30,Adayar,1.879,0,1,0,0,,residential,13
2017-01-31,Adayar,1.72,1,1,0,0,,residential,13
2017-02-01,Adayar,1.73,2,2,0,0,,residential,13
2017-02-02,Adayar,1.775,3,2,0,0,,residential,13
2017-02-03,Adayar,1.735,4,2,0,0,,residential,13
2017-02-04,Adayar,1.984,5,2,1,0,,residential,13
2017-02-05,Adayar,1.867,6,2,1,0,,residential,13
2017-02-06,Adayar,1.77,0,2,0,0,,residential,13
2017-02-07,Adayar,1.761,1,2,0,0,,residential,13
2017-02-08,Adayar,1.766,2,2,0,0,,residential,13
2017-02-09,Adayar,1.7,3,2,0,0,,residential,13
2017-02-10,Adayar,1.816,4,2,0,0,,residential,13
2017-02-11,Adayar,2.031,5,2,1,0,,residential,13
2017-02-12,Adayar,1.884,6,2,1,0,,residential,13
2017-02-13,Adayar,1.914,0,2,0,0,,residential,13
2017-02-14,Adayar,1.62,1,2,0,0,,residential,13
2017-02-15,Adayar,1.802,2,2,0,0,,residential,13
2017-02-16,Adayar,1.7,3,2,0,0,,residential,13
2017-02-17,Adayar,1.796,4,2,0,0,,residential,13
2017-02-18,Adayar,1.864,5,2,1,0,,residential,13
2017-02-19,Adayar,1.916,6,2,1,0,,residential,13
2017-02-20,Adayar,1.788,0,2,0,0,,residential,13
2017-02-21,Adayar,1.734,1,2,0,0,,residential,13
2017-02-22,Adayar,1.841,2,2,0,0,,residential,13
2017-02-23,Adayar,1.74,3,2,0,0,,residential,13
2017-02-24,Adayar,1.856,4,2,0,0,,residential,13
2017-02-25,Adayar,1.898,5,2,1,0,,residential,13
2017-02-26,Adayar,2.006,6,2,1,0,,residential,13
2017-02-27,Adayar,1.743,0,2,0,0,,residential,13
2017-02-28,Adayar,1.73,1,2,0,0,,residential,13
2017-03-01,Adayar,1.803,2,3,0,0,,residential,13
2017-03-02,Adayar,1.917,3,3,0,0,,residential,13
2017-03-03,Adayar,1.843,4,3,0,0,,residential,13
2017-03-04,Adayar,1.889,5,3,1,0,,residential,13
2017-03-05,Adayar,1.936,6,3,1,0,,residential,13
2017-03-06,Adayar,1.866,0,3,0,0,,residential,13
2017-03-07,Adayar,1.884,1,3,0,0,,residential,13
2017-03-08,Adayar,1.877,2,3,0,0,,residential,13
2017-03-09,Adayar,1.816,3,3,0,0,,residential,13
2017-03-10,Adayar,1.802,4,3,0,0,,residential,13
2017-03-11,Adayar,2.059,5,3,1,0,,residential,13
2017-03-12,Adayar,1.947,6,3,1,0,,residential,13
2017-03-13,Adayar,1.951,0,3,0,0,,residential,13
2017-03-14,Adayar,1.853,1,3,0,0,,residential,13
2017-03-15,Adayar,1.817,2,3,0,0,,residential,13
2017-03-16,Adayar,1.854,3,3,0,0,,residential,13
2017-03-17,Adayar,1.838,4,3,0,0,,residential,13
2017-03-18,Adayar,2.046,5,3,1,0,,residential,13
2017-03-19,Adayar,1.935,6,3,1,0,,residential,13
2017-03-20,Adayar,1.96,0,3,0,0,,residential,13
2017-03-21,Adayar,1.889,1,3,0,0,,residential,13
2017-03-22,Adayar,1.85,2,3,0,0,,residential,13
2017-03-23,Adayar,1.866,3,3,0,0,,residential,13
2017-03-24,Adayar,1.826,4,3,0,0,,residential,13
2017-03-25,Adayar,2.07,5,3,1,0,,residential,13
2017-03-26,Adayar,2.02,6,3,1,0,,residential,13
2017-03-27,Adayar,1.858,0,3,0,0,,residential,13
2017-03-28,Adayar,1.878,1,3,0,0,,residential,13
2017-03-29,Adayar,1.743,2,3,0,0,,residential,13
2017-03-30,Adayar,1.848,3,3,0,0,,residential,13
2017-03-31,Adayar,1.811,4,3,0,0,,residential,13
2017-04-01,Adayar,2.06,5,4,1,0,,residential,13
2017-04-02,Adayar,2.099,6,4,1,0,,residential,13
2017-04-03,Adayar,1.951,0,4,0,0,,residential,13
2017-04-04,Adayar,1.928,1,4,0,0,,residential,13
2017-04-05,Adayar,1.902,2,4,0,0,,residential,13
2017-04-06,Adayar,1.863,3,4,0,0,,residential,13
2017-04-07,Adayar,1.975,4,4,0,0,,residential,13
2017-04-08,Adayar,2.101,5,4,1,0,,residential,13
2017-04-09,Adayar,2.128,6,4,1,0,,residential,13
2017-04-10,Adayar,2.078,0,4,0,0,,residential,13
2017-04-11,Adayar,1.978,1,4,0,0,,residential,13
2017-04-12,Adayar,1.932,2,4,0,0,,residential,13
2017-04-13,Adayar,2.117,3,4,0,1,Tamil New Year,residential,13
2017-04-14,Adayar,2.271,4,4,0,1,Tamil New Year,residential,13
2017-04-15,Adayar,2.364,5,4,1,1,Tamil New Year,residential,13
2017-04-16,Adayar,2.157,6,4,1,0,,residential,13
2017-04-17,Adayar,2.015,0,4,0,0,,residential,13
2017-04-18,Adayar,1.702,1,4,0,0,,residential,13
2017-04-19,Adayar,1.948,2,4,0,0,,residential,13
2017-04-20,Adayar,2.147,3,4,0,1,Eid,residential,13
2017-04-21,Adayar,2.258,4,4,0,1,Eid,residential,13
2017-04-22,Adayar,2.365,5,4,1,1,Eid,residential,13
2017-04-23,Adayar,2.128,6,4,1,0,,residential,13
2017-04-24,Adayar,1.953,0,4,0,0,,residential,13
2017-04-25,Adayar,1.971,1,4,0,0,,residential,13
2017-04-26,Adayar,1.826,2,4,0,0,,residential,13
2017-04-27,Adayar,1.895,3,4,0,0,,residential,13
2017-04-28,Adayar,1.89,4,4,0,0,,residential,13
2017-04-29,Adayar,2.037,5,4,1,0,,residential,13
2017-04-30,Adayar,2.108,6,4,1,0,,residential,13
2017-05-01,Adayar,2.072,0,5,0,0,,residential,13
2017-05-02,Adayar,1.97,1,5,0,0,,residential,13
2017-05-03,Adayar,1.94,2,5,0,0,,residential,13
2017-05-04,Adayar,1.802,3,5,0,0,,residential,13
2017-05-05,Adayar,1.823,4,5,0,0,,residential,13
2017-05-06,Adayar,2.099,5,5,1,0,,residential,13
2017-05-07,Adayar,2.086,6,5,1,0,,residential,13
2017-05-08,Adayar,1.964,0,5,0,0,,residential,13
2017-05-09,Adayar,2.007,1,5,0,0,,residential,13
2017-05-10,Adayar,1.905,2,5,0,0,,residential,13
2017-05-11,Adayar,1.93,3,5,0,0,,residential,13
2017-05-12,Adayar,1.955,4,5,0,0,,residential,13
2017-05-13,Adayar,2.092,5,5,1,0,,residential,13
2017-05-14,Adayar,2.251,6,5,1,0,,residential,13
2017-05-15,Adayar,1.937,0,5,0,0,,residential,13
2017-05-16,Adayar,1.864,1,5,0,0,,residential,13
2017-05-17,Adayar,1.845,2,5,0,0,,residential,13
2017-05-18,Adayar,1.988,3,5,0,0,,residential,13
2017-05-19,Adayar,1.944,4,5,0,0,,residential,13
2017-05-20,Adayar,2.054,5,5,1,0,,residential,13
2017-05-21,Adayar,2.034,6,5,1,0,,residential,13
2017-05-22,Adayar,2.076,0,5,0,0,,residential,13
2017-05-23,Adayar,1.919,1,5,0,0,,residential,13
2017-05-24,Adayar,1.979,2,5,0,0,,residential,13
2017-05-25,Adayar,1.895,3,5,0,0,,residential,13
2017-05-26,Adayar,1.928,4,5,0,0,,residential,13
2017-05-27,Adayar,2.107,5,5,1,0,,residential,13
2017-05-28,Adayar,2.049,6,5,1,0,,residential,13
2017-05-29,Adayar,1.985,0,5,0,0,,residential,13
2017-05-30,Adayar,1.831,1,5,0,0,,residential,13
2017-05-31,Adayar,1.927,2,5,0,0,,residential,13
2017-06-01,Adayar,1.757,3,6,0,0,,residential,13
2017-06-02,Adayar,1.769,4,6,0,0,,residential,13
2017-06-03,Adayar,1.927,5,6,1,0,,residential,13
2017-06-04,Adayar,1.882,6,6,1,0,,residential,13
2017-06-05,Adayar,1.888,0,6,0,0,,residential,13
2017-06-06,Adayar,1.764,1,6,0,0,,residential,13
2017-06-07,Adayar,1.789,2,6,0,0,,residential,13
2017-06-08,Adayar,1.793,3,6,0,0,,residential,13
2017-06-09,Adayar,1.711,4,6,0,0,,residential,13
2017-06-10,Adayar,1.912,5,6,1,0,,residential,13
2017-06-11,Adayar,1.933,6,6,1,0,,residential,13
2017-06-12,Adayar,1.742,0,6,0,0,,residential,13
2017-06-13,Adayar,1.66,1,6,0,0,,residential,13
2017-06-14,Adayar,1.651,2,6,0,0,,residential,13
2017-06-15,Adayar,1.712,3,6,0,0,,residential,13
2017-06-16,Adayar,1.701,4,6,0,0,,residential,13
2017-06-17,Adayar,1.808,5,6,1,0,,residential,13
2017-06-18,Adayar,1.898,6,6,1,0,,residential,13
2017-06-19,Adayar,1.799,0,6,0,0,,residential,13
2017-06-20,Adayar,1.779,1,6,0,0,,residential,13
2017-06-21,Adayar,1.822,2,6,0,0,,residential,13
2017-06-22,Adayar,1.741,3,6,0,0,,residential,13
2017-06-23,Adayar,1.682,4,6,0,0,,residential,13
2017-06-24,Adayar,1.926,5,6,1,0,,residential,13
2017-06-25,Adayar,1.89,6,6,1,0,,residential,13
2017-06-26,Adayar,1.791,0,6,0,0,,residential,13
2017-06-27,Adayar,1.673,1,6,0,0,,residential,13
2017-06-28,Adayar,1.694,2,6,0,0,,residential,13
2017-06-29,Adayar,1.709,3,6,0,0,,residential,13
2017-06-30,Adayar,1.759,4,6,0,0,,residential,13
2017-07-01,Adayar,1.919,5,7,1,0,,residential,13
2017-07-02,Adayar,1.993,6,7,1,0,,residential,13
2017-07-03,Adayar,1.84,0,7,0,0,,residential,13
2017-07-04,Adayar,1.74,1,7,0,0,,residential,13
2017-07-05,Adayar,1.702,2,7,0,0,,residential,13
2017-07-06,Adayar,1.664,3,7,0,0,,residential,13
2017-07-07,Adayar,1.688,4,7,0,0,,residential,13
2017-07-08,Adayar,1.85,5,7,1,0,,residential,13
2017-07-09,Adayar,1.744,6,7,1,0,,residential,13
2017-07-10,Adayar,1.749,0,7,0,0,,residential,13
2017-07-11,Adayar,1.8,1,7,0,0,,residential,13
2017-07-12,Adayar,1.737,2,7,0,0,,residential,13
2017-07-13,Adayar,1.698,3,7,0,0,,residential,13
2017-07-14,Adayar,1.738,4,7,0,0,,residential,13
2017-07-15,Adayar,1.779,5,7,1,0,,residential,13
2017-07-16,Adayar,1.906,6,7,1,0,,residential,13
2017-07-17,Adayar,1.873,0,7,0,0,,residential,13
2017-07-18,Adayar,1.712,1,7,0,0,,residential,13
2017-07-19,Adayar,1.626,2,7,0,0,,residential,13
2017-07-20,Adayar,1.696,3,7,0,0,,residential,13
2017-07-21,Adayar,1.784,4,7,0,0,,residential,13
2017-07-22,Adayar,1.904,5,7,1,0,,residential,13
2017-07-23,Adayar,1.809,6,7,1,0,,residential,13
2017-07-24,Adayar,1.932,0,7,0,0,,residential,13
2017-07-25,Adayar,1.653,1,7,0,0,,residential,13
2017-07-26,Adayar,1.705,2,7,0,0,,residential,13
2017-07-27,Adayar,1.664,3,7,0,0,,residential,13
2017-07-28,Adayar,1.664,4,7,0,0,,residential,13
2017-07-29,Adayar,1.864,5,7,1,0,,residential,13
2017-07-30,Adayar,1.926,6,7,1,0,,residential,13
2017-07-31,Adayar,1.874,0,7,0,0,,residential,13
2017-08-01,Adayar,1.698,1,8,0,0,,residential,13
2017-08-02,Adayar,1.666,2,8,0,0,,residential,13
2017-08-03,Adayar,1.742,3,8,0,0,,residential,13
2017-08-04,Adayar,1.744,4,8,0,0,,residential,13
2017-08-05,Adayar,1.903,5,8,1,0,,residential,13
2017-08-06,Adayar,1.905,6,8,1,0,,residential,13
2017-08-07,Adayar,1.798,0,8,0,0,,residential,13
2017-08-08,Adayar,1.723,1,8,0,0,,residential,13
2017-08-09,Adayar,1.708,2,8,0,0,,residential,13
2017-08-10,Adayar,1.773,3,8,0,0,,residential,13
2017-08-11,Adayar,1.833,4,8,0,0,,residential,13
2017-08-12,Adayar,1.9,5,8,1,0,,residential,13
2017-08-13,Adayar,1.889,6,8,1,0,,residential,13
2017-08-14,Adayar,1.818,0,8,0,0,,residential,13
2017-08-15,Adayar,1.852,1,8,0,1,Independence,residential,13
2017-08-16,Adayar,1.757,2,8,0,0,,residential,13
2017-08-17,Adayar,1.741,3,8,0,0,,residential,13
2017-08-18,Adayar,1.696,4,8,0,0,,residential,13
2017-08-19,Adayar,1.941,5,8,1,0,,residential,13
2017-08-20,Adayar,1.891,6,8,1,0,,residential,13
2017-08-21,Adayar,1.751,0,8,0,0,,residential,13
2017-08-22,Adayar,1.736,1,8,0,0,,residential,13
2017-08-23,Adayar,1.73,2,8,0,0,,residential,13
2017-08-24,Adayar,1.767,3,8,0,0,,residential,13
2017-08-25,Adayar,1.761,4,8,0,0,,residential,13
2017-08-26,Adayar,1.883,5,8,1,0,,residential,13
2017-08-27,Adayar,1.863,6,8,1,0,,residential,13
2017-08-28,Adayar,1.804,0,8,0,0,,residential,13
2017-08-29,Adayar,1.737,1,8,0,0,,residential,13
2017-08-30,Adayar,1.743,2,8,0,0,,residential,13
2017-08-31,Adayar,1.733,3,8,0,0,,residential,13
2017-09-01,Adayar,1.713,4,9,0,0,,residential,13
2017-09-02,Adayar,1.946,5,9,1,0,,residential,13
2017-09-03,Adayar,1.851,6,9,1,0,,residential,13
2017-09-04,Adayar,1.938,0,9,0,0,,residential,13
2017-09-05,Adayar,1.757,1,9,0,0,,residential,13
2017-09-06,Adayar,1.66,2,9,0,0,,residential,13
2017-09-07,Adayar,1.727,3,9,0,0,,residential,13
2017-09-08,Adayar,1.963,4,9,0,1,Ganesh Chathurthi,residential,13
2017-09-09,Adayar,2.306,5,9,1,1,Ganesh Chathurthi,residential,13
2017-09-10,Adayar,2.437,6,9,1,1,Ganesh Chathurthi,residential,13
2017-09-11,Adayar,2.155,0,9,0,1,Ganesh Chathurthi,residential,13
2017-09-12,Adayar,1.949,1,9,0,1,Ganesh Chathurthi,residential,13
2017-09-13,Adayar,1.627,2,9,0,0,,residential,13
2017-09-14,Adayar,1.643,3,9,0,0,,residential,13
2017-09-15,Adayar,1.745,4,9,0,0,,residential,13
2017-09-16,Adayar,1.877,5,9,1,0,,residential,13
2017-09-17,Adayar,1.85,6,9,1,0,,residential,13
2017-09-18,Adayar,1.777,0,9,0,0,,residential,13
2017-09-19,Adayar,1.642,1,9,0,0,,residential,13
2017-09-20,Adayar,1.743,2,9,0,0,,residential,13
2017-09-21,Adayar,1.676,3,9,0,0,,residential,13
2017-09-22,Adayar,1.69,4,9,0,0,,residential,13
2017-09-23,Adayar,1.909,5,9,1,0,,residential,13
2017-09-24,Adayar,1.875,6,9,1,0,,residential,13
2017-09-25,Adayar,1.766,0,9,0,0,,residential,13
2017-09-26,Adayar,1.615,1,9,0,0,,residential,13
2017-09-27,Adayar,1.737,2,9,0,0,,residential,13
2017-09-28,Adayar,1.722,3,9,0,0,,residential,13
2017-09-29,Adayar,1.691,4,9,0,0,,residential,13
2017-09-30,Adayar,1.831,5,9,1,0,,residential,13
2017-10-01,Adayar,1.99,6,10,1,0,,residential,13
2017-10-02,Adayar,1.926,0,10,0,0,,residential,13
2017-10-03,Adayar,1.814,1,10,0,0,,residential,13
2017-10-04,Adayar,2.134,2,10,0,1,Dussehra,residential,13
2017-10-05,Adayar,2.308,3,10,0,1,Dussehra,residential,13
2017-10-06,Adayar,2.028,4,10,0,1,Dussehra,residential,13
2017-10-07,Adayar,2.033,5,10,1,0,,residential,13
2017-10-08,Adayar,1.992,6,10,1,0,,residential,13
2017-10-09,Adayar,1.901,0,10,0,0,,residential,13
2017-10-10,Adayar,1.879,1,10,0,0,,residential,13
2017-10-11,Adayar,1.76,2,10,0,0,,residential,13
2017-10-12,Adayar,1.809,3,10,0,0,,residential,13
2017-10-13,Adayar,1.873,4,10,0,0,,residential,13
2017-10-14,Adayar,2.007,5,10,1,0,,residential,13
2017-10-15,Adayar,1.967,6,10,1,0,,residential,13
2017-10-16,Adayar,1.801,0,10,0,0,,residential,13
2017-10-17,Adayar,1.685,1,10,0,0,,residential,13
2017-10-18,Adayar,1.921,2,10,0,0,,residential,13
2017-10-19,Adayar,1.825,3,10,0,0,,residential,13
2017-10-20,Adayar,1.777,4,10,0,0,,residential,13
2017-10-21,Adayar,2.01,5,10,1,0,,residential,13
2017-10-22,Adayar,2.19,6,10,1,1,Deepavali,residential,13
2017-10-23,Adayar,2.381,0,10,0,1,Deepavali,residential,13
2017-10-24,Adayar,2.46,1,10,0,1,Deepavali,residential,13
2017-10-25,Adayar,2.193,2,10,0,1,Deepavali,residential,13
2017-10-26,Adayar,1.92,3,10,0,1,Deepavali,residential,13
2017-10-27,Adayar,1.722,4,10,0,0,,residential,13
2017-10-28,Adayar,2.05,5,10,1,0,,residential,13
2017-10-29,Adayar,1.93,6,10,1,0,,residential,13
2017-10-30,Adayar,1.929,0,10,0,0,,residential,13
2017-10-31,Adayar,1.86,1,10,0,0,,residential,13
2017-11-01,Adayar,1.809,2,11,0,0,,residential,13
2017-11-02,Adayar,1.792,3,11,0,0,,residential,13
2017-11-03,Adayar,1.815,4,11,0,0,,residential,13
2017-11-04,Adayar,1.964,5,11,1,0,,residential,13
2017-11-05,Adayar,2.061,6,11,1,0,,residential,13
2017-11-06,Adayar,2.006,0,11,0,0,,residential,13
2017-11-07,Adayar,1.887,1,11,0,0,,residential,13
2017-11-08,Adayar,1.692,2,11,0,0,,residential,13
2017-11-09,Adayar,1.785,3,11,0,0,,residential,13
2017-11-10,Adayar,1.808,4,11,0,0,,residential,13
2017-11-11,Adayar,2.017,5,11,1,0,,residential,13
2017-11-12,Adayar,1.886,6,11,1,0,,residential,13
2017-11-13,Adayar,1.799,0,11,0,0,,residential,13
2017-11-14,Adayar,1.879,1,11,0,0,,residential,13
2017-11-15,Adayar,1.778,2,11,0,0,,residential,13
2017-11-16,Adayar,1.728,3,11,0,0,,residential,13
2017-11-17,Adayar,1.748,4,11,0,0,,residential,13
2017-11-18,Adayar,2.012,5,11,1,0,,residential,13
2017-11-19,Adayar,1.94,6,11,1,0,,residential,13
2017-11-20,Adayar,1.912,0,11,0,0,,residential,13
2017-11-21,Adayar,1.755,1,11,0,0,,residential,13
2017-11-22,Adayar,1.714,2,11,0,0,,residential,13
2017-11-23,Adayar,1.885,3,11,0,0,,residential,13
2017-11-24,Adayar,1.83,4,11,0,0,,residential,13
2017-11-25,Adayar,1.969,5,11,1,0,,residential,13
2017-11-26,Adayar,1.958,6,11,1,0,,residential,13
2017-11-27,Adayar,1.982,0,11,0,0,,residential,13
2017-11-28,Adayar,1.84,1,11,0,0,,residential,13
2017-11-29,Adayar,1.87,2,11,0,0,,residential,13
2017-11-30,Adayar,1.777,3,11,0,0,,residential,13
2017-12-01,Adayar,1.811,4,12,0,0,,residential,13
2017-12-02,Adayar,2.013,5,12,1,0,,residential,13
2017-12-03,Adayar,1.956,6,12,1,0,,residential,13
2017-12-04,Adayar,1.893,0,12,0,0,,residential,13
2017-12-05,Adayar,1.777,1,12,0,0,,residential,13
2017-12-06,Adayar,1.83,2,12,0,0,,residential,13
2017-12-07,Adayar,1.737,3,12,0,0,,residential,13
2017-12-08,Adayar,1.839,4,12,0,0,,residential,13
2017-12-09,Adayar,2.008,5,12,1,0,,residential,13
2017-12-10,Adayar,1.977,6,12,1,0,,residential,13
2017-12-11,Adayar,1.924,0,12,0,0,,residential,13
2017-12-12,Adayar,1.788,1,12,0,0,,residential,13
2017-12-13,Adayar,1.772,2,12,0,0,,residential,13
2017-12-14,Adayar,1.838,3,12,0,0,,residential,13
2017-12-15,Adayar,1.84,4,12,0,0,,residential,13
2017-12-16,Adayar,1.959,5,12,1,0,,residential,13
2017-12-17,Adayar,1.954,6,12,1,0,,residential,13
2017-12-18,Adayar,1.888,0,12,0,0,,residential,13
2017-12-19,Adayar,1.778,1,12,0,0,,residential,13
2017-12-20,Adayar,1.891,2,12,0,0,,residential,13
2017-12-21,Adayar,1.825,3,12,0,0,,residential,13
2017-12-22,Adayar,1.809,4,12,0,0,,residential,13
2017-12-23,Adayar,1.933,5,12,1,0,,residential,13
2017-12-24,Adayar,2.186,6,12,1,1,Christmas,residential,13
2017-12-25,Adayar,2.143,0,12,0,1,Christmas,residential,13
2017-12-26,Adayar,1.906,1,12,0,1,Christmas,residential,13
2017-12-27,Adayar,1.85,2,12,0,0,,residential,13
2017-12-28,Adayar,1.829,3,12,0,0,,residential,13
2017-12-29,Adayar,1.672,4,12,0,0,,residential,13
2017-12-30,Adayar,2.178,5,12,1,1,New Year,residential,13
2017-12-31,Adayar,2.396,6,12,1,1,New Year,residential,13
2018-01-01,Adayar,1.879,0,1,0,0,,residential,13
2018-01-02,Adayar,1.817,1,1,0,0,,residential,13
2018-01-03,Adayar,1.71,2,1,0,0,,residential,13
2018-01-04,Adayar,1.655,3,1,0,0,,residential,13
2018-01-05,Adayar,1.755,4,1,0,0,,residential,13
2018-01-06,Adayar,2.006,5,1,1,0,,residential,13
2018-01-07,Adayar,1.797,6,1,1,0,,residential,13
2018-01-08,Adayar,1.851,0,1,0,0,,residential,13
2018-01-09,Adayar,1.704,1,1,0,0,,residential,13
2018-01-10,Adayar,1.795,2,1,0,0,,residential,13
2018-01-11,Adayar,1.914,3,1,0,0,,residential,13
2018-01-12,Adayar,1.976,4,1,0,1,Pongal,residential,13
2018-01-13,Adayar,2.379,5,1,1,1,Pongal,residential,13
2018-01-14,Adayar,2.651,6,1,1,1,Pongal,residential,13
2018-01-15,Adayar,2.28,0,1,0,1,Pongal,residential,13
2018-01-16,Adayar,1.976,1,1,0,1,Pongal,residential,13
2018-01-17,Adayar,1.858,2,1,0,0,,residential,13
2018-01-18,Adayar,1.834,3,1,0,0,,residential,13
2018-01-19,Adayar,1.824,4,1,0,0,,residential,13
2018-01-20,Adayar,1.981,5,1,1,0,,residential,13
2018-01-21,Adayar,1.968,6,1,1,0,,residential,13
2018-01-22,Adayar,1.951,0,1,0,0,,residential,13
2018-01-23,Adayar,1.79,1,1,0,0,,residential,13
2018-01-24,Adayar,1.875,2,1,0,0,,residential,13
2018-01-25,Adayar,1.751,3,1,0,0,,residential,13
2018-01-26,Adayar,2.075,4,1,0,1,Republic Day,residential,13
2018-01-27,Adayar,2.017,5,1,1,0,,residential,13
2018-01-28,Adayar,1.931,6,1,1,0,,residential,13
2018-01-29,Adayar,1.928,0,1,0,0,,residential,13
2018-01-30,Adayar,1.773,1,1,0,0,,residential,13
2018-01-31,Adayar,1.81,2,1,0,0,,residential,13
2018-02-01,Adayar,1.782,3,2,0,0,,residential,13
2018-02-02,Adayar,1.801,4,2,0,0,,residential,13
2018-02-03,Adayar,2.045,5,2,1,0,,residential,13
2018-02-04,Adayar,2.02,6,2,1,0,,residential,13
2018-02-05,Adayar,1.835,0,2,0,0,,residential,13
2018-02-06,Adayar,1.75,1,2,0,0,,residential,13
2018-02-07,Adayar,1.823,2,2,0,0,,residential,13
2018-02-08,Adayar,1.827,3,2,0,0,,residential,13
2018-02-09,Adayar,1.772,4,2,0,0,,residential,13
2018-02-10,Adayar,2.084,5,2,1,0,,residential,13
2018-02-11,Adayar,2.038,6,2,1,0,,residential,13
2018-02-12,Adayar,1.863,0,2,0,0,,residential,13
2018-02-13,Adayar,1.769,1,2,0,0,,residential,13
2018-02-14,Adayar,1.796,2,2,0,0,,residential,13
2018-02-15,Adayar,1.79,3,2,0,0,,residential,13
2018-02-16,Adayar,1.876,4,2,0,0,,residential,13
2018-02-17,Adayar,2.048,5,2,1,0,,residential,13
2018-02-18,Adayar,1.991,6,2,1,0,,residential,13
2018-02-19,Adayar,1.937,0,2,0,0,,residential,13
2018-02-20,Adayar,1.853,1,2,0,0,,residential,13
2018-02-21,Adayar,1.811,2,2,0,0,,residential,13
2018-02-22,Adayar,1.83,3,2,0,0,,residential,13
2018-02-23,Adayar,1.84,4,2,0,0,,residential,13
2018-02-24,Adayar,2.018,5,2,1,0,,residential,13
2018-02-25,Adayar,1.943,6,2,1,0,,residential,13
2018-02-26,Adayar,1.86,0,2,0,0,,residential,13
2018-02-27,Adayar,1.793,1,2,0,0,,residential,13
2018-02-28,Adayar,1.77,2,2,0,0,,residential,13
2018-03-01,Adayar,1.815,3,3,0,0,,residential,13
2018-03-02,Adayar,1.937,4,3,0,0,,residential,13
2018-03-03,Adayar,2.11,5,3,1,0,,residential,13
2018-03-04,Adayar,2.005,6,3,1,0,,residential,13
2018-03-05,Adayar,1.979,0,3,0,0,,residential,13
2018-03-06,Adayar,1.888,1,3,0,0,,residential,13
2018-03-07,Adayar,1.909,2,3,0,0,,residential,13
2018-03-08,Adayar,1.837,3,3,0,0,,residential,13
2018-03-09,Adayar,1.822,4,3,0,0,,residential,13
2018-03-10,Adayar,2.121,5,3,1,0,,residential,13
2018-03-11,Adayar,1.992,6,3,1,0,,residential,13
2018-03-12,Adayar,1.98,0,3,0,0,,residential,13
2018-03-13,Adayar,1.88,1,3,0,0,,residential,13
2018-03-14,Adayar,1.892,2,3,0,0,,residential,13
2018-03-15,Adayar,1.913,3,3,0,0,,residential,13
2018-03-16,Adayar,1.99,4,3,0,0,,residential,13
2018-03-17,Adayar,1.988,5,3,1,0,,residential,13
2018-03-18,Adayar,2.143,6,3,1,0,,residential,13
2018-03-19,Adayar,1.843,0,3,0,0,,residential,13
2018-03-20,Adayar,1.978,1,3,0,0,,residential,13
2018-03-21,Adayar,1.782,2,3,0,0,,residential,13
2018-03-22,Adayar,2.037,3,3,0,0,,residential,13
2018-03-23,Adayar,1.876,4,3,0,0,,residential,13
2018-03-24,Adayar,2.169,5,3,1,0,,residential,13
2018-03-25,Adayar,2.156,6,3,1,0,,residential,13
2018-03-26,Adayar,1.967,0,3,0,0,,residential,13
2018-03-27,Adayar,1.878,1,3,0,0,,residential,13
2018-03-28,Adayar,1.851,2,3,0,0,,residential,13
2018-03-29,Adayar,1.943,3,3,0,0,,residential,13
2018-03-30,Adayar,1.875,4,3,0,0,,residential,13
2018-03-31,Adayar,2.037,5,3,1,0,,residential,13
2015-04-01,Alandur,0.589,2,4,0,0,,residential,12
2015-04-02,Alandur,0.587,3,4,0,0,,residential,12
2015-04-03,Alandur,0.598,4,4,0,0,,residential,12
2015-04-04,Alandur,0.668,5,4,1,0,,residential,12
2015-04-05,Alandur,0.652,6,4,1,0,,residential,12
2015-04-06,Alandur,0.596,0,4,0,0,,residential,12
2015-04-07,Alandur,0.592,1,4,0,0,,residential,12
2015-04-08,Alandur,0.636,2,4,0,0,,residential,12
2015-04-09,Alandur,0.619,3,4,0,0,,residential,12
2015-04-10,Alandur,0.537,4,4,0,0,,residential,12
2015-04-11,Alandur,0.65,5,4,1,0,,residential,12
2015-04-12,Alandur,0.667,6,4,1,0,,residential,12
2015-04-13,Alandur,0.693,0,4,0,1,Tamil New Year,residential,12
2015-04-14,Alandur,0.727,1,4,0,1,Tamil New Year,residential,12
2015-04-15,Alandur,0.658,2,4,0,1,Tamil New Year,residential,12
2015-04-16,Alandur,0.599,3,4,0,0,,residential,12
2015-04-17,Alandur,0.569,4,4,0,0,,residential,12
2015-04-18,Alandur,0.672,5,4,1,0,,residential,12
2015-04-19,Alandur,0.648,6,4,1,0,,residential,12
2015-04-20,Alandur,0.662,0,4,0,1,Eid,residential,12
2015-04-21,Alandur,0.732,1,4,0,1,Eid,residential,12
2015-04-22,Alandur,0.619,2,4,0,1,Eid,residential,12
2015-04-23,Alandur,0.58,3,4,0,0,,residential,12
2015-04-24,Alandur,0.58,4,4,0,0,,residential,12
2015-04-25,Alandur,0.69,5,4,1,0,,residential,12
2015-04-26,Alandur,0.635,6,4,1,0,,residential,12
2015-04-27,Alandur,0.579,0,4,0,0,,residential,12
2015-04-28,Alandur,0.579,1,4,0,0,,residential,12
2015-04-29,Alandur,0.598,2,4,0,0,,residential,12
2015-04-30,Alandur,0.604,3,4,0,0,,residential,12
2015-05-01,Alandur,0.63,4,5,0,0,,residential,12
2015-05-02,Alandur,0.676,5,5,1,0,,residential,12
2015-05-03,Alandur,0.652,6,5,1,0,,residential,12
2015-05-04,Alandur,0.603,0,5,0,0,,residential,12
2015-05-05,Alandur,0.618,1,5,0,0,,residential,12
2015-05-06,Alandur,0.583,2,5,0,0,,residential,12
2015-05-07,Alandur,0.578,3,5,0,0,,residential,12
2015-05-08,Alandur,0.582,4,5,0,0,,residential,12
2015-05-09,Alandur,0.624,5,5,1,0,,residential,12
2015-05-10,Alandur,0.64,6,5,1,0,,residential,12
2015-05-11,Alandur,0.615,0,5,0,0,,residential,12
2015-05-12,Alandur,0.603,1,5,0,0,,residential,12
2015-05-13,Alandur,0.583,2,5,0,0,,residential,12
2015-05-14,Alandur,0.567,3,5,0,0,,residential,12
2015-05-15,Alandur,0.561,4,5,0,0,,residential,12
2015-05-16,Alandur,0.653,5,5,1,0,,residential,12
2015-05-17,Alandur,0.65,6,5,1,0,,residential,12
2015-05-18,Alandur,0.609,0,5,0,0,,residential,12
2015-05-19,Alandur,0.581,1,5,0,0,,residential,12
2015-05-20,Alandur,0.597,2,5,0,0,,residential,12
2015-05-21,Alandur,0.614,3,5,0,0,,residential,12
2015-05-22,Alandur,0.576,4,5,0,0,,residential,12
2015-05-23,Alandur,0.65,5,5,1,0,,residential,12
2015-05-24,Alandur,0.667,6,5,1,0,,residential,12
2015-05-25,Alandur,0.605,0,5,0,0,,residential,12
2015-05-26,Alandur,0.589,1,5,0,0,,residential,12
2015-05-27,Alandur,0.589,2,5,0,0,,residential,12
2015-05-28,Alandur,0.567,3,5,0,0,,residential,12
2015-05-29,Alandur,0.593,4,5,0,0,,residential,12
2015-05-30,Alandur,0.649,5,5,1,0,,residential,12
2015-05-31,Alandur,0.66,6,5,1,0,,residential,12
2015-06-01,Alandur,0.54,0,6,0,0,,residential,12
2015-06-02,Alandur,0.534,1,6,0,0,,residential,12
2015-06-03,Alandur,0.556,2,6,0,0,,residential,12
2015-06-04,Alandur,0.567,3,6,0,0,,residential,12
2015-06-05,Alandur,0.554,4,6,0,0,,residential,12
2015-06-06,Alandur,0.566,5,6,1,0,,residential,12
2015-06-07,Alandur,0.595,6,6,1,0,,residential,12
2015-06-08,Alandur,0.552,0,6,0,0,,residential,12
2015-06-09,Alandur,0.538,1,6,0,0,,residential,12
2015-06-10,Alandur,0.521,2,6,0,0,,residential,12
2015-06-11,Alandur,0.506,3,6,0,0,,residential,12
2015-06-12,Alandur,0.528,4,6,0,0,,residential,12
2015-06-13,Alandur,0.6,5,6,1,0,,residential,12
2015-06-14,Alandur,0.592,6,6,1,0,,residential,12
2015-06-15,Alandur,0.567,0,6,0,0,,residential,12
2015-06-16,Alandur,0.537,1,6,0,0,,residential,12
2015-06-17,Alandur,0.54,2,6,0,0,,residential,12
2015-06-18,Alandur,0.542,3,6,0,0,,residential,12
2015-06-19,Alandur,0.529,4,6,0,0,,residential,12
2015-06-20,Alandur,0.588,5,6,1,0,,residential,12
2015-06-21,Alandur,0.618,6,6,1,0,,residential,12
2015-06-22,Alandur,0.563,0,6,0,0,,residential,12
2015-06-23,Alandur,0.534,1,6,0,0,,residential,12
2015-06-24,Alandur,0.535,2,6,0,0,,residential,12
2015-06-25,Alandur,0.53,3,6,0,0,,residential,12
2015-06-26,Alandur,0.527,4,6,0,0,,residential,12
2015-06-27,Alandur,0.591,5,6,1,0,,residential,12
2015-06-28,Alandur,0.578,6,6,1,0,,residential,12
2015-06-29,Alandur,0.558,0,6,0,0,,residential,12
2015-06-30,Alandur,0.521,1,6,0,0,,residential,12
2015-07-01,Alandur,0.535,2,7,0,0,,residential,12
2015-07-02,Alandur,0.543,3,7,0,0,,residential,12
2015-07-03,Alandur,0.53,4,7,0,0,,residential,12
2015-07-04,Alandur,0.552,5,7,1,0,,residential,12
2015-07-05,Alandur,0.597,6,7,1,0,,residential,12
2015-07-06,Alandur,0.562,0,7,0,0,,residential,12
2015-07-07,Alandur,0.518,1,7,0,0,,residential,12
2015-07-08,Alandur,0.546,2,7,0,0,,residential,12
2015-07-09,Alandur,0.511,3,7,0,0,,residential,12
2015-07-10,Alandur,0.55,4,7,0,0,,residential,12
2015-07-11,Alandur,0.586,5,7,1,0,,residential,12
2015-07-12,Alandur,0.547,6,7,1,0,,residential,12
2015-07-13,Alandur,0.563,0,7,0,0,,residential,12
2015-07-14,Alandur,0.527,1,7,0,0,,residential,12
2015-07-15,Alandur,0.525,2,7,0,0,,residential,12
2015-07-16,Alandur,0.522,3,7,0,0,,residential,12
2015-07-17,Alandur,0.532,4,7,0,0,,residential,12
2015-07-18,Alandur,0.578,5,7,1,0,,residential,12
2015-07-19,Alandur,0.554,6,7,1,0,,residential,12
2015-07-20,Alandur,0.582,0,7,0,0,,residential,12
2015-07-21,Alandur,0.53,1,7,0,0,,residential,12
2015-07-22,Alandur,0.522,2,7,0,0,,residential,12
2015-07-23,Alandur,0.515,3,7,0,0,,residential,12
2015-07-24,Alandur,0.546,4,7,0,0,,residential,12
2015-07-25,Alandur,0.564,5,7,1,0,,residential,12
2015-07-26,Alandur,0.589,6,7,1,0,,residential,12
2015-07-27,Alandur,0.55,0,7,0,0,,residential,12
2015-07-28,Alandur,0.525,1,7,0,0,,residential,12
2015-07-29,Alandur,0.516,2,7,0,0,,residential,12
2015-07-30,Alandur,0.524,3,7,0,0,,residential,12
2015-07-31,Alandur,0.534,4,7,0,0,,residential,12
2015-08-01,Alandur,0.591,5,8,1,0,,residential,12
2015-08-02,Alandur,0.573,6,8,1,0,,residential,12
2015-08-03,Alandur,0.559,0,8,0,0,,residential,12
2015-08-04,Alandur,0.548,1,8,0,0,,residential,12
2015-08-05,Alandur,0.507,2,8,0,0,,residential,12
2015-08-06,Alandur,0.533,3,8,0,0,,residential,12
2015-08-07,Alandur,0.518,4,8,0,0,,residential,12
2015-08-08,Alandur,0.568,5,8,1,0,,residential,12
2015-08-09,Alandur,0.592,6,8,1,0,,residential,12
2015-08-10,Alandur,0.551,0,8,0,0,,residential,12
2015-08-11,Alandur,0.514,1,8,0,0,,residential,12
2015-08-12,Alandur,0.555,2,8,0,0,,residential,12
2015-08-13,Alandur,0.548,3,8,0,0,,residential,12
2015-08-14,Alandur,0.503,4,8,0,0,,residential,12
2015-08-15,Alandur,0.617,5,8,1,1,Independence,residential,12
2015-08-16,Alandur,0.597,6,8,1,0,,residential,12
2015-08-17,Alandur,0.555,0,8,0,0,,residential,12
2015-08-18,Alandur,0.558,1,8,0,0,,residential,12
2015-08-19,Alandur,0.543,2,8,0,0,,residential,12
2015-08-20,Alandur,0.538,3,8,0,0,,residential,12
2015-08-21,Alandur,0.517,4,8,0,0,,residential,12
2015-08-22,Alandur,0.596,5,8,1,0,,residential,12
2015-08-23,Alandur,0.564,6,8,1,0,,residential,12
2015-08-24,Alandur,0.582,0,8,0,0,,residential,12
2015-08-25,Alandur,0.54,1,8,0,0,,residential,12
2015-08-26,Alandur,0.52,2,8,0,0,,residential,12
2015-08-27,Alandur,0.546,3,8,0,0,,residential,12
2015-08-28,Alandur,0.569,4,8,0,0,,residential,12
2015-08-29,Alandur,0.583,5,8,1,0,,residential,12
2015-08-30,Alandur,0.597,6,8,1,0,,residential,12
2015-08-31,Alandur,0.553,0,8,0,0,,residential,12
2015-09-01,Alandur,0.535,1,9,0,0,,residential,12
2015-09-02,Alandur,0.509,2,9,0,0,,residential,12
2015-09-03,Alandur,0.534,3,9,0,0,,residential,12
2015-09-04,Alandur,0.534,4,9,0,0,,residential,12
2015-09-05,Alandur,0.619,5,9,1,0,,residential,12
2015-09-06,Alandur,0.555,6,9,1,0,,residential,12
2015-09-07,Alandur,0.556,0,9,0,0,,residential,12
2015-09-08,Alandur,0.619,1,9,0,1,Ganesh Chathurthi,residential,12
2015-09-09,Alandur,0.653,2,9,0,1,Ganesh Chathurthi,residential,12
2015-09-10,Alandur,0.717,3,9,0,1,Ganesh Chathurthi,residential,12
2015-09-11,Alandur,0.642,4,9,0,1,Ganesh Chathurthi,residential,12
2015-09-12,Alandur,0.637,5,9,1,1,Ganesh Chathurthi,residential,12
2015-09-13,Alandur,0.555,6,9,1,0,,residential,12
2015-09-14,Alandur,0.55,0,9,0,0,,residential,12
2015-09-15,Alandur,0.518,1,9,0,0,,residential,12
2015-09-16,Alandur,0.535,2,9,0,0,,residential,12
2015-09-17,Alandur,0.521,3,9,0,0,,residential,12
2015-09-18,Alandur,0.526,4,9,0,0,,residential,12
2015-09-19,Alandur,0.579,5,9,1,0,,residential,12
2015-09-20,Alandur,0.586,6,9,1,0,,residential,12
2015-09-21,Alandur,0.551,0,9,0,0,,residential,12
2015-09-22,Alandur,0.517,1,9,0,0,,residential,12
2015-09-23,Alandur,0.535,2,9,0,0,,residential,12
2015-09-24,Alandur,0.551,3,9,0,0,,residential,12
2015-09-25,Alandur,0.536,4,9,0,0,,residential,12
2015-09-26,Alandur,0.576,5,9,1,0,,residential,12
2015-09-27,Alandur,0.585,6,9,1,0,,residential,12
2015-09-28,Alandur,0.526,0,9,0,0,,residential,12
2015-09-29,Alandur,0.531,1,9,0,0,,residential,12
2015-09-30,Alandur,0.527,2,9,0,0,,residential,12
2015-10-01,Alandur,0.546,3,10,0,0,,residential,12
2015-10-02,Alandur,0.549,4,10,0,0,,residential,12
2015-10-03,Alandur,0.61,5,10,1,0,,residential,12
2015-10-04,Alandur,0.716,6,10,1,1,Dussehra,residential,12
2015-10-05,Alandur,0.761,0,10,0,1,Dussehra,residential,12
2015-10-06,Alandur,0.614,1,10,0,1,Dussehra,residential,12
2015-10-07,Alandur,0.553,2,10,0,0,,residential,12
2015-10-08,Alandur,0.553,3,10,0,0,,residential,12
2015-10-09,Alandur,0.575,4,10,0,0,,residential,12
2015-10-10,Alandur,0.621,5,10,1,0,,residential,12
2015-10-11,Alandur,0.62,6,10,1,0,,residential,12
2015-10-12,Alandur,0.599,0,10,0,0,,residential,12
2015-10-13,Alandur,0.552,1,10,0,0,,residential,12
2015-10-14,Alandur,0.585,2,10,0,0,,residential,12
2015-10-15,Alandur,0.562,3,10,0,0,,residential,12
2015-10-16,Alandur,0.547,4,10,0,0,,residential,12
2015-10-17,Alandur,0.614,5,10,1,0,,residential,12
2015-10-18,Alandur,0.641,6,10,1,0,,residential,12
2015-10-19,Alandur,0.582,0,10,0,0,,residential,12
2015-10-20,Alandur,0.578,1,10,0,0,,residential,12
2015-10-21,Alandur,0.551,2,10,0,0,,residential,12
2015-10-22,Alandur,0.622,3,10,0,1,Deepavali,residential,12
2015-10-23,Alandur,0.725,4,10,0,1,Deepavali,residential,12
2015-10-24,Alandur,0.842,5,10,1,1,Deepavali,residential,12
2015-10-25,Alandur,0.802,6,10,1,1,Deepavali,residential,12
2015-10-26,Alandur,0.675,0,10,0,1,Deepavali,residential,12
2015-10-27,Alandur,0.547,1,10,0,0,,residential,12
2015-10-28,Alandur,0.56,2,10,0,0,,residential,12
2015-10-29,Alandur,0.552,3,10,0,0,,residential,12
2015-10-30,Alandur,0.568,4,10,0,0,,residential,12
2015-10-31,Alandur,0.653,5,10,1,0,,residential,12
2015-11-01,Alandur,0.611,6,11,1,0,,residential,12
2015-11-02,Alandur,0.599,0,11,0,0,,residential,12
2015-11-03,Alandur,0.562,1,11,0,0,,residential,12
2015-11-04,Alandur,0.562,2,11,0,0,,residential,12
2015-11-05,Alandur,0.559,3,11,0,0,,residential,12
2015-11-06,Alandur,0.547,4,11,0,0,,residential,12
2015-11-07,Alandur,0.624,5,11,1,0,,residential,12
2015-11-08,Alandur,0.612,6,11,1,0,,residential,12
2015-11-09,Alandur,0.574,0,11,0,0,,residential,12
2015-11-10,Alandur,0.579,1,11,0,0,,residential,12
2015-11-11,Alandur,0.563,2,11,0,0,,residential,12
2015-11-12,Alandur,0.558,3,11,0,0,,residential,12
2015-11-13,Alandur,0.584,4,11,0,0,,residential,12
2015-11-14,Alandur,0.584,5,11,1,0,,residential,12
2015-11-15,Alandur,0.641,6,11,1,0,,residential,12
2015-11-16,Alandur,0.574,0,11,0,0,,residential,12
2015-11-17,Alandur,0.565,1,11,0,0,,residential,12
2015-11-18,Alandur,0.552,2,11,0,0,,residential,12
2015-11-19,Alandur,0.546,3,11,0,0,,residential,12
2015-11-20,Alandur,0.584,4,11,0,0,,residential,12
2015-11-21,Alandur,0.652,5,11,1,0,,residential,12
2015-11-22,Alandur,0.614,6,11,1,0,,residential,12
2015-11-23,Alandur,0.596,0,11,0,0,,residential,12
2015-11-24,Alandur,0.563,1,11,0,0,,residential,12
2015-11-25,Alandur,0.591,2,11,0,0,,residential,12
2015-11-26,Alandur,0.526,3,11,0,0,,residential,12
2015-11-27,Alandur,0.568,4,11,0,0,,residential,12
2015-11-28,Alandur,0.604,5,11,1,0,,residential,12
2015-11-29,Alandur,0.574,6,11,1,0,,residential,12
2015-11-30,Alandur,0.583,0,11,0,0,,residential,12
2015-12-01,Alandur,0.593,1,12,0,0,,residential,12
2015-12-02,Alandur,0.551,2,12,0,0,,residential,12
2015-12-03,Alandur,0.575,3,12,0,0,,residential,12
2015-12-04,Alandur,0.582,4,12,0,0,,residential,12
2015-12-05,Alandur,0.618,5,12,1,0,,residential,12
2015-12-06,Alandur,0.62,6,12,1,0,,residential,12
2015-12-07,Alandur,0.559,0,12,0,0,,residential,12
2015-12-08,Alandur,0.55,1,12,0,0,,residential,12
2015-12-09,Alandur,0.577,2,12,0,0,,residential,12
2015-12-10,Alandur,0.563,3,12,0,0,,residential,12
2015-12-11,Alandur,0.568,4,12,0,0,,residential,12
2015-12-12,Alandur,0.62,5,12,1,0,,residential,12
2015-12-13,Alandur,0.658,6,12,1,0,,residential,12
2015-12-14,Alandur,0.582,0,12,0,0,,residential,12
2015-12-15,Alandur,0.589,1,12,0,0,,residential,12
2015-12-16,Alandur,0.564,2,12,0,0,,residential,12
2015-12-17,Alandur,0.59,3,12,0,0,,residential,12
2015-12-18,Alandur,0.541,4,12,0,0,,residential,12
2015-12-19,Alandur,0.621,5,12,1,0,,residential,12
2015-12-20,Alandur,0.611,6,12,1,0,,residential,12
2015-12-21,Alandur,0.592,0,12,0,0,,residential,12
2015-12-22,Alandur,0.582,1,12,0,0,,residential,12
2015-12-23,Alandur,0.568,2,12,0,0,,residential,12
2015-12-24,Alandur,0.626,3,12,0,1,Christmas,residential,12
2015-12-25,Alandur,0.633,4,12,0,1,Christmas,residential,12
2015-12-26,Alandur,0.648,5,12,1,1,Christmas,residential,12
2015-12-27,Alandur,0.618,6,12,1,0,,residential,12
2015-12-28,Alandur,0.589,0,12,0,0,,residential,12
2015-12-29,Alandur,0.559,1,12,0,0,,residential,12
2015-12-30,Alandur,0.6,2,12,0,1,New Year,residential,12
2015-12-31,Alandur,0.698,3,12,0,1,New Year,residential,12
2016-01-01,Alandur,0.556,4,1,0,0,,residential,12
2016-01-02,Alandur,0.644,5,1,1,0,,residential,12
2016-01-03,Alandur,0.618,6,1,1,0,,residential,12
2016-01-04,Alandur,0.601,0,1,0,0,,residential,12
2016-01-05,Alandur,0.571,1,1,0,0,,residential,12
2016-01-06,Alandur,0.548,2,1,0,0,,residential,12
2016-01-07,Alandur,0.568,3,1,0,0,,residential,12
2016-01-08,Alandur,0.594,4,1,0,0,,residential,12
2016-01-09,Alandur,0.622,5,1,1,0,,residential,12
2016-01-10,Alandur,0.635,6,1,1,0,,residential,12
2016-01-11,Alandur,0.602,0,1,0,0,,residential,12
2016-01-12,Alandur,0.623,1,1,0,1,Pongal,residential,12
2016-01-13,Alandur,0.678,2,1,0,1,Pongal,residential,12
2016-01-14,Alandur,0.742,3,1,0,1,Pongal,residential,12
2016-01-15,Alandur,0.689,4,1,0,1,Pongal,residential,12
2016-01-16,Alandur,0.652,5,1,1,1,Pongal,residential,12
2016-01-17,Alandur,0.622,6,1,1,0,,residential,12
2016-01-18,Alandur,0.586,0,1,0,0,,residential,12
2016-01-19,Alandur,0.555,1,1,0,0,,residential,12
2016-01-20,Alandur,0.583,2,1,0,0,,residential,12
2016-01-21,Alandur,0.549,3,1,0,0,,residential,12
2016-01-22,Alandur,0.538,4,1,0,0,,residential,12
2016-01-23,Alandur,0.633,5,1,1,0,,residential,12
2016-01-24,Alandur,0.591,6,1,1,0,,residential,12
2016-01-25,Alandur,0.556,0,1,0,0,,residential,12
2016-01-26,Alandur,0.635,1,1,0,1,Republic Day,residential,12
2016-01-27,Alandur,0.564,2,1,0,0,,residential,12
2016-01-28,Alandur,0.57,3,1,0,0,,residential,12
2016-01-29,Alandur,0.554,4,1,0,0,,residential,12
2016-01-30,Alandur,0.592,5,1,1,0,,residential,12
2016-01-31,Alandur,0.596,6,1,1,0,,residential,12
2016-02-01,Alandur,0.585,0,2,0,0,,residential,12
2016-02-02,Alandur,0.54,1,2,0,0,,residential,12
2016-02-03,Alandur,0.567,2,2,0,0,,residential,12
2016-02-04,Alandur,0.554,3,2,0,0,,residential,12
2016-02-05,Alandur,0.565,4,2,0,0,,residential,12
2016-02-06,Alandur,0.621,5,2,1,0,,residential,12
2016-02-07,Alandur,0.625,6,2,1,0,,residential,12
2016-02-08,Alandur,0.599,0,2,0,0,,residential,12
2016-02-09,Alandur,0.556,1,2,0,0,,residential,12
2016-02-10,Alandur,0.565,2,2,0,0,,residential,12
2016-02-11,Alandur,0.566,3,2,0,0,,residential,12
2016-02-12,Alandur,0.521,4,2,0,0,,residential,12
2016-02-13,Alandur,0.63,5,2,1,0,,residential,12
2016-02-14,Alandur,0.621,6,2,1,0,,residential,12
2016-02-15,Alandur,0.6,0,2,0,0,,residential,12
2016-02-16,Alandur,0.54,1,2,0,0,,residential,12
2016-02-17,Alandur,0.556,2,2,0,0,,residential,12
2016-02-18,Alandur,0.543,3,2,0,0,,residential,12
2016-02-19,Alandur,0.574,4,2,0,0,,residential,12
2016-02-20,Alandur,0.592,5,2,1,0,,residential,12
2016-02-21,Alandur,0.601,6,2,1,0,,residential,12
2016-02-22,Alandur,0.599,0,2,0,0,,residential,12
2016-02-23,Alandur,0.551,1,2,0,0,,residential,12
2016-02-24,Alandur,0.546,2,2,0,0,,residential,12
2016-02-25,Alandur,0.577,3,2,0,0,,residential,12
2016-02-26,Alandur,0.578,4,2,0,0,,residential,12
2016-02-27,Alandur,0.631,5,2,1,0,,residential,12
2016-02-28,Alandur,0.634,6,2,1,0,,residential,12
2016-02-29,Alandur,0.586,0,2,0,0,,residential,12
2016-03-01,Alandur,0.586,1,3,0,0,,residential,12
2016-03-02,Alandur,0.578,2,3,0,0,,residential,12
2016-03-03,Alandur,0.593,3,3,0,0,,residential,12
2016-03-04,Alandur,0.58,4,3,0,0,,residential,12
2016-03-05,Alandur,0.64,5,3,1,0,,residential,12
2016-03-06,Alandur,0.66,6,3,1,0,,residential,12
2016-03-07,Alandur,0.641,0,3,0,0,,residential,12
2016-03-08,Alandur,0.597,1,3,0,0,,residential,12
2016-03-09,Alandur,0.621,2,3,0,0,,residential,12
2016-03-10,Alandur,0.577,3,3,0,0,,residential,12
2016-03-11,Alandur,0.557,4,3,0,0,,residential,12
2016-03-12,Alandur,0.663,5,3,1,0,,residential,12
2016-03-13,Alandur,0.634,6,3,1,0,,residential,12
2016-03-14,Alandur,0.614,0,3,0,0,,residential,12
2016-03-15,Alandur,0.558,1,3,0,0,,residential,12
2016-03-16,Alandur,0.574,2,3,0,0,,residential,12
2016-03-17,Alandur,0.563,3,3,0,0,,residential,12
2016-03-18,Alandur,0.582,4,3,0,0,,residential,12
2016-03-19,Alandur,0.641,5,3,1,0,,residential,12
2016-03-20,Alandur,0.65,6,3,1,0,,residential,12
2016-03-21,Alandur,0.642,0,3,0,0,,residential,12
2016-03-22,Alandur,0.602,1,3,0,0,,residential,12
2016-03-23,Alandur,0.561,2,3,0,0,,residential,12
2016-03-24,Alandur,0.6,3,3,0,0,,residential,12
2016-03-25,Alandur,0.592,4,3,0,0,,residential,12
2016-03-26,Alandur,0.647,5,3,1,0,,residential,12
2016-03-27,Alandur,0.648,6,3,1,0,,residential,12
2016-03-28,Alandur,0.623,0,3,0,0,,residential,12
2016-03-29,Alandur,0.577,1,3,0,0,,residential,12
2016-03-30,Alandur,0.586,2,3,0,0,,residential,12
2016-04-01,Alandur,0.563,4,4,0,0,,residential,12
2016-04-02,Alandur,0.585,5,4,1,0,,residential,12
2016-04-03,Alandur,0.58,6,4,1,0,,residential,12
2016-04-04,Alandur,0.57,0,4,0,0,,residential,12
2016-04-05,Alandur,0.525,1,4,0,0,,residential,12
2016-04-06,Alandur,0.516,2,4,0,0,,residential,12
2016-04-07,Alandur,0.538,3,4,0,0,,residential,12
2016-04-08,Alandur,0.567,4,4,0,0,,residential,12
2016-04-09,Alandur,0.597,5,4,1,0,,residential,12
2016-04-10,Alandur,0.601,6,4,1,0,,residential,12
2016-04-11,Alandur,0.534,0,4,0,0,,residential,12
2016-04-12,Alandur,0.551,1,4,0,0,,residential,12
2016-04-13,Alandur,0.613,2,4,0,1,Tamil New Year,residential,12
2016-04-14,Alandur,0.666,3,4,0,1,Tamil New Year,residential,12
2016-04-15,Alandur,0.615,4,4,0,1,Tamil New Year,residential,12
2016-04-16,Alandur,0.601,5,4,1,0,,residential,12
2016-04-17,Alandur,0.579,6,4,1,0,,residential,12
2016-04-18,Alandur,0.577,0,4,0,0,,residential,12
2016-04-19,Alandur,0.563,1,4,0,0,,residential,12
2016-04-20,Alandur,0.594,2,4,0,1,Eid,residential,12
2016-04-21,Alandur,0.635,3,4,0,1,Eid,residential,12
2016-04-22,Alandur,0.595,4,4,0,1,Eid,residential,12
2016-04-23,Alandur,0.613,5,4,1,0,,residential,12
2016-04-24,Alandur,0.576,6,4,1,0,,residential,12
2016-04-25,Alandur,0.581,0,4,0,0,,residential,12
2016-04-26,Alandur,0.533,1,4,0,0,,residential,12
2016-04-27,Alandur,0.548,2,4,0,0,,residential,12
2016-04-28,Alandur,0.534,3,4,0,0,,residential,12
2016-04-29,Alandur,0.534,4,4,0,0,,residential,12
2016-04-30,Alandur,0.625,5,4,1,0,,residential,12
2016-05-01,Alandur,0.573,6,5,1,0,,residential,12
2016-05-02,Alandur,0.579,0,5,0,0,,residential,12
2016-05-03,Alandur,0.572,1,5,0,0,,residential,12
2016-05-04,Alandur,0.555,2,5,0,0,,residential,12
2016-05-05,Alandur,0.522,3,5,0,0,,residential,12
2016-05-06,Alandur,0.523,4,5,0,0,,residential,12
2016-05-07,Alandur,0.585,5,5,1,0,,residential,12
2016-05-08,Alandur,0.601,6,5,1,0,,residential,12
2016-05-09,Alandur,0.575,0,5,0,0,,residential,12
2016-05-10,Alandur,0.523,1,5,0,0,,residential,12
2016-05-11,Alandur,0.529,2,5,0,0,,residential,12
2016-05-12,Alandur,0.53,3,5,0,0,,residential,12
2016-05-13,Alandur,0.541,4,5,0,0,,residential,12
2016-05-14,Alandur,0.634,5,5,1,0,,residential,12
2016-05-15,Alandur,0.581,6,5,1,0,,residential,12
2016-05-16,Alandur,0.554,0,5,0,0,,residential,12
2016-05-17,Alandur,0.525,1,5,0,0,,residential,12
2016-05-18,Alandur,0.554,2,5,0,0,,residential,12
2016-05-19,Alandur,0.543,3,5,0,0,,residential,12
2016-05-20,Alandur,0.529,4,5,0,0,,residential,12
2016-05-21,Alandur,0.592,5,5,1,0,,residential,12
2016-05-22,Alandur,0.584,6,5,1,0,,residential,12
2016-05-23,Alandur,0.576,0,5,0,0,,residential,12
2016-05-24,Alandur,0.587,1,5,0,0,,residential,12
2016-05-25,Alandur,0.553,2,5,0,0,,residential,12
2016-05-26,Alandur,0.542,3,5,0,0,,residential,12
2016-05-27,Alandur,0.533,4,5,0,0,,residential,12
2016-05-28,Alandur,0.574,5,5,1,0,,residential,12
2016-05-29,Alandur,0.611,6,5,1,0,,residential,12
2016-05-30,Alandur,0.583,0,5,0,0,,residential,12
2016-05-31,Alandur,0.536,1,5,0,0,,residential,12
2016-06-01,Alandur,0.51,2,6,0,0,,residential,12
2016-06-02,Alandur,0.492,3,6,0,0,,residential,12
2016-06-03,Alandur,0.503,4,6,0,0,,residential,12
2016-06-04,Alandur,0.546,5,6,1,0,,residential,12
2016-06-05,Alandur,0.538,6,6,1,0,,residential,12
2016-06-06,Alandur,0.502,0,6,0,0,,residential,12
2016-06-07,Alandur,0.49,1,6,0,0,,residential,12
2016-06-08,Alandur,0.504,2,6,0,0,,residential,12
2016-06-09,Alandur,0.484,3,6,0,0,,residential,12
2016-06-10,Alandur,0.498,4,6,0,0,,residential,12
2016-06-11,Alandur,0.524,5,6,1,0,,residential,12
2016-06-12,Alandur,0.554,6,6,1,0,,residential,12
2016-06-13,Alandur,0.521,0,6,0,0,,residential,12
2016-06-14,Alandur,0.474,1,6,0,0,,residential,12
2016-06-15,Alandur,0.489,2,6,0,0,,residential,12
2016-06-16,Alandur,0.506,3,6,0,0,,residential,12
2016-06-17,Alandur,0.473,4,6,0,0,,residential,12
2016-06-18,Alandur,0.524,5,6,1,0,,residential,12
2016-06-19,Alandur,0.54,6,6,1,0,,residential,12
2016-06-20,Alandur,0.55,0,6,0,0,,residential,12
2016-06-21,Alandur,0.482,1,6,0,0,,residential,12
2016-06-22,Alandur,0.499,2,6,0,0,,residential,12
2016-06-23,Alandur,0.496,3,6,0,0,,residential,12
2016-06-24,Alandur,0.483,4,6,0,0,,residential,12
2016-06-25,Alandur,0.544,5,6,1,0,,residential,12
2016-06-26,Alandur,0.534,6,6,1,0,,residential,12
2016-06-27,Alandur,0.511,0,6,0,0,,residential,12
2016-06-28,Alandur,0.467,1,6,0,0,,residential,12
2016-06-29,Alandur,0.492,2,6,0,0,,residential,12
2016-06-30,Alandur,0.505,3,6,0,0,,residential,12
2016-07-01,Alandur,0.493,4,7,0,0,,residential,12
2016-07-02,Alandur,0.559,5,7,1,0,,residential,12
2016-07-03,Alandur,0.551,6,7,1,0,,residential,12
2016-07-04,Alandur,0.516,0,7,0,0,,residential,12
2016-07-05,Alandur,0.483,1,7,0,0,,residential,12
2016-07-06,Alandur,0.485,2,7,0,0,,residential,12
2016-07-07,Alandur,0.47,3,7,0,0,,residential,12
2016-07-08,Alandur,0.488,4,7,0,0,,residential,12
2016-07-09,Alandur,0.543,5,7,1,0,,residential,12
2016-07-10,Alandur,0.569,6,7,1,0,,residential,12
2016-07-11,Alandur,0.525,0,7,0,0,,residential,12
2016-07-12,Alandur,0.479,1,7,0,0,,residential,12
2016-07-13,Alandur,0.471,2,7,0,0,,residential,12
2016-07-14,Alandur,0.489,3,7,0,0,,residential,12
2016-07-15,Alandur,0.504,4,7,0,0,,residential,12
2016-07-16,Alandur,0.538,5,7,1,0,,residential,12
2016-07-17,Alandur,0.55,6,7,1,0,,residential,12
2016-07-18,Alandur,0.514,0,7,0,0,,residential,12
2016-07-19,Alandur,0.502,1,7,0,0,,residential,12
2016-07-20,Alandur,0.468,2,7,0,0,,residential,12
2016-07-21,Alandur,0.516,3,7,0,0,,residential,12
2016-07-22,Alandur,0.476,4,7,0,0,,residential,12
2016-07-23,Alandur,0.554,5,7,1,0,,residential,12
2016-07-24,Alandur,0.537,6,7,1,0,,residential,12
2016-07-25,Alandur,0.515,0,7,0,0,,residential,12
2016-07-26,Alandur,0.488,1,7,0,0,,residential,12
2016-07-27,Alandur,0.496,2,7,0,0,,residential,12
2016-07-28,Alandur,0.499,3,7,0,0,,residential,12
2016-07-29,Alandur,0.508,4,7,0,0,,residential,12
2016-07-30,Alandur,0.564,5,7,1,0,,residential,12
2016-07-31,Alandur,0.546,6,7,1,0,,residential,12
2016-08-01,Alandur,0.543,0,8,0,0,,residential,12
2016-08-02,Alandur,0.493,1,8,0,0,,residential,12
2016-08-03,Alandur,0.508,2,8,0,0,,residential,12
2016-08-04,Alandur,0.498,3,8,0,0,,residential,12
2016-08-05,Alandur,0.484,4,8,0,0,,residential,12
2016-08-06,Alandur,0.544,5,8,1,0,,residential,12
2016-08-07,Alandur,0.549,6,8,1,0,,residential,12
2016-08-08,Alandur,0.516,0,8,0,0,,residential,12
2016-08-09,Alandur,0.498,1,8,0,0,,residential,12
2016-08-10,Alandur,0.505,2,8,0,0,,residential,12
2016-08-11,Alandur,0.492,3,8,0,0,,residential,12
2016-08-12,Alandur,0.448,4,8,0,0,,residential,12
2016-08-13,Alandur,0.568,5,8,1,0,,residential,12
2016-08-14,Alandur,0.536,6,8,1,0,,residential,12
2016-08-15,Alandur,0.554,0,8,0,1,Independence,residential,12
2016-08-16,Alandur,0.475,1,8,0,0,,residential,12
2016-08-17,Alandur,0.487,2,8,0,0,,residential,12
2016-08-18,Alandur,0.484,3,8,0,0,,residential,12
2016-08-19,Alandur,0.481,4,8,0,0,,residential,12
2016-08-20,Alandur,0.53,5,8,1,0,,residential,12
2016-08-21,Alandur,0.55,6,8,1,0,,residential,12
2016-08-22,Alandur,0.548,0,8,0,0,,residential,12
2016-08-23,Alandur,0.504,1,8,0,0,,residential,12
2016-08-24,Alandur,0.508,2,8,0,0,,residential,12
2016-08-25,Alandur,0.486,3,8,0,0,,residential,12
2016-08-26,Alandur,0.493,4,8,0,0,,residential,12
2016-08-27,Alandur,0.548,5,8,1,0,,residential,12
2016-08-28,Alandur,0.53,6,8,1,0,,residential,12
2016-08-29,Alandur,0.51,0,8,0,0,,residential,12
2016-08-30,Alandur,0.505,1,8,0,0,,residential,12
2016-08-31,Alandur,0.508,2,8,0,0,,residential,12
2016-09-01,Alandur,0.493,3,9,0,0,,residential,12
2016-09-02,Alandur,0.474,4,9,0,0,,residential,12
2016-09-03,Alandur,0.536,5,9,1,0,,residential,12
2016-09-04,Alandur,0.518,6,9,1,0,,residential,12
2016-09-05,Alandur,0.518,0,9,0,0,,residential,12
2016-09-06,Alandur,0.496,1,9,0,0,,residential,12
2016-09-07,Alandur,0.488,2,9,0,0,,residential,12
2016-09-08,Alandur,0.553,3,9,0,1,Ganesh Chathurthi,residential,12
2016-09-09,Alandur,0.614,4,9,0,1,Ganesh Chathurthi,residential,12
2016-09-10,Alandur,0.736,5,9,1,1,Ganesh Chathurthi,residential,12
2016-09-11,Alandur,0.643,6,9,1,1,Ganesh Chathurthi,residential,12
2016-09-12,Alandur,0.572,0,9,0,1,Ganesh Chathurthi,residential,12
2016-09-13,Alandur,0.498,1,9,0,0,,residential,12
2016-09-14,Alandur,0.515,2,9,0,0,,residential,12
2016-09-15,Alandur,0.488,3,9,0,0,,residential,12
2016-09-16,Alandur,0.5,4,9,0,0,,residential,12
2016-09-17,Alandur,0.555,5,9,1,0,,residential,12
2016-09-18,Alandur,0.538,6,9,1,0,,residential,12
2016-09-19,Alandur,0.534,0,9,0,0,,residential,12
2016-09-20,Alandur,0.51,1,9,0,0,,residential,12
2016-09-21,Alandur,0.512,2,9,0,0,,residential,12
2016-09-22,Alandur,0.499,3,9,0,0,,residential,12
2016-09-23,Alandur,0.527,4,9,0,0,,residential,12
2016-09-24,Alandur,0.531,5,9,1,0,,residential,12
2016-09-25,Alandur,0.576,6,9,1,0,,residential,12
2016-09-26,Alandur,0.528,0,9,0,0,,residential,12
2016-09-27,Alandur,0.512,1,9,0,0,,residential,12
2016-09-28,Alandur,0.487,2,9,0,0,,residential,12
2016-09-29,Alandur,0.504,3,9,0,0,,residential,12
2016-09-30,Alandur,0.513,4,9,0,0,,residential,12
2016-10-01,Alandur,0.551,5,10,1,0,,residential,12
2016-10-02,Alandur,0.567,6,10,1,0,,residential,12
2016-10-03,Alandur,0.509,0,10,0,0,,residential,12
2016-10-04,Alandur,0.579,1,10,0,1,Dussehra,residential,12
2016-10-05,Alandur,0.631,2,10,0,1,Dussehra,residential,12
2016-10-06,Alandur,0.579,3,10,0,1,Dussehra,residential,12
2016-10-07,Alandur,0.563,4,10,0,0,,residential,12
2016-10-08,Alandur,0.599,5,10,1,0,,residential,12
2016-10-09,Alandur,0.545,6,10,1,0,,residential,12
2016-10-10,Alandur,0.553,0,10,0,0,,residential,12
2016-10-11,Alandur,0.53,1,10,0,0,,residential,12
2016-10-12,Alandur,0.513,2,10,0,0,,residential,12
2016-10-13,Alandur,0.521,3,10,0,0,,residential,12
2016-10-14,Alandur,0.522,4,10,0,0,,residential,12
2016-10-15,Alandur,0.547,5,10,1,0,,residential,12
2016-10-16,Alandur,0.552,6,10,1,0,,residential,12
2016-10-17,Alandur,0.547,0,10,0,0,,residential,12
2016-10-18,Alandur,0.519,1,10,0,0,,residential,12
2016-10-19,Alandur,0.507,2,10,0,0,,residential,12
2016-10-20,Alandur,0.505,3,10,0,0,,residential,12
2016-10-21,Alandur,0.516,4,10,0,0,,residential,12
2016-10-22,Alandur,0.663,5,10,1,1,Deepavali,residential,12
2016-10-23,Alandur,0.72,6,10,1,1,Deepavali,residential,12
2016-10-24,Alandur,0.798,0,10,0,1,Deepavali,residential,12
2016-10-25,Alandur,0.642,1,10,0,1,Deepavali,residential,12
2016-10-26,Alandur,0.59,2,10,0,1,Deepavali,residential,12
2016-10-27,Alandur,0.512,3,10,0,0,,residential,12
2016-10-28,Alandur,0.527,4,10,0,0,,residential,12
2016-10-29,Alandur,0.556,5,10,1,0,,residential,12
2016-10-30,Alandur,0.603,6,10,1,0,,residential,12
2016-10-31,Alandur,0.516,0,10,0,0,,residential,12
2016-11-01,Alandur,0.544,1,11,0,0,,residential,12
2016-11-02,Alandur,0.519,2,11,0,0,,residential,12
2016-11-03,Alandur,0.526,3,11,0,0,,residential,12
2016-11-04,Alandur,0.539,4,11,0,0,,residential,12
2016-11-05,Alandur,0.584,5,11,1,0,,residential,12
2016-11-06,Alandur,0.557,6,11,1,0,,residential,12
2016-11-07,Alandur,0.553,0,11,0,0,,residential,12
2016-11-08,Alandur,0.547,1,11,0,0,,residential,12
2016-11-09,Alandur,0.504,2,11,0,0,,residential,12
2016-11-10,Alandur,0.551,3,11,0,0,,residential,12
2016-11-11,Alandur,0.524,4,11,0,0,,residential,12
2016-11-12,Alandur,0.562,5,11,1,0,,residential,12
2016-11-13,Alandur,0.554,6,11,1,0,,residential,12
2016-11-14,Alandur,0.54,0,11,0,0,,residential,12
2016-11-15,Alandur,0.487,1,11,0,0,,residential,12
2016-11-16,Alandur,0.511,2,11,0,0,,residential,12
2016-11-17,Alandur,0.514,3,11,0,0,,residential,12
2016-11-18,Alandur,0.501,4,11,0,0,,residential,12
2016-11-19,Alandur,0.582,5,11,1,0,,residential,12
2016-11-20,Alandur,0.566,6,11,1,0,,residential,12
2016-11-21,Alandur,0.533,0,11,0,0,,residential,12
2016-11-22,Alandur,0.513,1,11,0,0,,residential,12
2016-11-23,Alandur,0.523,2,11,0,0,,residential,12
2016-11-24,Alandur,0.519,3,11,0,0,,residential,12
2016-11-25,Alandur,0.507,4,11,0,0,,residential,12
2016-11-26,Alandur,0.572,5,11,1,0,,residential,12
2016-11-27,Alandur,0.569,6,11,1,0,,residential,12
2016-11-28,Alandur,0.525,0,11,0,0,,residential,12
2016-11-29,Alandur,0.513,1,11,0,0,,residential,12
2016-11-30,Alandur,0.527,2,11,0,0,,residential,12
2016-12-01,Alandur,0.527,3,12,0,0,,residential,12
2016-12-02,Alandur,0.514,4,12,0,0,,residential,12
2016-12-03,Alandur,0.581,5,12,1,0,,residential,12
2016-12-04,Alandur,0.553,6,12,1,0,,residential,12
2016-12-05,Alandur,0.528,0,12,0,0,,residential,12
2016-12-06,Alandur,0.514,1,12,0,0,,residential,12
2016-12-07,Alandur,0.541,2,12,0,0,,residential,12
2016-12-08,Alandur,0.52,3,12,0,0,,residential,12
2016-12-09,Alandur,0.514,4,12,0,0,,residential,12
2016-12-10,Alandur,0.596,5,12,1,0,,residential,12
2016-12-11,Alandur,0.565,6,12,1,0,,residential,12
2016-12-12,Alandur,0.58,0,12,0,0,,residential,12
2016-12-13,Alandur,0.51,1,12,0,0,,residential,12
2016-12-14,Alandur,0.502,2,12,0,0,,residential,12
2016-12-15,Alandur,0.515,3,12,0,0,,residential,12
2016-12-16,Alandur,0.514,4,12,0,0,,residential,12
2016-12-17,Alandur,0.556,5,12,1,0,,residential,12
2016-12-18,Alandur,0.614,6,12,1,0,,residential,12
2016-12-19,Alandur,0.549,0,12,0,0,,residential,12
2016-12-20,Alandur,0.525,1,12,0,0,,residential,12
2016-12-21,Alandur,0.511,2,12,0,0,,residential,12
2016-12-22,Alandur,0.509,3,12,0,0,,residential,12
2016-12-23,Alandur,0.534,4,12,0,0,,residential,12
2016-12-24,Alandur,0.582,5,12,1,1,Christmas,residential,12
2016-12-25,Alandur,0.633,6,12,1,1,Christmas,residential,12
2016-12-26,Alandur,0.58,0,12,0,1,Christmas,residential,12
2016-12-27,Alandur,0.539,1,12,0,0,,residential,12
2016-12-28,Alandur,0.512,2,12,0,0,,residential,12
2016-12-29,Alandur,0.524,3,12,0,0,,residential,12
2016-12-30,Alandur,0.57,4,12,0,1,New Year,residential,12
2016-12-31,Alandur,0.71,5,12,1,1,New Year,residential,12
2017-01-01,Alandur,0.543,6,1,1,0,,residential,12
2017-01-02,Alandur,0.556,0,1,0,0,,residential,12
2017-01-03,Alandur,0.515,1,1,0,0,,residential,12
2017-01-04,Alandur,0.532,2,1,0,0,,residential,12
2017-01-05,Alandur,0.505,3,1,0,0,,residential,12
2017-01-06,Alandur,0.518,4,1,0,0,,residential,12
2017-01-07,Alandur,0.568,5,1,1,0,,residential,12
2017-01-08,Alandur,0.552,6,1,1,0,,residential,12
2017-01-09,Alandur,0.523,0,1,0,0,,residential,12
2017-01-10,Alandur,0.509,1,1,0,0,,residential,12
2017-01-11,Alandur,0.52,2,1,0,0,,residential,12
2017-01-12,Alandur,0.557,3,1,0,1,Pongal,residential,12
2017-01-13,Alandur,0.615,4,1,0,1,Pongal,residential,12
2017-01-14,Alandur,0.699,5,1,1,1,Pongal,residential,12
2017-01-15,Alandur,0.676,6,1,1,1,Pongal,residential,12
2017-01-16,Alandur,0.616,0,1,0,1,Pongal,residential,12
2017-01-17,Alandur,0.529,1,1,0,0,,residential,12
2017-01-18,Alandur,0.516,2,1,0,0,,residential,12
2017-01-19,Alandur,0.522,3,1,0,0,,residential,12
2017-01-20,Alandur,0.505,4,1,0,0,,residential,12
2017-01-21,Alandur,0.597,5,1,1,0,,residential,12
2017-01-22,Alandur,0.605,6,1,1,0,,residential,12
2017-01-23,Alandur,0.546,0,1,0,0,,residential,12
2017-01-24,Alandur,0.558,1,1,0,0,,residential,12
2017-01-25,Alandur,0.507,2,1,0,0,,residential,12
2017-01-26,Alandur,0.548,3,1,0,1,Republic Day,residential,12
2017-01-27,Alandur,0.507,4,1,0,0,,residential,12
2017-01-28,Alandur,0.566,5,1,1,0,,residential,12
2017-01-29,Alandur,0.609,6,1,1,0,,residential,12
2017-01-30,Alandur,0.539,0,1,0,0,,residential,12
2017-01-31,Alandur,0.504,1,1,0,0,,residential,12
2017-02-01,Alandur,0.504,2,2,0,0,,residential,12
2017-02-02,Alandur,0.536,3,2,0,0,,residential,12
2017-02-03,Alandur,0.533,4,2,0,0,,residential,12
2017-02-04,Alandur,0.561,5,2,1,0,,residential,12
2017-02-05,Alandur,0.538,6,2,1,0,,residential,12
2017-02-06,Alandur,0.525,0,2,0,0,,residential,12
2017-02-07,Alandur,0.545,1,2,0,0,,residential,12
2017-02-08,Alandur,0.529,2,2,0,0,,residential,12
2017-02-09,Alandur,0.519,3,2,0,0,,residential,12
2017-02-10,Alandur,0.547,4,2,0,0,,residential,12
2017-02-11,Alandur,0.603,5,2,1,0,,residential,12
2017-02-12,Alandur,0.569,6,2,1,0,,residential,12
2017-02-13,Alandur,0.543,0,2,0,0,,residential,12
2017-02-14,Alandur,0.509,1,2,0,0,,residential,12
2017-02-15,Alandur,0.513,2,2,0,0,,residential,12
2017-02-16,Alandur,0.495,3,2,0,0,,residential,12
2017-02-17,Alandur,0.495,4,2,0,0,,residential,12
2017-02-18,Alandur,0.54,5,2,1,0,,residential,12
2017-02-19,Alandur,0.588,6,2,1,0,,residential,12
2017-02-20,Alandur,0.518,0,2,0,0,,residential,12
2017-02-21,Alandur,0.548,1,2,0,0,,residential,12
2017-02-22,Alandur,0.506,2,2,0,0,,residential,12
2017-02-23,Alandur,0.545,3,2,0,0,,residential,12
2017-02-24,Alandur,0.512,4,2,0,0,,residential,12
2017-02-25,Alandur,0.543,5,2,1,0,,residential,12
2017-02-26,Alandur,0.592,6,2,1,0,,residential,12
2017-02-27,Alandur,0.567,0,2,0,0,,residential,12
2017-02-28,Alandur,0.504,1,2,0,0,,residential,12
2017-03-01,Alandur,0.538,2,3,0,0,,residential,12
2017-03-02,Alandur,0.529,3,3,0,0,,residential,12
2017-03-03,Alandur,0.542,4,3,0,0,,residential,12
2017-03-04,Alandur,0.6,5,3,1,0,,residential,12
2017-03-05,Alandur,0.592,6,3,1,0,,residential,12
2017-03-06,Alandur,0.54,0,3,0,0,,residential,12
2017-03-07,Alandur,0.534,1,3,0,0,,residential,12
2017-03-08,Alandur,0.555,2,3,0,0,,residential,12
2017-03-09,Alandur,0.54,3,3,0,0,,residential,12
2017-03-10,Alandur,0.538,4,3,0,0,,residential,12
2017-03-11,Alandur,0.581,5,3,1,0,,residential,12
2017-03-12,Alandur,0.587,6,3,1,0,,residential,12
2017-03-13,Alandur,0.595,0,3,0,0,,residential,12
2017-03-14,Alandur,0.525,1,3,0,0,,residential,12
2017-03-15,Alandur,0.555,2,3,0,0,,residential,12
2017-03-16,Alandur,0.544,3,3,0,0,,residential,12
2017-03-17,Alandur,0.548,4,3,0,0,,residential,12
2017-03-18,Alandur,0.585,5,3,1,0,,residential,12
2017-03-19,Alandur,0.592,6,3,1,0,,residential,12
2017-03-20,Alandur,0.571,0,3,0,0,,residential,12
2017-03-21,Alandur,0.535,1,3,0,0,,residential,12
2017-03-22,Alandur,0.549,2,3,0,0,,residential,12
2017-03-23,Alandur,0.551,3,3,0,0,,residential,12
2017-03-24,Alandur,0.579,4,3,0,0,,residential,12
2017-03-25,Alandur,0.603,5,3,1,0,,residential,12
2017-03-26,Alandur,0.564,6,3,1,0,,residential,12
2017-03-27,Alandur,0.591,0,3,0,0,,residential,12
2017-03-28,Alandur,0.54,1,3,0,0,,residential,12
2017-03-29,Alandur,0.577,2,3,0,0,,residential,12
2017-03-30,Alandur,0.568,3,3,0,0,,residential,12
2017-03-31,Alandur,0.535,4,3,0,0,,residential,12
2017-04-01,Alandur,0.575,5,4,1,0,,residential,12
2017-04-02,Alandur,0.553,6,4,1,0,,residential,12
2017-04-03,Alandur,0.538,0,4,0,0,,residential,12
2017-04-04,Alandur,0.522,1,4,0,0,,residential,12
2017-04-05,Alandur,0.529,2,4,0,0,,residential,12
2017-04-06,Alandur,0.526,3,4,0,0,,residential,12
2017-04-07,Alandur,0.513,4,4,0,0,,residential,12
2017-04-08,Alandur,0.605,5,4,1,0,,residential,12
2017-04-09,Alandur,0.557,6,4,1,0,,residential,12
2017-04-10,Alandur,0.512,0,4,0,0,,residential,12
2017-04-11,Alandur,0.49,1,4,0,0,,residential,12
2017-04-12,Alandur,0.535,2,4,0,0,,residential,12
2017-04-13,Alandur,0.575,3,4,0,1,Tamil New Year,residential,12
2017-04-14,Alandur,0.643,4,4,0,1,Tamil New Year,residential,12
2017-04-15,Alandur,0.623,5,4,1,1,Tamil New Year,residential,12
2017-04-16,Alandur,0.556,6,4,1,0,,residential,12
2017-04-17,Alandur,0.525,0,4,0,0,,residential,12
2017-04-18,Alandur,0.519,1,4,0,0,,residential,12
2017-04-19,Alandur,0.511,2,4,0,0,,residential,12
2017-04-20,Alandur,0.571,3,4,0,1,Eid,residential,12
2017-04-21,Alandur,0.621,4,4,0,1,Eid,residential,12
2017-04-22,Alandur,0.612,5,4,1,1,Eid,residential,12
2017-04-23,Alandur,0.539,6,4,1,0,,residential,12
2017-04-24,Alandur,0.513,0,4,0,0,,residential,12
2017-04-25,Alandur,0.559,1,4,0,0,,residential,12
2017-04-26,Alandur,0.535,2,4,0,0,,residential,12
2017-04-27,Alandur,0.533,3,4,0,0,,residential,12
2017-04-28,Alandur,0.502,4,4,0,0,,residential,12
2017-04-29,Alandur,0.563,5,4,1,0,,residential,12
2017-04-30,Alandur,0.549,6,4,1,0,,residential,12
2017-05-01,Alandur,0.516,0,5,0,0,,residential,12
2017-05-02,Alandur,0.503,1,5,0,0,,residential,12
2017-05-03,Alandur,0.532,2,5,0,0,,residential,12
2017-05-04,Alandur,0.525,3,5,0,0,,residential,12
2017-05-05,Alandur,0.497,4,5,0,0,,residential,12
2017-05-06,Alandur,0.558,5,5,1,0,,residential,12
2017-05-07,Alandur,0.576,6,5,1,0,,residential,12
2017-05-08,Alandur,0.528,0,5,0,0,,residential,12
2017-05-09,Alandur,0.513,1,5,0,0,,residential,12
2017-05-10,Alandur,0.518,2,5,0,0,,residential,12
2017-05-11,Alandur,0.518,3,5,0,0,,residential,12
2017-05-12,Alandur,0.516,4,5,0,0,,residential,12
2017-05-13,Alandur,0.552,5,5,1,0,,residential,12
2017-05-14,Alandur,0.554,6,5,1,0,,residential,12
2017-05-15,Alandur,0.519,0,5,0,0,,residential,12
2017-05-16,Alandur,0.488,1,5,0,0,,residential,12
2017-05-17,Alandur,0.51,2,5,0,0,,residential,12
2017-05-18,Alandur,0.525,3,5,0,0,,residential,12
2017-05-19,Alandur,0.491,4,5,0,0,,residential,12
2017-05-20,Alandur,0.568,5,5,1,0,,residential,12
2017-05-21,Alandur,0.577,6,5,1,0,,residential,12
2017-05-22,Alandur,0.508,0,5,0,0,,residential,12
2017-05-23,Alandur,0.508,1,5,0,0,,residential,12
2017-05-24,Alandur,0.537,2,5,0,0,,residential,12
2017-05-25,Alandur,0.521,3,5,0,0,,residential,12
2017-05-26,Alandur,0.483,4,5,0,0,,residential,12
2017-05-27,Alandur,0.574,5,5,1,0,,residential,12
2017-05-28,Alandur,0.551,6,5,1,0,,residential,12
2017-05-29,Alandur,0.549,0,5,0,0,,residential,12
2017-05-30,Alandur,0.501,1,5,0,0,,residential,12
2017-05-31,Alandur,0.511,2,5,0,0,,residential,12
2017-06-01,Alandur,0.456,3,6,0,0,,residential,12
2017-06-02,Alandur,0.463,4,6,0,0,,residential,12
2017-06-03,Alandur,0.501,5,6,1,0,,residential,12
2017-06-04,Alandur,0.506,6,6,1,0,,residential,12
2017-06-05,Alandur,0.469,0,6,0,0,,residential,12
2017-06-06,Alandur,0.47,1,6,0,0,,residential,12
2017-06-07,Alandur,0.466,2,6,0,0,,residential,12
2017-06-08,Alandur,0.441,3,6,0,0,,residential,12
2017-06-09,Alandur,0.477,4,6,0,0,,residential,12
2017-06-10,Alandur,0.507,5,6,1,0,,residential,12
2017-06-11,Alandur,0.512,6,6,1,0,,residential,12
2017-06-12,Alandur,0.498,0,6,0,0,,residential,12
2017-06-13,Alandur,0.468,1,6,0,0,,residential,12
2017-06-14,Alandur,0.479,2,6,0,0,,residential,12
2017-06-15,Alandur,0.459,3,6,0,0,,residential,12
2017-06-16,Alandur,0.478,4,6,0,0,,residential,12
2017-06-17,Alandur,0.511,5,6,1,0,,residential,12
2017-06-18,Alandur,0.517,6,6,1,0,,residential,12
2017-06-19,Alandur,0.492,0,6,0,0,,residential,12
2017-06-20,Alandur,0.481,1,6,0,0,,residential,12
2017-06-21,Alandur,0.473,2,6,0,0,,residential,12
2017-06-22,Alandur,0.457,3,6,0,0,,residential,12
2017-06-23,Alandur,0.454,4,6,0,0,,residential,12
2017-06-24,Alandur,0.509,5,6,1,0,,residential,12
2017-06-25,Alandur,0.498,6,6,1,0,,residential,12
2017-06-26,Alandur,0.471,0,6,0,0,,residential,12
2017-06-27,Alandur,0.434,1,6,0,0,,residential,12
2017-06-28,Alandur,0.442,2,6,0,0,,residential,12
2017-06-29,Alandur,0.491,3,6,0,0,,residential,12
2017-06-30,Alandur,0.454,4,6,0,0,,residential,12
2017-07-01,Alandur,0.539,5,7,1,0,,residential,12
2017-07-02,Alandur,0.516,6,7,1,0,,residential,12
2017-07-03,Alandur,0.486,0,7,0,0,,residential,12
2017-07-04,Alandur,0.442,1,7,0,0,,residential,12
2017-07-05,Alandur,0.463,2,7,0,0,,residential,12
2017-07-06,Alandur,0.49,3,7,0,0,,residential,12
2017-07-07,Alandur,0.485,4,7,0,0,,residential,12
2017-07-08,Alandur,0.514,5,7,1,0,,residential,12
2017-07-09,Alandur,0.492,6,7,1,0,,residential,12
2017-07-10,Alandur,0.472,0,7,0,0,,residential,12
2017-07-11,Alandur,0.451,1,7,0,0,,residential,12
2017-07-12,Alandur,0.481,2,7,0,0,,residential,12
2017-07-13,Alandur,0.486,3,7,0,0,,residential,12
2017-07-14,Alandur,0.466,4,7,0,0,,residential,12
2017-07-15,Alandur,0.505,5,7,1,0,,residential,12
2017-07-16,Alandur,0.533,6,7,1,0,,residential,12
2017-07-17,Alandur,0.472,0,7,0,0,,residential,12
2017-07-18,Alandur,0.464,1,7,0,0,,residential,12
2017-07-19,Alandur,0.47,2,7,0,0,,residential,12
2017-07-20,Alandur,0.451,3,7,0,0,,residential,12
2017-07-21,Alandur,0.454,4,7,0,0,,residential,12
2017-07-22,Alandur,0.499,5,7,1,0,,residential,12
2017-07-23,Alandur,0.531,6,7,1,0,,residential,12
2017-07-24,Alandur,0.514,0,7,0,0,,residential,12
2017-07-25,Alandur,0.465,1,7,0,0,,residential,12
2017-07-26,Alandur,0.46,2,7,0,0,,residential,12
2017-07-27,Alandur,0.455,3,7,0,0,,residential,12
2017-07-28,Alandur,0.463,4,7,0,0,,residential,12
2017-07-29,Alandur,0.501,5,7,1,0,,residential,12
2017-07-30,Alandur,0.508,6,7,1,0,,residential,12
2017-07-31,Alandur,0.492,0,7,0,0,,residential,12
2017-08-01,Alandur,0.458,1,8,0,0,,residential,12
2017-08-02,Alandur,0.461,2,8,0,0,,residential,12
2017-08-03,Alandur,0.461,3,8,0,0,,residential,12
2017-08-04,Alandur,0.459,4,8,0,0,,residential,12
2017-08-05,Alandur,0.503,5,8,1,0,,residential,12
2017-08-06,Alandur,0.521,6,8,1,0,,residential,12
2017-08-07,Alandur,0.461,0,8,0,0,,residential,12
2017-08-08,Alandur,0.485,1,8,0,0,,residential,12
2017-08-09,Alandur,0.465,2,8,0,0,,residential,12
2017-08-10,Alandur,0.472,3,8,0,0,,residential,12
2017-08-11,Alandur,0.473,4,8,0,0,,residential,12
2017-08-12,Alandur,0.499,5,8,1,0,,residential,12
2017-08-13,Alandur,0.496,6,8,1,0,,residential,12
2017-08-14,Alandur,0.471,0,8,0,0,,residential,12
2017-08-15,Alandur,0.506,1,8,0,1,Independence,residential,12
2017-08-16,Alandur,0.473,2,8,0,0,,residential,12
2017-08-17,Alandur,0.455,3,8,0,0,,residential,12
2017-08-18,Alandur,0.472,4,8,0,0,,residential,12
2017-08-19,Alandur,0.473,5,8,1,0,,residential,12
2017-08-20,Alandur,0.504,6,8,1,0,,residential,12
2017-08-21,Alandur,0.503,0,8,0,0,,residential,12
2017-08-22,Alandur,0.461,1,8,0,0,,residential,12
2017-08-23,Alandur,0.452,2,8,0,0,,residential,12
2017-08-24,Alandur,0.454,3,8,0,0,,residential,12
2017-08-25,Alandur,0.421,4,8,0,0,,residential,12
2017-08-26,Alandur,0.494,5,8,1,0,,residential,12
2017-08-27,Alandur,0.526,6,8,1,0,,residential,12
2017-08-28,Alandur,0.478,0,8,0,0,,residential,12
2017-08-29,Alandur,0.457,1,8,0,0,,residential,12
2017-08-30,Alandur,0.431,2,8,0,0,,residential,12
2017-08-31,Alandur,0.441,3,8,0,0,,residential,12
2017-09-01,Alandur,0.48,4,9,0,0,,residential,12
2017-09-02,Alandur,0.519,5,9,1,0,,residential,12
2017-09-03,Alandur,0.49,6,9,1,0,,residential,12
2017-09-04,Alandur,0.477,0,9,0,0,,residential,12
2017-09-05,Alandur,0.463,1,9,0,0,,residential,12
2017-09-06,Alandur,0.447,2,9,0,0,,residential,12
2017-09-07,Alandur,0.435,3,9,0,0,,residential,12
2017-09-08,Alandur,0.515,4,9,0,1,Ganesh Chathurthi,residential,12
2017-09-09,Alandur,0.639,5,9,1,1,Ganesh Chathurthi,residential,12
2017-09-10,Alandur,0.7,6,9,1,1,Ganesh Chathurthi,residential,12
2017-09-11,Alandur,0.616,0,9,0,1,Ganesh Chathurthi,residential,12
2017-09-12,Alandur,0.493,1,9,0,1,Ganesh Chathurthi,residential,12
2017-09-13,Alandur,0.464,2,9,0,0,,residential,12
2017-09-14,Alandur,0.46,3,9,0,0,,residential,12
2017-09-15,Alandur,0.462,4,9,0,0,,residential,12
2017-09-16,Alandur,0.506,5,9,1,0,,residential,12
2017-09-17,Alandur,0.5,6,9,1,0,,residential,12
2017-09-18,Alandur,0.442,0,9,0,0,,residential,12
2017-09-19,Alandur,0.479,1,9,0,0,,residential,12
2017-09-20,Alandur,0.468,2,9,0,0,,residential,12
2017-09-21,Alandur,0.443,3,9,0,0,,residential,12
2017-09-22,Alandur,0.47,4,9,0,0,,residential,12
2017-09-23,Alandur,0.503,5,9,1,0,,residential,12
2017-09-24,Alandur,0.503,6,9,1,0,,residential,12
2017-09-25,Alandur,0.475,0,9,0,0,,residential,12
2017-09-26,Alandur,0.471,1,9,0,0,,residential,12
2017-09-27,Alandur,0.452,2,9,0,0,,residential,12
2017-09-28,Alandur,0.448,3,9,0,0,,residential,12
2017-09-29,Alandur,0.479,4,9,0,0,,residential,12
2017-09-30,Alandur,0.507,5,9,1,0,,residential,12
2017-10-01,Alandur,0.534,6,10,1,0,,residential,12
2017-10-02,Alandur,0.523,0,10,0,0,,residential,12
2017-10-03,Alandur,0.478,1,10,0,0,,residential,12
2017-10-04,Alandur,0.541,2,10,0,1,Dussehra,residential,12
2017-10-05,Alandur,0.615,3,10,0,1,Dussehra,residential,12
2017-10-06,Alandur,0.523,4,10,0,1,Dussehra,residential,12
2017-10-07,Alandur,0.54,5,10,1,0,,residential,12
2017-10-08,Alandur,0.524,6,10,1,0,,residential,12
2017-10-09,Alandur,0.525,0,10,0,0,,residential,12
2017-10-10,Alandur,0.496,1,10,0,0,,residential,12
2017-10-11,Alandur,0.494,2,10,0,0,,residential,12
2017-10-12,Alandur,0.464,3,10,0,0,,residential,12
2017-10-13,Alandur,0.486,4,10,0,0,,residential,12
2017-10-14,Alandur,0.517,5,10,1,0,,residential,12
2017-10-15,Alandur,0.536,6,10,1,0,,residential,12
2017-10-16,Alandur,0.476,0,10,0,0,,residential,12
2017-10-17,Alandur,0.465,1,10,0,0,,residential,12
2017-10-18,Alandur,0.505,2,10,0,0,,residential,12
2017-10-19,Alandur,0.493,3,10,0,0,,residential,12
2017-10-20,Alandur,0.482,4,10,0,0,,residential,12
2017-10-21,Alandur,0.522,5,10,1,0,,residential,12
2017-10-22,Alandur,0.588,6,10,1,1,Deepavali,residential,12
2017-10-23,Alandur,0.652,0,10,0,1,Deepavali,residential,12
2017-10-24,Alandur,0.676,1,10,0,1,Deepavali,residential,12
2017-10-25,Alandur,0.646,2,10,0,1,Deepavali,residential,12
2017-10-26,Alandur,0.55,3,10,0,1,Deepavali,residential,12
2017-10-27,Alandur,0.489,4,10,0,0,,residential,12
2017-10-28,Alandur,0.514,5,10,1,0,,residential,12
2017-10-29,Alandur,0.531,6,10,1,0,,residential,12
2017-10-30,Alandur,0.515,0,10,0,0,,residential,12
2017-10-31,Alandur,0.482,1,10,0,0,,residential,12
2017-11-01,Alandur,0.481,2,11,0,0,,residential,12
2017-11-02,Alandur,0.492,3,11,0,0,,residential,12
2017-11-03,Alandur,0.51,4,11,0,0,,residential,12
2017-11-04,Alandur,0.539,5,11,1,0,,residential,12
2017-11-05,Alandur,0.555,6,11,1,0,,residential,12
2017-11-06,Alandur,0.522,0,11,0,0,,residential,12
2017-11-07,Alandur,0.504,1,11,0,0,,residential,12
2017-11-08,Alandur,0.479,2,11,0,0,,residential,12
2017-11-09,Alandur,0.485,3,11,0,0,,residential,12
2017-11-10,Alandur,0.485,4,11,0,0,,residential,12
2017-11-11,Alandur,0.545,5,11,1,0,,residential,12
2017-11-12,Alandur,0.549,6,11,1,0,,residential,12
2017-11-13,Alandur,0.514,0,11,0,0,,residential,12
2017-11-14,Alandur,0.5,1,11,0,0,,residential,12
2017-11-15,Alandur,0.479,2,11,0,0,,residential,12
2017-11-16,Alandur,0.501,3,11,0,0,,residential,12
2017-11-17,Alandur,0.503,4,11,0,0,,residential,12
2017-11-18,Alandur,0.547,5,11,1,0,,residential,12
2017-11-19,Alandur,0.539,6,11,1,0,,residential,12
2017-11-20,Alandur,0.523,0,11,0,0,,residential,12
2017-11-21,Alandur,0.475,1,11,0,0,,residential,12
2017-11-22,Alandur,0.491,2,11,0,0,,residential,12
2017-11-23,Alandur,0.492,3,11,0,0,,residential,12
2017-11-24,Alandur,0.468,4,11,0,0,,residential,12
2017-11-25,Alandur,0.544,5,11,1,0,,residential,12
2017-11-26,Alandur,0.516,6,11,1,0,,residential,12
2017-11-27,Alandur,0.505,0,11,0,0,,residential,12
2017-11-28,Alandur,0.488,1,11,0,0,,residential,12
2017-11-29,Alandur,0.477,2,11,0,0,,residential,12
2017-11-30,Alandur,0.489,3,11,0,0,,residential,12
2017-12-01,Alandur,0.489,4,12,0,0,,residential,12
2017-12-02,Alandur,0.523,5,12,1,0,,residential,12
2017-12-03,Alandur,0.546,6,12,1,0,,residential,12
2017-12-04,Alandur,0.5,0,12,0,0,,residential,12
2017-12-05,Alandur,0.521,1,12,0,0,,residential,12
2017-12-06,Alandur,0.486,2,12,0,0,,residential,12
2017-12-07,Alandur,0.471,3,12,0,0,,residential,12
2017-12-08,Alandur,0.473,4,12,0,0,,residential,12
2017-12-09,Alandur,0.555,5,12,1,0,,residential,12
2017-12-10,Alandur,0.53,6,12,1,0,,residential,12
2017-12-11,Alandur,0.491,0,12,0,0,,residential,12
2017-12-12,Alandur,0.5,1,12,0,0,,residential,12
2017-12-13,Alandur,0.482,2,12,0,0,,residential,12
2017-12-14,Alandur,0.497,3,12,0,0,,residential,12
2017-12-15,Alandur,0.501,4,12,0,0,,residential,12
2017-12-16,Alandur,0.541,5,12,1,0,,residential,12
2017-12-17,Alandur,0.575,6,12,1,0,,residential,12
2017-12-18,Alandur,0.486,0,12,0,0,,residential,12
2017-12-19,Alandur,0.476,1,12,0,0,,residential,12
2017-12-20,Alandur,0.484,2,12,0,0,,residential,12
2017-12-21,Alandur,0.521,3,12,0,0,,residential,12
2017-12-22,Alandur,0.514,4,12,0,0,,residential,12
2017-12-23,Alandur,0.557,5,12,1,0,,residential,12
2017-12-24,Alandur,0.563,6,12,1,1,Christmas,residential,12
2017-12-25,Alandur,0.577,0,12,0,1,Christmas,residential,12
2017-12-26,Alandur,0.511,1,12,0,1,Christmas,residential,12
2017-12-27,Alandur,0.476,2,12,0,0,,residential,12
2017-12-28,Alandur,0.51,3,12,0,0,,residential,12
2017-12-29,Alandur,0.484,4,12,0,0,,residential,12
2017-12-30,Alandur,0.588,5,12,1,1,New Year,residential,12
2017-12-31,Alandur,0.659,6,12,1,1,New Year,residential,12
2018-01-01,Alandur,0.487,0,1,0,0,,residential,12
2018-01-02,Alandur,0.488,1,1,0,0,,residential,12
2018-01-03,Alandur,0.472,2,1,0,0,,residential,12
2018-01-04,Alandur,0.483,3,1,0,0,,residential,12
2018-01-05,Alandur,0.479,4,1,0,0,,residential,12
2018-01-06,Alandur,0.526,5,1,1,0,,residential,12
2018-01-07,Alandur,0.54,6,1,1,0,,residential,12
2018-01-08,Alandur,0.515,0,1,0,0,,residential,12
2018-01-09,Alandur,0.484,1,1,0,0,,residential,12
2018-01-10,Alandur,0.493,2,1,0,0,,residential,12
2018-01-11,Alandur,0.475,3,1,0,0,,residential,12
2018-01-12,Alandur,0.547,4,1,0,1,Pongal,residential,12
2018-01-13,Alandur,0.64,5,1,1,1,Pongal,residential,12
2018-01-14,Alandur,0.687,6,1,1,1,Pongal,residential,12
2018-01-15,Alandur,0.6,0,1,0,1,Pongal,residential,12
2018-01-16,Alandur,0.533,1,1,0,1,Pongal,residential,12
2018-01-17,Alandur,0.515,2,1,0,0,,residential,12
2018-01-18,Alandur,0.487,3,1,0,0,,residential,12
2018-01-19,Alandur,0.471,4,1,0,0,,residential,12
2018-01-20,Alandur,0.551,5,1,1,0,,residential,12
2018-01-21,Alandur,0.529,6,1,1,0,,residential,12
2018-01-22,Alandur,0.516,0,1,0,0,,residential,12
2018-01-23,Alandur,0.479,1,1,0,0,,residential,12
2018-01-24,Alandur,0.506,2,1,0,0,,residential,12
2018-01-25,Alandur,0.479,3,1,0,0,,residential,12
2018-01-26,Alandur,0.559,4,1,0,1,Republic Day,residential,12
2018-01-27,Alandur,0.52,5,1,1,0,,residential,12
2018-01-28,Alandur,0.532,6,1,1,0,,residential,12
2018-01-29,Alandur,0.534,0,1,0,0,,residential,12
2018-01-30,Alandur,0.49,1,1,0,0,,residential,12
2018-01-31,Alandur,0.521,2,1,0,0,,residential,12
2018-02-01,Alandur,0.484,3,2,0,0,,residential,12
2018-02-02,Alandur,0.491,4,2,0,0,,residential,12
2018-02-03,Alandur,0.567,5,2,1,0,,residential,12
2018-02-04,Alandur,0.512,6,2,1,0,,residential,12
2018-02-05,Alandur,0.487,0,2,0,0,,residential,12
2018-02-06,Alandur,0.476,1,2,0,0,,residential,12
2018-02-07,Alandur,0.5,2,2,0,0,,residential,12
2018-02-08,Alandur,0.464,3,2,0,0,,residential,12
2018-02-09,Alandur,0.496,4,2,0,0,,residential,12
2018-02-10,Alandur,0.545,5,2,1,0,,residential,12
2018-02-11,Alandur,0.569,6,2,1,0,,residential,12
2018-02-12,Alandur,0.528,0,2,0,0,,residential,12
2018-02-13,Alandur,0.493,1,2,0,0,,residential,12
2018-02-14,Alandur,0.508,2,2,0,0,,residential,12
2018-02-15,Alandur,0.496,3,2,0,0,,residential,12
2018-02-16,Alandur,0.481,4,2,0,0,,residential,12
2018-02-17,Alandur,0.518,5,2,1,0,,residential,12
2018-02-18,Alandur,0.527,6,2,1,0,,residential,12
2018-02-19,Alandur,0.511,0,2,0,0,,residential,12
2018-02-20,Alandur,0.49,1,2,0,0,,residential,12
2018-02-21,Alandur,0.456,2,2,0,0,,residential,12
2018-02-22,Alandur,0.484,3,2,0,0,,residential,12
2018-02-23,Alandur,0.488,4,2,0,0,,residential,12
2018-02-24,Alandur,0.545,5,2,1,0,,residential,12
2018-02-25,Alandur,0.563,6,2,1,0,,residential,12
2018-02-26,Alandur,0.515,0,2,0,0,,residential,12
2018-02-27,Alandur,0.474,1,2,0,0,,residential,12
2018-02-28,Alandur,0.461,2,2,0,0,,residential,12
2018-03-01,Alandur,0.523,3,3,0,0,,residential,12
2018-03-02,Alandur,0.499,4,3,0,0,,residential,12
2018-03-03,Alandur,0.578,5,3,1,0,,residential,12
2018-03-04,Alandur,0.587,6,3,1,0,,residential,12
2018-03-05,Alandur,0.513,0,3,0,0,,residential,12
2018-03-06,Alandur,0.521,1,3,0,0,,residential,12
2018-03-07,Alandur,0.532,2,3,0,0,,residential,12
2018-03-08,Alandur,0.528,3,3,0,0,,residential,12
2018-03-09,Alandur,0.48,4,3,0,0,,residential,12
2018-03-10,Alandur,0.549,5,3,1,0,,residential,12
2018-03-11,Alandur,0.542,6,3,1,0,,residential,12
2018-03-12,Alandur,0.546,0,3,0,0,,residential,12
2018-03-13,Alandur,0.518,1,3,0,0,,residential,12
2018-03-14,Alandur,0.471,2,3,0,0,,residential,12
2018-03-15,Alandur,0.507,3,3,0,0,,residential,12
2018-03-16,Alandur,0.524,4,3,0,0,,residential,12
2018-03-17,Alandur,0.566,5,3,1,0,,residential,12
2018-03-18,Alandur,0.566,6,3,1,0,,residential,12
2018-03-19,Alandur,0.532,0,3,0,0,,residential,12
2018-03-20,Alandur,0.496,1,3,0,0,,residential,12
2018-03-21,Alandur,0.512,2,3,0,0,,residential,12
2018-03-22,Alandur,0.513,3,3,0,0,,residential,12
2018-03-23,Alandur,0.522,4,3,0,0,,residential,12
2018-03-24,Alandur,0.575,5,3,1,0,,residential,12
2018-03-25,Alandur,0.565,6,3,1,0,,residential,12
2018-03-26,Alandur,0.555,0,3,0,0,,residential,12
2018-03-27,Alandur,0.506,1,3,0,0,,residential,12
2018-03-28,Alandur,0.49,2,3,0,0,,residential,12
2018-03-29,Alandur,0.519,3,3,0,0,,residential,12
2018-03-30,Alandur,0.514,4,3,0,0,,residential,12
2018-03-31,Alandur,0.572,5,3,1,0,,residential,12
2015-04-01,Ambattur,1.073,2,4,0,0,,industrial,7
2015-04-02,Ambattur,1.137,3,4,0,0,,industrial,7
2015-04-03,Ambattur,1.145,4,4,0,0,,industrial,7
2015-04-04,Ambattur,0.989,5,4,1,0,,industrial,7
2015-04-05,Ambattur,1.011,6,4,1,0,,industrial,7
2015-04-06,Ambattur,1.148,0,4,0,0,,industrial,7
2015-04-07,Ambattur,1.115,1,4,0,0,,industrial,7
2015-04-08,Ambattur,1.038,2,4,0,0,,industrial,7
2015-04-09,Ambattur,1.043,3,4,0,0,,industrial,7
2015-04-10,Ambattur,1.112,4,4,0,0,,industrial,7
2015-04-11,Ambattur,0.965,5,4,1,0,,industrial,7
2015-04-12,Ambattur,1.011,6,4,1,0,,industrial,7
2015-04-13,Ambattur,1.301,0,4,0,1,Tamil New Year,industrial,7
2015-04-14,Ambattur,1.387,1,4,0,1,Tamil New Year,industrial,7
2015-04-15,Ambattur,1.228,2,4,0,1,Tamil New Year,industrial,7
2015-04-16,Ambattur,1.084,3,4,0,0,,industrial,7
2015-04-17,Ambattur,1.124,4,4,0,0,,industrial,7
2015-04-18,Ambattur,1.034,5,4,1,0,,industrial,7
2015-04-19,Ambattur,1.005,6,4,1,0,,industrial,7
2015-04-20,Ambattur,1.267,0,4,0,1,Eid,industrial,7
2015-04-21,Ambattur,1.33,1,4,0,1,Eid,industrial,7
2015-04-22,Ambattur,1.268,2,4,0,1,Eid,industrial,7
2015-04-23,Ambattur,1.122,3,4,0,0,,industrial,7
2015-04-24,Ambattur,1.136,4,4,0,0,,industrial,7
2015-04-25,Ambattur,1.006,5,4,1,0,,industrial,7
2015-04-26,Ambattur,1.009,6,4,1,0,,industrial,7
2015-04-27,Ambattur,1.143,0,4,0,0,,industrial,7
2015-04-28,Ambattur,1.091,1,4,0,0,,industrial,7
2015-04-29,Ambattur,1.063,2,4,0,0,,industrial,7
2015-04-30,Ambattur,1.138,3,4,0,0,,industrial,7
2015-05-01,Ambattur,1.125,4,5,0,0,,industrial,7
2015-05-02,Ambattur,1.015,5,5,1,0,,industrial,7
2015-05-03,Ambattur,1.045,6,5,1,0,,industrial,7
2015-05-04,Ambattur,1.159,0,5,0,0,,industrial,7
2015-05-05,Ambattur,1.12,1,5,0,0,,industrial,7
2015-05-06,Ambattur,1.052,2,5,0,0,,industrial,7
2015-05-07,Ambattur,1.091,3,5,0,0,,industrial,7
2015-05-08,Ambattur,1.094,4,5,0,0,,industrial,7
2015-05-09,Ambattur,1.044,5,5,1,0,,industrial,7
2015-05-10,Ambattur,1.005,6,5,1,0,,industrial,7
2015-05-11,Ambattur,1.065,0,5,0,0,,industrial,7
2015-05-12,Ambattur,1.06,1,5,0,0,,industrial,7
2015-05-13,Ambattur,1.094,2,5,0,0,,industrial,7
2015-05-14,Ambattur,1.098,3,5,0,0,,industrial,7
2015-05-15,Ambattur,1.151,4,5,0,0,,industrial,7
2015-05-16,Ambattur,1.043,5,5,1,0,,industrial,7
2015-05-17,Ambattur,1.027,6,5,1,0,,industrial,7
2015-05-18,Ambattur,1.15,0,5,0,0,,industrial,7
2015-05-19,Ambattur,1.132,1,5,0,0,,industrial,7
2015-05-20,Ambattur,1.077,2,5,0,0,,industrial,7
2015-05-21,Ambattur,1.091,3,5,0,0,,industrial,7
2015-05-22,Ambattur,1.06,4,5,0,0,,industrial,7
2015-05-23,Ambattur,1.068,5,5,1,0,,industrial,7
2015-05-24,Ambattur,1.037,6,5,1,0,,industrial,7
2015-05-25,Ambattur,1.126,0,5,0,0,,industrial,7
2015-05-26,Ambattur,1.092,1,5,0,0,,industrial,7
2015-05-27,Ambattur,1.113,2,5,0,0,,industrial,7
2015-05-28,Ambattur,1.088,3,5,0,0,,industrial,7
2015-05-29,Ambattur,1.078,4,5,0,0,,industrial,7
2015-05-30,Ambattur,1.005,5,5,1,0,,industrial,7
2015-05-31,Ambattur,1.035,6,5,1,0,,industrial,7
2015-06-01,Ambattur,1.03,0,6,0,0,,industrial,7
2015-06-02,Ambattur,0.978,1,6,0,0,,industrial,7
2015-06-03,Ambattur,0.952,2,6,0,0,,industrial,7
2015-06-04,Ambattur,0.994,3,6,0,0,,industrial,7
2015-06-05,Ambattur,0.986,4,6,0,0,,industrial,7
2015-06-06,Ambattur,0.918,5,6,1,0,,industrial,7
2015-06-07,Ambattur,0.933,6,6,1,0,,industrial,7
2015-06-08,Ambattur,1.065,0,6,0,0,,industrial,7
2015-06-09,Ambattur,1.013,1,6,0,0,,industrial,7
2015-06-10,Ambattur,1.008,2,6,0,0,,industrial,7
2015-06-11,Ambattur,0.984,3,6,0,0,,industrial,7
2015-06-12,Ambattur,0.975,4,6,0,0,,industrial,7
2015-06-13,Ambattur,0.898,5,6,1,0,,industrial,7
2015-06-14,Ambattur,0.911,6,6,1,0,,industrial,7
2015-06-15,Ambattur,1.042,0,6,0,0,,industrial,7
2015-06-16,Ambattur,0.968,1,6,0,0,,industrial,7
2015-06-17,Ambattur,0.995,2,6,0,0,,industrial,7
2015-06-18,Ambattur,0.963,3,6,0,0,,industrial,7
2015-06-19,Ambattur,0.942,4,6,0,0,,industrial,7
2015-06-20,Ambattur,0.95,5,6,1,0,,industrial,7
2015-06-21,Ambattur,0.914,6,6,1,0,,industrial,7
2015-06-22,Ambattur,1.015,0,6,0,0,,industrial,7
2015-06-23,Ambattur,0.959,1,6,0,0,,industrial,7
2015-06-24,Ambattur,1.004,2,6,0,0,,industrial,7
2015-06-25,Ambattur,1.033,3,6,0,0,,industrial,7
2015-06-26,Ambattur,0.98,4,6,0,0,,industrial,7
2015-06-27,Ambattur,0.921,5,6,1,0,,industrial,7
2015-06-28,Ambattur,0.957,6,6,1,0,,industrial,7
2015-06-29,Ambattur,0.985,0,6,0,0,,industrial,7
2015-06-30,Ambattur,1.05,1,6,0,0,,industrial,7
2015-07-01,Ambattur,1.064,2,7,0,0,,industrial,7
2015-07-02,Ambattur,0.911,3,7,0,0,,industrial,7
2015-07-03,Ambattur,0.989,4,7,0,0,,industrial,7
2015-07-04,Ambattur,0.907,5,7,1,0,,industrial,7
2015-07-05,Ambattur,0.92,6,7,1,0,,industrial,7
2015-07-06,Ambattur,1.028,0,7,0,0,,industrial,7
2015-07-07,Ambattur,1.016,1,7,0,0,,industrial,7
2015-07-08,Ambattur,0.988,2,7,0,0,,industrial,7
2015-07-09,Ambattur,0.965,3,7,0,0,,industrial,7
2015-07-10,Ambattur,0.987,4,7,0,0,,industrial,7
2015-07-11,Ambattur,0.942,5,7,1,0,,industrial,7
2015-07-12,Ambattur,0.894,6,7,1,0,,industrial,7
2015-07-13,Ambattur,0.99,0,7,0,0,,industrial,7
2015-07-14,Ambattur,1.051,1,7,0,0,,industrial,7
2015-07-15,Ambattur,0.973,2,7,0,0,,industrial,7
2015-07-16,Ambattur,0.988,3,7,0,0,,industrial,7
2015-07-17,Ambattur,0.98,4,7,0,0,,industrial,7
2015-07-18,Ambattur,0.942,5,7,1,0,,industrial,7
2015-07-19,Ambattur,0.976,6,7,1,0,,industrial,7
2015-07-20,Ambattur,1.059,0,7,0,0,,industrial,7
2015-07-21,Ambattur,0.946,1,7,0,0,,industrial,7
2015-07-22,Ambattur,0.95,2,7,0,0,,industrial,7
2015-07-23,Ambattur,0.98,3,7,0,0,,industrial,7
2015-07-24,Ambattur,0.984,4,7,0,0,,industrial,7
2015-07-25,Ambattur,0.879,5,7,1,0,,industrial,7
2015-07-26,Ambattur,0.95,6,7,1,0,,industrial,7
2015-07-27,Ambattur,1.007,0,7,0,0,,industrial,7
2015-07-28,Ambattur,1.036,1,7,0,0,,industrial,7
2015-07-29,Ambattur,1.046,2,7,0,0,,industrial,7
2015-07-30,Ambattur,0.984,3,7,0,0,,industrial,7
2015-07-31,Ambattur,1.005,4,7,0,0,,industrial,7
2015-08-01,Ambattur,0.893,5,8,1,0,,industrial,7
2015-08-02,Ambattur,0.945,6,8,1,0,,industrial,7
2015-08-03,Ambattur,1.026,0,8,0,0,,industrial,7
2015-08-04,Ambattur,0.959,1,8,0,0,,industrial,7
2015-08-05,Ambattur,0.983,2,8,0,0,,industrial,7
2015-08-06,Ambattur,0.978,3,8,0,0,,industrial,7
2015-08-07,Ambattur,0.982,4,8,0,0,,industrial,7
2015-08-08,Ambattur,0.954,5,8,1,0,,industrial,7
2015-08-09,Ambattur,0.905,6,8,1,0,,industrial,7
2015-08-10,Ambattur,1.095,0,8,0,0,,industrial,7
2015-08-11,Ambattur,0.952,1,8,0,0,,industrial,7
2015-08-12,Ambattur,1.04,2,8,0,0,,industrial,7
2015-08-13,Ambattur,0.961,3,8,0,0,,industrial,7
2015-08-14,Ambattur,0.992,4,8,0,0,,industrial,7
2015-08-15,Ambattur,1.005,5,8,1,1,Independence,industrial,7
2015-08-16,Ambattur,0.918,6,8,1,0,,industrial,7
2015-08-17,Ambattur,1.066,0,8,0,0,,industrial,7
2015-08-18,Ambattur,1.036,1,8,0,0,,industrial,7
2015-08-19,Ambattur,1.027,2,8,0,0,,industrial,7
2015-08-20,Ambattur,0.98,3,8,0,0,,industrial,7
2015-08-21,Ambattur,0.997,4,8,0,0,,industrial,7
2015-08-22,Ambattur,0.905,5,8,1,0,,industrial,7
2015-08-23,Ambattur,0.9,6,8,1,0,,industrial,7
2015-08-24,Ambattur,1.005,0,8,0,0,,industrial,7
2015-08-25,Ambattur,0.979,1,8,0,0,,industrial,7
2015-08-26,Ambattur,0.999,2,8,0,0,,industrial,7
2015-08-27,Ambattur,0.935,3,8,0,0,,industrial,7
2015-08-28,Ambattur,0.99,4,8,0,0,,industrial,7
2015-08-29,Ambattur,0.969,5,8,1,0,,industrial,7
2015-08-30,Ambattur,0.958,6,8,1,0,,industrial,7
2015-08-31,Ambattur,1.023,0,8,0,0,,industrial,7
2015-09-01,Ambattur,0.95,1,9,0,0,,industrial,7
2015-09-02,Ambattur,1.005,2,9,0,0,,industrial,7
2015-09-03,Ambattur,0.923,3,9,0,0,,industrial,7
2015-09-04,Ambattur,1.025,4,9,0,0,,industrial,7
2015-09-05,Ambattur,0.921,5,9,1,0,,industrial,7
2015-09-06,Ambattur,0.978,6,9,1,0,,industrial,7
2015-09-07,Ambattur,0.987,0,9,0,0,,industrial,7
2015-09-08,Ambattur,1.138,1,9,0,1,Ganesh Chathurthi,industrial,7
2015-09-09,Ambattur,1.219,2,9,0,1,Ganesh Chathurthi,industrial,7
2015-09-10,Ambattur,1.325,3,9,0,1,Ganesh Chathurthi,industrial,7
2015-09-11,Ambattur,1.173,4,9,0,1,Ganesh Chathurthi,industrial,7
2015-09-12,Ambattur,1.054,5,9,1,1,Ganesh Chathurthi,industrial,7
2015-09-13,Ambattur,0.946,6,9,1,0,,industrial,7
2015-09-14,Ambattur,1.097,0,9,0,0,,industrial,7
2015-09-15,Ambattur,1.022,1,9,0,0,,industrial,7
2015-09-16,Ambattur,0.974,2,9,0,0,,industrial,7
2015-09-17,Ambattur,0.962,3,9,0,0,,industrial,7
2015-09-18,Ambattur,0.951,4,9,0,0,,industrial,7
2015-09-19,Ambattur,0.968,5,9,1,0,,industrial,7
2015-09-20,Ambattur,0.906,6,9,1,0,,industrial,7
2015-09-21,Ambattur,1.087,0,9,0,0,,industrial,7
2015-09-22,Ambattur,1.007,1,9,0,0,,industrial,7
2015-09-23,Ambattur,1.001,2,9,0,0,,industrial,7
2015-09-24,Ambattur,0.983,3,9,0,0,,industrial,7
2015-09-25,Ambattur,1.011,4,9,0,0,,industrial,7
2015-09-26,Ambattur,0.927,5,9,1,0,,industrial,7
2015-09-27,Ambattur,0.917,6,9,1,0,,industrial,7
2015-09-28,Ambattur,1.063,0,9,0,0,,industrial,7
2015-09-29,Ambattur,0.987,1,9,0,0,,industrial,7
2015-09-30,Ambattur,0.968,2,9,0,0,,industrial,7
2015-10-01,Ambattur,1.063,3,10,0,0,,industrial,7
2015-10-02,Ambattur,1.042,4,10,0,0,,industrial,7
2015-10-03,Ambattur,0.99,5,10,1,0,,industrial,7
2015-10-04,Ambattur,1.083,6,10,1,1,Dussehra,industrial,7
2015-10-05,Ambattur,1.32,0,10,0,1,Dussehra,industrial,7
2015-10-06,Ambattur,1.235,1,10,0,1,Dussehra,industrial,7
2015-10-07,Ambattur,1.092,2,10,0,0,,industrial,7
2015-10-08,Ambattur,1.072,3,10,0,0,,industrial,7
2015-10-09,Ambattur,1.032,4,10,0,0,,industrial,7
2015-10-10,Ambattur,0.967,5,10,1,0,,industrial,7
2015-10-11,Ambattur,1.016,6,10,1,0,,industrial,7
2015-10-12,Ambattur,1.084,0,10,0,0,,industrial,7
2015-10-13,Ambattur,1.024,1,10,0,0,,industrial,7
2015-10-14,Ambattur,1.102,2,10,0,0,,industrial,7
2015-10-15,Ambattur,1.042,3,10,0,0,,industrial,7
2015-10-16,Ambattur,1.099,4,10,0,0,,industrial,7
2015-10-17,Ambattur,0.935,5,10,1,0,,industrial,7
2015-10-18,Ambattur,0.991,6,10,1,0,,industrial,7
2015-10-19,Ambattur,1.164,0,10,0,0,,industrial,7
2015-10-20,Ambattur,1.045,1,10,0,0,,industrial,7
2015-10-21,Ambattur,1.036,2,10,0,0,,industrial,7
2015-10-22,Ambattur,1.142,3,10,0,1,Deepavali,industrial,7
2015-10-23,Ambattur,1.365,4,10,0,1,Deepavali,industrial,7
2015-10-24,Ambattur,1.335,5,10,1,1,Deepavali,industrial,7
2015-10-25,Ambattur,1.233,6,10,1,1,Deepavali,industrial,7
2015-10-26,Ambattur,1.196,0,10,0,1,Deepavali,industrial,7
2015-10-27,Ambattur,1.093,1,10,0,0,,industrial,7
2015-10-28,Ambattur,1.08,2,10,0,0,,industrial,7
2015-10-29,Ambattur,1.043,3,10,0,0,,industrial,7
2015-10-30,Ambattur,1.008,4,10,0,0,,industrial,7
2015-10-31,Ambattur,1.021,5,10,1,0,,industrial,7
2015-11-01,Ambattur,0.965,6,11,1,0,,industrial,7
2015-11-02,Ambattur,1.06,0,11,0,0,,industrial,7
2015-11-03,Ambattur,0.989,1,11,0,0,,industrial,7
2015-11-04,Ambattur,1.024,2,11,0,0,,industrial,7
2015-11-05,Ambattur,0.998,3,11,0,0,,industrial,7
2015-11-06,Ambattur,1.024,4,11,0,0,,industrial,7
2015-11-07,Ambattur,0.998,5,11,1,0,,industrial,7
2015-11-08,Ambattur,0.965,6,11,1,0,,industrial,7
2015-11-09,Ambattur,1.108,0,11,0,0,,industrial,7
2015-11-10,Ambattur,1.021,1,11,0,0,,industrial,7
2015-11-11,Ambattur,1.046,2,11,0,0,,industrial,7
2015-11-12,Ambattur,1.104,3,11,0,0,,industrial,7
2015-11-13,Ambattur,1.033,4,11,0,0,,industrial,7
2015-11-14,Ambattur,0.987,5,11,1,0,,industrial,7
2015-11-15,Ambattur,0.93,6,11,1,0,,industrial,7
2015-11-16,Ambattur,1.146,0,11,0,0,,industrial,7
2015-11-17,Ambattur,1.029,1,11,0,0,,industrial,7
2015-11-18,Ambattur,1.077,2,11,0,0,,industrial,7
2015-11-19,Ambattur,1.04,3,11,0,0,,industrial,7
2015-11-20,Ambattur,1.063,4,11,0,0,,industrial,7
2015-11-21,Ambattur,0.996,5,11,1,0,,industrial,7
2015-11-22,Ambattur,0.963,6,11,1,0,,industrial,7
2015-11-23,Ambattur,1.132,0,11,0,0,,industrial,7
2015-11-24,Ambattur,1.02,1,11,0,0,,industrial,7
2015-11-25,Ambattur,1.068,2,11,0,0,,industrial,7
2015-11-26,Ambattur,1.032,3,11,0,0,,industrial,7
2015-11-27,Ambattur,1.055,4,11,0,0,,industrial,7
2015-11-28,Ambattur,0.962,5,11,1,0,,industrial,7
2015-11-29,Ambattur,0.977,6,11,1,0,,industrial,7
2015-11-30,Ambattur,1.061,0,11,0,0,,industrial,7
2015-12-01,Ambattur,1.052,1,12,0,0,,industrial,7
2015-12-02,Ambattur,1.045,2,12,0,0,,industrial,7
2015-12-03,Ambattur,1.027,3,12,0,0,,industrial,7
2015-12-04,Ambattur,1.042,4,12,0,0,,industrial,7
2015-12-05,Ambattur,0.98,5,12,1,0,,industrial,7
2015-12-06,Ambattur,0.958,6,12,1,0,,industrial,7
2015-12-07,Ambattur,1.092,0,12,0,0,,industrial,7
2015-12-08,Ambattur,1.012,1,12,0,0,,industrial,7
2015-12-09,Ambattur,1.117,2,12,0,0,,industrial,7
2015-12-10,Ambattur,1.077,3,12,0,0,,industrial,7
2015-12-11,Ambattur,1.052,4,12,0,0,,industrial,7
2015-12-12,Ambattur,1.01,5,12,1,0,,industrial,7
2015-12-13,Ambattur,0.918,6,12,1,0,,industrial,7
2015-12-14,Ambattur,1.012,0,12,0,0,,industrial,7
2015-12-15,Ambattur,1.031,1,12,0,0,,industrial,7
2015-12-16,Ambattur,1.001,2,12,0,0,,industrial,7
2015-12-17,Ambattur,1.036,3,12,0,0,,industrial,7
2015-12-18,Ambattur,1.05,4,12,0,0,,industrial,7
2015-12-19,Ambattur,1.003,5,12,1,0,,industrial,7
2015-12-20,Ambattur,0.943,6,12,1,0,,industrial,7
2015-12-21,Ambattur,1.109,0,12,0,0,,industrial,7
2015-12-22,Ambattur,1.044,1,12,0,0,,industrial,7
2015-12-23,Ambattur,1.055,2,12,0,0,,industrial,7
2015-12-24,Ambattur,1.105,3,12,0,1,Christmas,industrial,7
2015-12-25,Ambattur,1.25,4,12,0,1,Christmas,industrial,7
2015-12-26,Ambattur,1.046,5,12,1,1,Christmas,industrial,7
2015-12-27,Ambattur,1.028,6,12,1,0,,industrial,7
2015-12-28,Ambattur,1.07,0,12,0,0,,industrial,7
2015-12-29,Ambattur,1.067,1,12,0,0,,industrial,7
2015-12-30,Ambattur,1.146,2,12,0,1,New Year,industrial,7
2015-12-31,Ambattur,1.24,3,12,0,1,New Year,industrial,7
2016-01-01,Ambattur,1.064,4,1,0,0,,industrial,7
2016-01-02,Ambattur,0.967,5,1,1,0,,industrial,7
2016-01-03,Ambattur,0.898,6,1,1,0,,industrial,7
2016-01-04,Ambattur,0.995,0,1,0,0,,industrial,7
2016-01-05,Ambattur,1.084,1,1,0,0,,industrial,7
2016-01-06,Ambattur,1.082,2,1,0,0,,industrial,7
2016-01-07,Ambattur,1.103,3,1,0,0,,industrial,7
2016-01-08,Ambattur,1.043,4,1,0,0,,industrial,7
2016-01-09,Ambattur,0.938,5,1,1,0,,industrial,7
2016-01-10,Ambattur,0.964,6,1,1,0,,industrial,7
2016-01-11,Ambattur,1.096,0,1,0,0,,industrial,7
2016-01-12,Ambattur,1.114,1,1,0,1,Pongal,industrial,7
2016-01-13,Ambattur,1.315,2,1,0,1,Pongal,industrial,7
2016-01-14,Ambattur,1.448,3,1,0,1,Pongal,industrial,7
2016-01-15,Ambattur,1.271,4,1,0,1,Pongal,industrial,7
2016-01-16,Ambattur,1.073,5,1,1,1,Pongal,industrial,7
2016-01-17,Ambattur,0.938,6,1,1,0,,industrial,7
2016-01-18,Ambattur,1.147,0,1,0,0,,industrial,7
2016-01-19,Ambattur,1.046,1,1,0,0,,industrial,7
2016-01-20,Ambattur,1.035,2,1,0,0,,industrial,7
2016-01-21,Ambattur,1.059,3,1,0,0,,industrial,7
2016-01-22,Ambattur,1.025,4,1,0,0,,industrial,7
2016-01-23,Ambattur,0.98,5,1,1,0,,industrial,7
2016-01-24,Ambattur,0.934,6,1,1,0,,industrial,7
2016-01-25,Ambattur,1.132,0,1,0,0,,industrial,7
2016-01-26,Ambattur,1.145,1,1,0,1,Republic Day,industrial,7
2016-01-27,Ambattur,1.08,2,1,0,0,,industrial,7
2016-01-28,Ambattur,1.038,3,1,0,0,,industrial,7
2016-01-29,Ambattur,1.04,4,1,0,0,,industrial,7
2016-01-30,Ambattur,0.94,5,1,1,0,,industrial,7
2016-01-31,Ambattur,0.998,6,1,1,0,,industrial,7
2016-02-01,Ambattur,1.067,0,2,0,0,,industrial,7
2016-02-02,Ambattur,1.029,1,2,0,0,,industrial,7
2016-02-03,Ambattur,1.044,2,2,0,0,,industrial,7
2016-02-04,Ambattur,1.048,3,2,0,0,,industrial,7
2016-02-05,Ambattur,0.99,4,2,0,0,,industrial,7
2016-02-06,Ambattur,0.969,5,2,1,0,,industrial,7
2016-02-07,Ambattur,0.999,6,2,1,0,,industrial,7
2016-02-08,Ambattur,1.084,0,2,0,0,,industrial,7
2016-02-09,Ambattur,1.037,1,2,0,0,,industrial,7
2016-02-10,Ambattur,1.049,2,2,0,0,,industrial,7
2016-02-11,Ambattur,1.04,3,2,0,0,,industrial,7
2016-02-12,Ambattur,1.012,4,2,0,0,,industrial,7
2016-02-13,Ambattur,0.975,5,2,1,0,,industrial,7
2016-02-14,Ambattur,1.005,6,2,1,0,,industrial,7
2016-02-15,Ambattur,1.061,0,2,0,0,,industrial,7
2016-02-16,Ambattur,1.032,1,2,0,0,,industrial,7
2016-02-17,Ambattur,1.001,2,2,0,0,,industrial,7
2016-02-18,Ambattur,1.073,3,2,0,0,,industrial,7
2016-02-19,Ambattur,1.041,4,2,0,0,,industrial,7
2016-02-20,Ambattur,0.951,5,2,1,0,,industrial,7
2016-02-21,Ambattur,0.979,6,2,1,0,,industrial,7
2016-02-22,Ambattur,1.056,0,2,0,0,,industrial,7
2016-02-23,Ambattur,1.011,1,2,0,0,,industrial,7
2016-02-24,Ambattur,0.998,2,2,0,0,,industrial,7
2016-02-25,Ambattur,1.01,3,2,0,0,,industrial,7
2016-02-26,Ambattur,1.086,4,2,0,0,,industrial,7
2016-02-27,Ambattur,0.955,5,2,1,0,,industrial,7
2016-02-28,Ambattur,0.99,6,2,1,0,,industrial,7
2016-02-29,Ambattur,1.069,0,2,0,0,,industrial,7
2016-03-01,Ambattur,1.121,1,3,0,0,,industrial,7
2016-03-02,Ambattur,1.062,2,3,0,0,,industrial,7
2016-03-03,Ambattur,1.097,3,3,0,0,,industrial,7
2016-03-04,Ambattur,1.098,4,3,0,0,,industrial,7
2016-03-05,Ambattur,1.096,5,3,1,0,,industrial,7
2016-03-06,Ambattur,1.044,6,3,1,0,,industrial,7
2016-03-07,Ambattur,1.13,0,3,0,0,,industrial,7
2016-03-08,Ambattur,1.119,1,3,0,0,,industrial,7
2016-03-09,Ambattur,1.166,2,3,0,0,,industrial,7
2016-03-10,Ambattur,1.042,3,3,0,0,,industrial,7
2016-03-11,Ambattur,1.068,4,3,0,0,,industrial,7
2016-03-12,Ambattur,1.018,5,3,1,0,,industrial,7
2016-03-13,Ambattur,1.012,6,3,1,0,,industrial,7
2016-03-14,Ambattur,1.139,0,3,0,0,,industrial,7
2016-03-15,Ambattur,1.053,1,3,0,0,,industrial,7
2016-03-16,Ambattur,1.142,2,3,0,0,,industrial,7
2016-03-17,Ambattur,1.049,3,3,0,0,,industrial,7
2016-03-18,Ambattur,1.089,4,3,0,0,,industrial,7
2016-03-19,Ambattur,1.057,5,3,1,0,,industrial,7
2016-03-20,Ambattur,1.024,6,3,1,0,,industrial,7
2016-03-21,Ambattur,1.117,0,3,0,0,,industrial,7
2016-03-22,Ambattur,1.052,1,3,0,0,,industrial,7
2016-03-23,Ambattur,1.088,2,3,0,0,,industrial,7
2016-03-24,Ambattur,1.071,3,3,0,0,,industrial,7
2016-03-25,Ambattur,1.103,4,3,0,0,,industrial,7
2016-03-26,Ambattur,0.982,5,3,1,0,,industrial,7
2016-03-27,Ambattur,1.05,6,3,1,0,,industrial,7
2016-03-28,Ambattur,1.155,0,3,0,0,,industrial,7
2016-03-29,Ambattur,1.102,1,3,0,0,,industrial,7
2016-03-30,Ambattur,1.143,2,3,0,0,,industrial,7
2016-04-01,Ambattur,1.022,4,4,0,0,,industrial,7
2016-04-02,Ambattur,0.947,5,4,1,0,,industrial,7
2016-04-03,Ambattur,0.952,6,4,1,0,,industrial,7
2016-04-04,Ambattur,1.081,0,4,0,0,,industrial,7
2016-04-05,Ambattur,1.033,1,4,0,0,,industrial,7
2016-04-06,Ambattur,1.01,2,4,0,0,,industrial,7
2016-04-07,Ambattur,0.973,3,4,0,0,,industrial,7
2016-04-08,Ambattur,1.018,4,4,0,0,,industrial,7
2016-04-09,Ambattur,0.979,5,4,1,0,,industrial,7
2016-04-10,Ambattur,0.972,6,4,1,0,,industrial,7
2016-04-11,Ambattur,1.127,0,4,0,0,,industrial,7
2016-04-12,Ambattur,1.096,1,4,0,0,,industrial,7
2016-04-13,Ambattur,1.192,2,4,0,1,Tamil New Year,industrial,7
2016-04-14,Ambattur,1.348,3,4,0,1,Tamil New Year,industrial,7
2016-04-15,Ambattur,1.192,4,4,0,1,Tamil New Year,industrial,7
2016-04-16,Ambattur,1.018,5,4,1,0,,industrial,7
2016-04-17,Ambattur,1.022,6,4,1,0,,industrial,7
2016-04-18,Ambattur,1.118,0,4,0,0,,industrial,7
2016-04-19,Ambattur,1.058,1,4,0,0,,industrial,7
2016-04-20,Ambattur,1.132,2,4,0,1,Eid,industrial,7
2016-04-21,Ambattur,1.241,3,4,0,1,Eid,industrial,7
2016-04-22,Ambattur,1.128,4,4,0,1,Eid,industrial,7
2016-04-23,Ambattur,0.986,5,4,1,0,,industrial,7
2016-04-24,Ambattur,0.947,6,4,1,0,,industrial,7
2016-04-25,Ambattur,1.081,0,4,0,0,,industrial,7
2016-04-26,Ambattur,0.962,1,4,0,0,,industrial,7
2016-04-27,Ambattur,1.089,2,4,0,0,,industrial,7
2016-04-28,Ambattur,1.029,3,4,0,0,,industrial,7
2016-04-29,Ambattur,1.05,4,4,0,0,,industrial,7
2016-04-30,Ambattur,1.011,5,4,1,0,,industrial,7
2016-05-01,Ambattur,0.977,6,5,1,0,,industrial,7
2016-05-02,Ambattur,1.135,0,5,0,0,,industrial,7
2016-05-03,Ambattur,0.997,1,5,0,0,,industrial,7
2016-05-04,Ambattur,1.11,2,5,0,0,,industrial,7
2016-05-05,Ambattur,1.069,3,5,0,0,,industrial,7
2016-05-06,Ambattur,1.042,4,5,0,0,,industrial,7
2016-05-07,Ambattur,1.01,5,5,1,0,,industrial,7
2016-05-08,Ambattur,0.934,6,5,1,0,,industrial,7
2016-05-09,Ambattur,1.078,0,5,0,0,,industrial,7
2016-05-10,Ambattur,1.08,1,5,0,0,,industrial,7
2016-05-11,Ambattur,0.978,2,5,0,0,,industrial,7
2016-05-12,Ambattur,1.053,3,5,0,0,,industrial,7
2016-05-13,Ambattur,1.052,4,5,0,0,,industrial,7
2016-05-14,Ambattur,1.026,5,5,1,0,,industrial,7
2016-05-15,Ambattur,0.922,6,5,1,0,,industrial,7
2016-05-16,Ambattur,1.14,0,5,0,0,,industrial,7
2016-05-17,Ambattur,1.018,1,5,0,0,,industrial,7
2016-05-18,Ambattur,1.022,2,5,0,0,,industrial,7
2016-05-19,Ambattur,0.998,3,5,0,0,,industrial,7
2016-05-20,Ambattur,1.002,4,5,0,0,,industrial,7
2016-05-21,Ambattur,0.98,5,5,1,0,,industrial,7
2016-05-22,Ambattur,0.936,6,5,1,0,,industrial,7
2016-05-23,Ambattur,1.112,0,5,0,0,,industrial,7
2016-05-24,Ambattur,1.015,1,5,0,0,,industrial,7
2016-05-25,Ambattur,0.998,2,5,0,0,,industrial,7
2016-05-26,Ambattur,1.019,3,5,0,0,,industrial,7
2016-05-27,Ambattur,1.046,4,5,0,0,,industrial,7
2016-05-28,Ambattur,0.96,5,5,1,0,,industrial,7
2016-05-29,Ambattur,0.969,6,5,1,0,,industrial,7
2016-05-30,Ambattur,1.11,0,5,0,0,,industrial,7
2016-05-31,Ambattur,1.069,1,5,0,0,,industrial,7
2016-06-01,Ambattur,0.928,2,6,0,0,,industrial,7
2016-06-02,Ambattur,0.908,3,6,0,0,,industrial,7
2016-06-03,Ambattur,0.939,4,6,0,0,,industrial,7
2016-06-04,Ambattur,0.888,5,6,1,0,,industrial,7
2016-06-05,Ambattur,0.838,6,6,1,0,,industrial,7
2016-06-06,Ambattur,0.958,0,6,0,0,,industrial,7
2016-06-07,Ambattur,0.917,1,6,0,0,,industrial,7
2016-06-08,Ambattur,0.931,2,6,0,0,,industrial,7
2016-06-09,Ambattur,0.916,3,6,0,0,,industrial,7
2016-06-10,Ambattur,0.957,4,6,0,0,,industrial,7
2016-06-11,Ambattur,0.834,5,6,1,0,,industrial,7
2016-06-12,Ambattur,0.835,6,6,1,0,,industrial,7
2016-06-13,Ambattur,0.974,0,6,0,0,,industrial,7
2016-06-14,Ambattur,0.932,1,6,0,0,,industrial,7
2016-06-15,Ambattur,0.896,2,6,0,0,,industrial,7
2016-06-16,Ambattur,0.92,3,6,0,0,,industrial,7
2016-06-17,Ambattur,0.926,4,6,0,0,,industrial,7
2016-06-18,Ambattur,0.866,5,6,1,0,,industrial,7
2016-06-19,Ambattur,0.88,6,6,1,0,,industrial,7
2016-06-20,Ambattur,0.964,0,6,0,0,,industrial,7
2016-06-21,Ambattur,0.979,1,6,0,0,,industrial,7
2016-06-22,Ambattur,0.951,2,6,0,0,,industrial,7
2016-06-23,Ambattur,0.914,3,6,0,0,,industrial,7
2016-06-24,Ambattur,0.94,4,6,0,0,,industrial,7
2016-06-25,Ambattur,0.879,5,6,1,0,,industrial,7
2016-06-26,Ambattur,0.908,6,6,1,0,,industrial,7
2016-06-27,Ambattur,0.966,0,6,0,0,,industrial,7
2016-06-28,Ambattur,0.959,1,6,0,0,,industrial,7
2016-06-29,Ambattur,0.938,2,6,0,0,,industrial,7
2016-06-30,Ambattur,0.979,3,6,0,0,,industrial,7
2016-07-01,Ambattur,0.973,4,7,0,0,,industrial,7
2016-07-02,Ambattur,0.881,5,7,1,0,,industrial,7
2016-07-03,Ambattur,0.869,6,7,1,0,,industrial,7
2016-07-04,Ambattur,0.999,0,7,0,0,,industrial,7
2016-07-05,Ambattur,0.932,1,7,0,0,,industrial,7
2016-07-06,Ambattur,0.984,2,7,0,0,,industrial,7
2016-07-07,Ambattur,0.939,3,7,0,0,,industrial,7
2016-07-08,Ambattur,0.926,4,7,0,0,,industrial,7
2016-07-09,Ambattur,0.864,5,7,1,0,,industrial,7
2016-07-10,Ambattur,0.844,6,7,1,0,,industrial,7
2016-07-11,Ambattur,1.0,0,7,0,0,,industrial,7
2016-07-12,Ambattur,0.914,1,7,0,0,,industrial,7
2016-07-13,Ambattur,0.968,2,7,0,0,,industrial,7
2016-07-14,Ambattur,0.901,3,7,0,0,,industrial,7
2016-07-15,Ambattur,0.941,4,7,0,0,,industrial,7
2016-07-16,Ambattur,0.906,5,7,1,0,,industrial,7
2016-07-17,Ambattur,0.82,6,7,1,0,,industrial,7
2016-07-18,Ambattur,1.043,0,7,0,0,,industrial,7
2016-07-19,Ambattur,0.925,1,7,0,0,,industrial,7
2016-07-20,Ambattur,0.941,2,7,0,0,,industrial,7
2016-07-21,Ambattur,0.953,3,7,0,0,,industrial,7
2016-07-22,Ambattur,0.957,4,7,0,0,,industrial,7
2016-07-23,Ambattur,0.883,5,7,1,0,,industrial,7
2016-07-24,Ambattur,0.902,6,7,1,0,,industrial,7
2016-07-25,Ambattur,0.999,0,7,0,0,,industrial,7
2016-07-26,Ambattur,0.986,1,7,0,0,,industrial,7
2016-07-27,Ambattur,0.952,2,7,0,0,,industrial,7
2016-07-28,Ambattur,0.992,3,7,0,0,,industrial,7
2016-07-29,Ambattur,0.962,4,7,0,0,,industrial,7
2016-07-30,Ambattur,0.829,5,7,1,0,,industrial,7
2016-07-31,Ambattur,0.945,6,7,1,0,,industrial,7
2016-08-01,Ambattur,0.967,0,8,0,0,,industrial,7
2016-08-02,Ambattur,0.979,1,8,0,0,,industrial,7
2016-08-03,Ambattur,0.938,2,8,0,0,,industrial,7
2016-08-04,Ambattur,0.967,3,8,0,0,,industrial,7
2016-08-05,Ambattur,0.918,4,8,0,0,,industrial,7
2016-08-06,Ambattur,0.893,5,8,1,0,,industrial,7
2016-08-07,Ambattur,0.869,6,8,1,0,,industrial,7
2016-08-08,Ambattur,1.03,0,8,0,0,,industrial,7
2016-08-09,Ambattur,0.949,1,8,0,0,,industrial,7
2016-08-10,Ambattur,0.963,2,8,0,0,,industrial,7
2016-08-11,Ambattur,0.876,3,8,0,0,,industrial,7
2016-08-12,Ambattur,0.935,4,8,0,0,,industrial,7
2016-08-13,Ambattur,0.887,5,8,1,0,,industrial,7
2016-08-14,Ambattur,0.882,6,8,1,0,,industrial,7
2016-08-15,Ambattur,1.113,0,8,0,1,Independence,industrial,7
2016-08-16,Ambattur,0.927,1,8,0,0,,industrial,7
2016-08-17,Ambattur,0.938,2,8,0,0,,industrial,7
2016-08-18,Ambattur,0.97,3,8,0,0,,industrial,7
2016-08-19,Ambattur,0.873,4,8,0,0,,industrial,7
2016-08-20,Ambattur,0.892,5,8,1,0,,industrial,7
2016-08-21,Ambattur,0.867,6,8,1,0,,industrial,7
2016-08-22,Ambattur,0.957,0,8,0,0,,industrial,7
2016-08-23,Ambattur,0.946,1,8,0,0,,industrial,7
2016-08-24,Ambattur,0.971,2,8,0,0,,industrial,7
2016-08-25,Ambattur,0.966,3,8,0,0,,industrial,7
2016-08-26,Ambattur,0.933,4,8,0,0,,industrial,7
2016-08-27,Ambattur,0.899,5,8,1,0,,industrial,7
2016-08-28,Ambattur,0.899,6,8,1,0,,industrial,7
2016-08-29,Ambattur,0.981,0,8,0,0,,industrial,7
2016-08-30,Ambattur,0.918,1,8,0,0,,industrial,7
2016-08-31,Ambattur,0.919,2,8,0,0,,industrial,7
2016-09-01,Ambattur,0.961,3,9,0,0,,industrial,7
2016-09-02,Ambattur,0.936,4,9,0,0,,industrial,7
2016-09-03,Ambattur,0.849,5,9,1,0,,industrial,7
2016-09-04,Ambattur,0.832,6,9,1,0,,industrial,7
2016-09-05,Ambattur,1.008,0,9,0,0,,industrial,7
2016-09-06,Ambattur,0.922,1,9,0,0,,industrial,7
2016-09-07,Ambattur,0.946,2,9,0,0,,industrial,7
2016-09-08,Ambattur,1.085,3,9,0,1,Ganesh Chathurthi,industrial,7
2016-09-09,Ambattur,1.11,4,9,0,1,Ganesh Chathurthi,industrial,7
2016-09-10,Ambattur,1.181,5,9,1,1,Ganesh Chathurthi,industrial,7
2016-09-11,Ambattur,1.075,6,9,1,1,Ganesh Chathurthi,industrial,7
2016-09-12,Ambattur,1.111,0,9,0,1,Ganesh Chathurthi,industrial,7
2016-09-13,Ambattur,0.972,1,9,0,0,,industrial,7
2016-09-14,Ambattur,0.9,2,9,0,0,,industrial,7
2016-09-15,Ambattur,0.953,3,9,0,0,,industrial,7
2016-09-16,Ambattur,0.966,4,9,0,0,,industrial,7
2016-09-17,Ambattur,0.871,5,9,1,0,,industrial,7
2016-09-18,Ambattur,0.872,6,9,1,0,,industrial,7
2016-09-19,Ambattur,0.996,0,9,0,0,,industrial,7
2016-09-20,Ambattur,0.947,1,9,0,0,,industrial,7
2016-09-21,Ambattur,0.953,2,9,0,0,,industrial,7
2016-09-22,Ambattur,0.953,3,9,0,0,,industrial,7
2016-09-23,Ambattur,0.909,4,9,0,0,,industrial,7
2016-09-24,Ambattur,0.902,5,9,1,0,,industrial,7
2016-09-25,Ambattur,0.907,6,9,1,0,,industrial,7
2016-09-26,Ambattur,0.989,0,9,0,0,,industrial,7
2016-09-27,Ambattur,0.895,1,9,0,0,,industrial,7
2016-09-28,Ambattur,0.934,2,9,0,0,,industrial,7
2016-09-29,Ambattur,0.942,3,9,0,0,,industrial,7
2016-09-30,Ambattur,0.905,4,9,0,0,,industrial,7
2016-10-01,Ambattur,0.912,5,10,1,0,,industrial,7
2016-10-02,Ambattur,0.883,6,10,1,0,,industrial,7
2016-10-03,Ambattur,1.054,0,10,0,0,,industrial,7
2016-10-04,Ambattur,1.115,1,10,0,1,Dussehra,industrial,7
2016-10-05,Ambattur,1.172,2,10,0,1,Dussehra,industrial,7
2016-10-06,Ambattur,1.121,3,10,0,1,Dussehra,industrial,7
2016-10-07,Ambattur,0.985,4,10,0,0,,industrial,7
2016-10-08,Ambattur,0.936,5,10,1,0,,industrial,7
2016-10-09,Ambattur,0.911,6,10,1,0,,industrial,7
2016-10-10,Ambattur,1.011,0,10,0,0,,industrial,7
2016-10-11,Ambattur,0.963,1,10,0,0,,industrial,7
2016-10-12,Ambattur,0.97,2,10,0,0,,industrial,7
2016-10-13,Ambattur,0.987,3,10,0,0,,industrial,7
2016-10-14,Ambattur,0.991,4,10,0,0,,industrial,7
2016-10-15,Ambattur,0.917,5,10,1,0,,industrial,7
2016-10-16,Ambattur,0.91,6,10,1,0,,industrial,7
2016-10-17,Ambattur,1.025,0,10,0,0,,industrial,7
2016-10-18,Ambattur,1.061,1,10,0,0,,industrial,7
2016-10-19,Ambattur,0.963,2,10,0,0,,industrial,7
2016-10-20,Ambattur,0.97,3,10,0,0,,industrial,7
2016-10-21,Ambattur,1.084,4,10,0,0,,industrial,7
2016-10-22,Ambattur,1.058,5,10,1,1,Deepavali,industrial,7
2016-10-23,Ambattur,1.12,6,10,1,1,Deepavali,industrial,7
2016-10-24,Ambattur,1.487,0,10,0,1,Deepavali,industrial,7
2016-10-25,Ambattur,1.215,1,10,0,1,Deepavali,industrial,7
2016-10-26,Ambattur,1.148,2,10,0,1,Deepavali,industrial,7
2016-10-27,Ambattur,0.98,3,10,0,0,,industrial,7
2016-10-28,Ambattur,0.973,4,10,0,0,,industrial,7
2016-10-29,Ambattur,0.967,5,10,1,0,,industrial,7
2016-10-30,Ambattur,0.938,6,10,1,0,,industrial,7
2016-10-31,Ambattur,1.066,0,10,0,0,,industrial,7
2016-11-01,Ambattur,0.999,1,11,0,0,,industrial,7
2016-11-02,Ambattur,0.973,2,11,0,0,,industrial,7
2016-11-03,Ambattur,1.004,3,11,0,0,,industrial,7
2016-11-04,Ambattur,1.022,4,11,0,0,,industrial,7
2016-11-05,Ambattur,0.926,5,11,1,0,,industrial,7
2016-11-06,Ambattur,0.972,6,11,1,0,,industrial,7
2016-11-07,Ambattur,1.062,0,11,0,0,,industrial,7
2016-11-08,Ambattur,0.993,1,11,0,0,,industrial,7
2016-11-09,Ambattur,0.994,2,11,0,0,,industrial,7
2016-11-10,Ambattur,0.99,3,11,0,0,,industrial,7
2016-11-11,Ambattur,0.949,4,11,0,0,,industrial,7
2016-11-12,Ambattur,0.92,5,11,1,0,,industrial,7
2016-11-13,Ambattur,0.928,6,11,1,0,,industrial,7
2016-11-14,Ambattur,1.023,0,11,0,0,,industrial,7
2016-11-15,Ambattur,0.996,1,11,0,0,,industrial,7
2016-11-16,Ambattur,0.987,2,11,0,0,,industrial,7
2016-11-17,Ambattur,1.009,3,11,0,0,,industrial,7
2016-11-18,Ambattur,1.006,4,11,0,0,,industrial,7
2016-11-19,Ambattur,0.927,5,11,1,0,,industrial,7
2016-11-20,Ambattur,0.884,6,11,1,0,,industrial,7
2016-11-21,Ambattur,1.091,0,11,0,0,,industrial,7
2016-11-22,Ambattur,0.982,1,11,0,0,,industrial,7
2016-11-23,Ambattur,0.984,2,11,0,0,,industrial,7
2016-11-24,Ambattur,0.976,3,11,0,0,,industrial,7
2016-11-25,Ambattur,0.972,4,11,0,0,,industrial,7
2016-11-26,Ambattur,0.965,5,11,1,0,,industrial,7
2016-11-27,Ambattur,0.961,6,11,1,0,,industrial,7
2016-11-28,Ambattur,1.049,0,11,0,0,,industrial,7
2016-11-29,Ambattur,0.983,1,11,0,0,,industrial,7
2016-11-30,Ambattur,1.005,2,11,0,0,,industrial,7
2016-12-01,Ambattur,0.988,3,12,0,0,,industrial,7
2016-12-02,Ambattur,0.981,4,12,0,0,,industrial,7
2016-12-03,Ambattur,0.932,5,12,1,0,,industrial,7
2016-12-04,Ambattur,0.91,6,12,1,0,,industrial,7
2016-12-05,Ambattur,1.043,0,12,0,0,,industrial,7
2016-12-06,Ambattur,0.992,1,12,0,0,,industrial,7
2016-12-07,Ambattur,1.004,2,12,0,0,,industrial,7
2016-12-08,Ambattur,0.968,3,12,0,0,,industrial,7
2016-12-09,Ambattur,1.007,4,12,0,0,,industrial,7
2016-12-10,Ambattur,0.897,5,12,1,0,,industrial,7
2016-12-11,Ambattur,0.906,6,12,1,0,,industrial,7
2016-12-12,Ambattur,1.019,0,12,0,0,,industrial,7
2016-12-13,Ambattur,0.955,1,12,0,0,,industrial,7
2016-12-14,Ambattur,1.016,2,12,0,0,,industrial,7
2016-12-15,Ambattur,0.958,3,12,0,0,,industrial,7
2016-12-16,Ambattur,0.966,4,12,0,0,,industrial,7
2016-12-17,Ambattur,0.957,5,12,1,0,,industrial,7
2016-12-18,Ambattur,0.906,6,12,1,0,,industrial,7
2016-12-19,Ambattur,1.03,0,12,0,0,,industrial,7
2016-12-20,Ambattur,0.956,1,12,0,0,,industrial,7
2016-12-21,Ambattur,1.011,2,12,0,0,,industrial,7
2016-12-22,Ambattur,1.011,3,12,0,0,,industrial,7
2016-12-23,Ambattur,1.008,4,12,0,0,,industrial,7
2016-12-24,Ambattur,1.007,5,12,1,1,Christmas,industrial,7
2016-12-25,Ambattur,1.063,6,12,1,1,Christmas,industrial,7
2016-12-26,Ambattur,1.096,0,12,0,1,Christmas,industrial,7
2016-12-27,Ambattur,0.962,1,12,0,0,,industrial,7
2016-12-28,Ambattur,1.024,2,12,0,0,,industrial,7
2016-12-29,Ambattur,1.009,3,12,0,0,,industrial,7
2016-12-30,Ambattur,1.062,4,12,0,1,New Year,industrial,7
2016-12-31,Ambattur,1.108,5,12,1,1,New Year,industrial,7
2017-01-01,Ambattur,0.914,6,1,1,0,,industrial,7
2017-01-02,Ambattur,1.001,0,1,0,0,,industrial,7
2017-01-03,Ambattur,0.992,1,1,0,0,,industrial,7
2017-01-04,Ambattur,0.974,2,1,0,0,,industrial,7
2017-01-05,Ambattur,0.958,3,1,0,0,,industrial,7
2017-01-06,Ambattur,0.943,4,1,0,0,,industrial,7
2017-01-07,Ambattur,0.879,5,1,1,0,,industrial,7
2017-01-08,Ambattur,0.912,6,1,1,0,,industrial,7
2017-01-09,Ambattur,1.033,0,1,0,0,,industrial,7
2017-01-10,Ambattur,0.96,1,1,0,0,,industrial,7
2017-01-11,Ambattur,1.006,2,1,0,0,,industrial,7
2017-01-12,Ambattur,1.083,3,1,0,1,Pongal,industrial,7
2017-01-13,Ambattur,1.204,4,1,0,1,Pongal,industrial,7
2017-01-14,Ambattur,1.192,5,1,1,1,Pongal,industrial,7
2017-01-15,Ambattur,1.08,6,1,1,1,Pongal,industrial,7
2017-01-16,Ambattur,1.143,0,1,0,1,Pongal,industrial,7
2017-01-17,Ambattur,0.949,1,1,0,0,,industrial,7
2017-01-18,Ambattur,1.002,2,1,0,0,,industrial,7
2017-01-19,Ambattur,0.959,3,1,0,0,,industrial,7
2017-01-20,Ambattur,1.013,4,1,0,0,,industrial,7
2017-01-21,Ambattur,0.913,5,1,1,0,,industrial,7
2017-01-22,Ambattur,0.952,6,1,1,0,,industrial,7
2017-01-23,Ambattur,1.001,0,1,0,0,,industrial,7
2017-01-24,Ambattur,0.966,1,1,0,0,,industrial,7
2017-01-25,Ambattur,0.998,2,1,0,0,,industrial,7
2017-01-26,Ambattur,1.123,3,1,0,1,Republic Day,industrial,7
2017-01-27,Ambattur,1.036,4,1,0,0,,industrial,7
2017-01-28,Ambattur,0.923,5,1,1,0,,industrial,7
2017-01-29,Ambattur,0.973,6,1,1,0,,industrial,7
2017-01-30,Ambattur,1.027,0,1,0,0,,industrial,7
2017-01-31,Ambattur,1.019,1,1,0,0,,industrial,7
2017-02-01,Ambattur,0.958,2,2,0,0,,industrial,7
2017-02-02,Ambattur,0.999,3,2,0,0,,industrial,7
2017-02-03,Ambattur,0.917,4,2,0,0,,industrial,7
2017-02-04,Ambattur,0.891,5,2,1,0,,industrial,7
2017-02-05,Ambattur,0.935,6,2,1,0,,industrial,7
2017-02-06,Ambattur,0.995,0,2,0,0,,industrial,7
2017-02-07,Ambattur,0.999,1,2,0,0,,industrial,7
2017-02-08,Ambattur,1.013,2,2,0,0,,industrial,7
2017-02-09,Ambattur,0.971,3,2,0,0,,industrial,7
2017-02-10,Ambattur,0.958,4,2,0,0,,industrial,7
2017-02-11,Ambattur,0.909,5,2,1,0,,industrial,7
2017-02-12,Ambattur,0.895,6,2,1,0,,industrial,7
2017-02-13,Ambattur,1.032,0,2,0,0,,industrial,7
2017-02-14,Ambattur,0.989,1,2,0,0,,industrial,7
2017-02-15,Ambattur,0.977,2,2,0,0,,industrial,7
2017-02-16,Ambattur,1.036,3,2,0,0,,industrial,7
2017-02-17,Ambattur,0.965,4,2,0,0,,industrial,7
2017-02-18,Ambattur,0.961,5,2,1,0,,industrial,7
2017-02-19,Ambattur,0.893,6,2,1,0,,industrial,7
2017-02-20,Ambattur,1.038,0,2,0,0,,industrial,7
2017-02-21,Ambattur,1.021,1,2,0,0,,industrial,7
2017-02-22,Ambattur,1.02,2,2,0,0,,industrial,7
2017-02-23,Ambattur,0.974,3,2,0,0,,industrial,7
2017-02-24,Ambattur,1.003,4,2,0,0,,industrial,7
2017-02-25,Ambattur,0.934,5,2,1,0,,industrial,7
2017-02-26,Ambattur,0.907,6,2,1,0,,industrial,7
2017-02-27,Ambattur,1.055,0,2,0,0,,industrial,7
2017-02-28,Ambattur,1.041,1,2,0,0,,industrial,7
2017-03-01,Ambattur,1.05,2,3,0,0,,industrial,7
2017-03-02,Ambattur,1.053,3,3,0,0,,industrial,7
2017-03-03,Ambattur,1.056,4,3,0,0,,industrial,7
2017-03-04,Ambattur,0.926,5,3,1,0,,industrial,7
2017-03-05,Ambattur,0.982,6,3,1,0,,industrial,7
2017-03-06,Ambattur,1.054,0,3,0,0,,industrial,7
2017-03-07,Ambattur,1.017,1,3,0,0,,industrial,7
2017-03-08,Ambattur,1.103,2,3,0,0,,industrial,7
2017-03-09,Ambattur,1.028,3,3,0,0,,industrial,7
2017-03-10,Ambattur,1.013,4,3,0,0,,industrial,7
2017-03-11,Ambattur,1.002,5,3,1,0,,industrial,7
2017-03-12,Ambattur,0.941,6,3,1,0,,industrial,7
2017-03-13,Ambattur,1.073,0,3,0,0,,industrial,7
2017-03-14,Ambattur,1.074,1,3,0,0,,industrial,7
2017-03-15,Ambattur,1.037,2,3,0,0,,industrial,7
2017-03-16,Ambattur,0.987,3,3,0,0,,industrial,7
2017-03-17,Ambattur,1.053,4,3,0,0,,industrial,7
2017-03-18,Ambattur,0.957,5,3,1,0,,industrial,7
2017-03-19,Ambattur,1.013,6,3,1,0,,industrial,7
2017-03-20,Ambattur,1.068,0,3,0,0,,industrial,7
2017-03-21,Ambattur,1.068,1,3,0,0,,industrial,7
2017-03-22,Ambattur,1.091,2,3,0,0,,industrial,7
2017-03-23,Ambattur,1.009,3,3,0,0,,industrial,7
2017-03-24,Ambattur,1.03,4,3,0,0,,industrial,7
2017-03-25,Ambattur,0.98,5,3,1,0,,industrial,7
2017-03-26,Ambattur,0.943,6,3,1,0,,industrial,7
2017-03-27,Ambattur,1.096,0,3,0,0,,industrial,7
2017-03-28,Ambattur,1.029,1,3,0,0,,industrial,7
2017-03-29,Ambattur,1.028,2,3,0,0,,industrial,7
2017-03-30,Ambattur,1.037,3,3,0,0,,industrial,7
2017-03-31,Ambattur,1.038,4,3,0,0,,industrial,7
2017-04-01,Ambattur,0.941,5,4,1,0,,industrial,7
2017-04-02,Ambattur,0.919,6,4,1,0,,industrial,7
2017-04-03,Ambattur,1.034,0,4,0,0,,industrial,7
2017-04-04,Ambattur,0.998,1,4,0,0,,industrial,7
2017-04-05,Ambattur,1.0,2,4,0,0,,industrial,7
2017-04-06,Ambattur,0.988,3,4,0,0,,industrial,7
2017-04-07,Ambattur,1.011,4,4,0,0,,industrial,7
2017-04-08,Ambattur,0.885,5,4,1,0,,industrial,7
2017-04-09,Ambattur,0.916,6,4,1,0,,industrial,7
2017-04-10,Ambattur,1.042,0,4,0,0,,industrial,7
2017-04-11,Ambattur,0.975,1,4,0,0,,industrial,7
2017-04-12,Ambattur,1.05,2,4,0,0,,industrial,7
2017-04-13,Ambattur,1.127,3,4,0,1,Tamil New Year,industrial,7
2017-04-14,Ambattur,1.258,4,4,0,1,Tamil New Year,industrial,7
2017-04-15,Ambattur,1.038,5,4,1,1,Tamil New Year,industrial,7
2017-04-16,Ambattur,0.936,6,4,1,0,,industrial,7
2017-04-17,Ambattur,1.013,0,4,0,0,,industrial,7
2017-04-18,Ambattur,0.996,1,4,0,0,,industrial,7
2017-04-19,Ambattur,0.973,2,4,0,0,,industrial,7
2017-04-20,Ambattur,1.092,3,4,0,1,Eid,industrial,7
2017-04-21,Ambattur,1.109,4,4,0,1,Eid,industrial,7
2017-04-22,Ambattur,0.995,5,4,1,1,Eid,industrial,7
2017-04-23,Ambattur,0.977,6,4,1,0,,industrial,7
2017-04-24,Ambattur,1.077,0,4,0,0,,industrial,7
2017-04-25,Ambattur,1.041,1,4,0,0,,industrial,7
2017-04-26,Ambattur,1.043,2,4,0,0,,industrial,7
2017-04-27,Ambattur,1.021,3,4,0,0,,industrial,7
2017-04-28,Ambattur,0.987,4,4,0,0,,industrial,7
2017-04-29,Ambattur,0.907,5,4,1,0,,industrial,7
2017-04-30,Ambattur,0.968,6,4,1,0,,industrial,7
2017-05-01,Ambattur,1.053,0,5,0,0,,industrial,7
2017-05-02,Ambattur,1.076,1,5,0,0,,industrial,7
2017-05-03,Ambattur,0.99,2,5,0,0,,industrial,7
2017-05-04,Ambattur,1.06,3,5,0,0,,industrial,7
2017-05-05,Ambattur,0.996,4,5,0,0,,industrial,7
2017-05-06,Ambattur,0.974,5,5,1,0,,industrial,7
2017-05-07,Ambattur,0.984,6,5,1,0,,industrial,7
2017-05-08,Ambattur,1.019,0,5,0,0,,industrial,7
2017-05-09,Ambattur,0.987,1,5,0,0,,industrial,7
2017-05-10,Ambattur,0.97,2,5,0,0,,industrial,7
2017-05-11,Ambattur,0.964,3,5,0,0,,industrial,7
2017-05-12,Ambattur,1.021,4,5,0,0,,industrial,7
2017-05-13,Ambattur,0.931,5,5,1,0,,industrial,7
2017-05-14,Ambattur,0.937,6,5,1,0,,industrial,7
2017-05-15,Ambattur,1.069,0,5,0,0,,industrial,7
2017-05-16,Ambattur,0.945,1,5,0,0,,industrial,7
2017-05-17,Ambattur,1.04,2,5,0,0,,industrial,7
2017-05-18,Ambattur,0.991,3,5,0,0,,industrial,7
2017-05-19,Ambattur,1.017,4,5,0,0,,industrial,7
2017-05-20,Ambattur,0.953,5,5,1,0,,industrial,7
2017-05-21,Ambattur,0.975,6,5,1,0,,industrial,7
2017-05-22,Ambattur,1.048,0,5,0,0,,industrial,7
2017-05-23,Ambattur,0.937,1,5,0,0,,industrial,7
2017-05-24,Ambattur,1.003,2,5,0,0,,industrial,7
2017-05-25,Ambattur,1.007,3,5,0,0,,industrial,7
2017-05-26,Ambattur,0.97,4,5,0,0,,industrial,7
2017-05-27,Ambattur,0.94,5,5,1,0,,industrial,7
2017-05-28,Ambattur,0.926,6,5,1,0,,industrial,7
2017-05-29,Ambattur,1.009,0,5,0,0,,industrial,7
2017-05-30,Ambattur,1.021,1,5,0,0,,industrial,7
2017-05-31,Ambattur,0.984,2,5,0,0,,industrial,7
2017-06-01,Ambattur,0.895,3,6,0,0,,industrial,7
2017-06-02,Ambattur,0.893,4,6,0,0,,industrial,7
2017-06-03,Ambattur,0.878,5,6,1,0,,industrial,7
2017-06-04,Ambattur,0.846,6,6,1,0,,industrial,7
2017-06-05,Ambattur,0.953,0,6,0,0,,industrial,7
2017-06-06,Ambattur,0.894,1,6,0,0,,industrial,7
2017-06-07,Ambattur,0.918,2,6,0,0,,industrial,7
2017-06-08,Ambattur,0.942,3,6,0,0,,industrial,7
2017-06-09,Ambattur,0.923,4,6,0,0,,industrial,7
2017-06-10,Ambattur,0.864,5,6,1,0,,industrial,7
2017-06-11,Ambattur,0.862,6,6,1,0,,industrial,7
2017-06-12,Ambattur,0.912,0,6,0,0,,industrial,7
2017-06-13,Ambattur,0.882,1,6,0,0,,industrial,7
2017-06-14,Ambattur,0.9,2,6,0,0,,industrial,7
2017-06-15,Ambattur,0.886,3,6,0,0,,industrial,7
2017-06-16,Ambattur,0.877,4,6,0,0,,industrial,7
2017-06-17,Ambattur,0.799,5,6,1,0,,industrial,7
2017-06-18,Ambattur,0.813,6,6,1,0,,industrial,7
2017-06-19,Ambattur,0.944,0,6,0,0,,industrial,7
2017-06-20,Ambattur,0.904,1,6,0,0,,industrial,7
2017-06-21,Ambattur,0.884,2,6,0,0,,industrial,7
2017-06-22,Ambattur,0.908,3,6,0,0,,industrial,7
2017-06-23,Ambattur,0.894,4,6,0,0,,industrial,7
2017-06-24,Ambattur,0.875,5,6,1,0,,industrial,7
2017-06-25,Ambattur,0.843,6,6,1,0,,industrial,7
2017-06-26,Ambattur,0.971,0,6,0,0,,industrial,7
2017-06-27,Ambattur,0.911,1,6,0,0,,industrial,7
2017-06-28,Ambattur,0.868,2,6,0,0,,industrial,7
2017-06-29,Ambattur,0.903,3,6,0,0,,industrial,7
2017-06-30,Ambattur,0.872,4,6,0,0,,industrial,7
2017-07-01,Ambattur,0.844,5,7,1,0,,industrial,7
2017-07-02,Ambattur,0.828,6,7,1,0,,industrial,7
2017-07-03,Ambattur,0.962,0,7,0,0,,industrial,7
2017-07-04,Ambattur,0.869,1,7,0,0,,industrial,7
2017-07-05,Ambattur,0.906,2,7,0,0,,industrial,7
2017-07-06,Ambattur,0.921,3,7,0,0,,industrial,7
2017-07-07,Ambattur,0.93,4,7,0,0,,industrial,7
2017-07-08,Ambattur,0.827,5,7,1,0,,industrial,7
2017-07-09,Ambattur,0.847,6,7,1,0,,industrial,7
2017-07-10,Ambattur,0.956,0,7,0,0,,industrial,7
2017-07-11,Ambattur,0.948,1,7,0,0,,industrial,7
2017-07-12,Ambattur,0.866,2,7,0,0,,industrial,7
2017-07-13,Ambattur,0.881,3,7,0,0,,industrial,7
2017-07-14,Ambattur,0.982,4,7,0,0,,industrial,7
2017-07-15,Ambattur,0.84,5,7,1,0,,industrial,7
2017-07-16,Ambattur,0.799,6,7,1,0,,industrial,7
2017-07-17,Ambattur,0.934,0,7,0,0,,industrial,7
2017-07-18,Ambattur,0.831,1,7,0,0,,industrial,7
2017-07-19,Ambattur,0.912,2,7,0,0,,industrial,7
2017-07-20,Ambattur,0.928,3,7,0,0,,industrial,7
2017-07-21,Ambattur,0.881,4,7,0,0,,industrial,7
2017-07-22,Ambattur,0.835,5,7,1,0,,industrial,7
2017-07-23,Ambattur,0.87,6,7,1,0,,industrial,7
2017-07-24,Ambattur,0.901,0,7,0,0,,industrial,7
2017-07-25,Ambattur,0.87,1,7,0,0,,industrial,7
2017-07-26,Ambattur,0.9,2,7,0,0,,industrial,7
2017-07-27,Ambattur,0.885,3,7,0,0,,industrial,7
2017-07-28,Ambattur,0.898,4,7,0,0,,industrial,7
2017-07-29,Ambattur,0.815,5,7,1,0,,industrial,7
2017-07-30,Ambattur,0.852,6,7,1,0,,industrial,7
2017-07-31,Ambattur,0.947,0,7,0,0,,industrial,7
2017-08-01,Ambattur,0.921,1,8,0,0,,industrial,7
2017-08-02,Ambattur,0.911,2,8,0,0,,industrial,7
2017-08-03,Ambattur,0.911,3,8,0,0,,industrial,7
2017-08-04,Ambattur,0.866,4,8,0,0,,industrial,7
2017-08-05,Ambattur,0.859,5,8,1,0,,industrial,7
2017-08-06,Ambattur,0.838,6,8,1,0,,industrial,7
2017-08-07,Ambattur,0.946,0,8,0,0,,industrial,7
2017-08-08,Ambattur,0.934,1,8,0,0,,industrial,7
2017-08-09,Ambattur,0.886,2,8,0,0,,industrial,7
2017-08-10,Ambattur,0.942,3,8,0,0,,industrial,7
2017-08-11,Ambattur,0.945,4,8,0,0,,industrial,7
2017-08-12,Ambattur,0.866,5,8,1,0,,industrial,7
2017-08-13,Ambattur,0.822,6,8,1,0,,industrial,7
2017-08-14,Ambattur,0.889,0,8,0,0,,industrial,7
2017-08-15,Ambattur,1.029,1,8,0,1,Independence,industrial,7
2017-08-16,Ambattur,0.909,2,8,0,0,,industrial,7
2017-08-17,Ambattur,0.886,3,8,0,0,,industrial,7
2017-08-18,Ambattur,0.938,4,8,0,0,,industrial,7
2017-08-19,Ambattur,0.825,5,8,1,0,,industrial,7
2017-08-20,Ambattur,0.836,6,8,1,0,,industrial,7
2017-08-21,Ambattur,0.966,0,8,0,0,,industrial,7
2017-08-22,Ambattur,0.875,1,8,0,0,,industrial,7
2017-08-23,Ambattur,0.903,2,8,0,0,,industrial,7
2017-08-24,Ambattur,0.935,3,8,0,0,,industrial,7
2017-08-25,Ambattur,0.911,4,8,0,0,,industrial,7
2017-08-26,Ambattur,0.879,5,8,1,0,,industrial,7
2017-08-27,Ambattur,0.876,6,8,1,0,,industrial,7
2017-08-28,Ambattur,0.951,0,8,0,0,,industrial,7
2017-08-29,Ambattur,0.842,1,8,0,0,,industrial,7
2017-08-30,Ambattur,0.876,2,8,0,0,,industrial,7
2017-08-31,Ambattur,0.926,3,8,0,0,,industrial,7
2017-09-01,Ambattur,0.864,4,9,0,0,,industrial,7
2017-09-02,Ambattur,0.839,5,9,1,0,,industrial,7
2017-09-03,Ambattur,0.855,6,9,1,0,,industrial,7
2017-09-04,Ambattur,0.993,0,9,0,0,,industrial,7
2017-09-05,Ambattur,0.89,1,9,0,0,,industrial,7
2017-09-06,Ambattur,0.888,2,9,0,0,,industrial,7
2017-09-07,Ambattur,0.904,3,9,0,0,,industrial,7
2017-09-08,Ambattur,1.022,4,9,0,1,Ganesh Chathurthi,industrial,7
2017-09-09,Ambattur,1.04,5,9,1,1,Ganesh Chathurthi,industrial,7
2017-09-10,Ambattur,1.179,6,9,1,1,Ganesh Chathurthi,industrial,7
2017-09-11,Ambattur,1.145,0,9,0,1,Ganesh Chathurthi,industrial,7
2017-09-12,Ambattur,1.015,1,9,0,1,Ganesh Chathurthi,industrial,7
2017-09-13,Ambattur,0.918,2,9,0,0,,industrial,7
2017-09-14,Ambattur,0.895,3,9,0,0,,industrial,7
2017-09-15,Ambattur,0.929,4,9,0,0,,industrial,7
2017-09-16,Ambattur,0.851,5,9,1,0,,industrial,7
2017-09-17,Ambattur,0.867,6,9,1,0,,industrial,7
2017-09-18,Ambattur,0.957,0,9,0,0,,industrial,7
2017-09-19,Ambattur,0.916,1,9,0,0,,industrial,7
2017-09-20,Ambattur,0.889,2,9,0,0,,industrial,7
2017-09-21,Ambattur,0.889,3,9,0,0,,industrial,7
2017-09-22,Ambattur,0.939,4,9,0,0,,industrial,7
2017-09-23,Ambattur,0.863,5,9,1,0,,industrial,7
2017-09-24,Ambattur,0.821,6,9,1,0,,industrial,7
2017-09-25,Ambattur,0.956,0,9,0,0,,industrial,7
2017-09-26,Ambattur,0.841,1,9,0,0,,industrial,7
2017-09-27,Ambattur,0.89,2,9,0,0,,industrial,7
2017-09-28,Ambattur,0.932,3,9,0,0,,industrial,7
2017-09-29,Ambattur,0.902,4,9,0,0,,industrial,7
2017-09-30,Ambattur,0.85,5,9,1,0,,industrial,7
2017-10-01,Ambattur,0.811,6,10,1,0,,industrial,7
2017-10-02,Ambattur,0.989,0,10,0,0,,industrial,7
2017-10-03,Ambattur,0.963,1,10,0,0,,industrial,7
2017-10-04,Ambattur,1.088,2,10,0,1,Dussehra,industrial,7
2017-10-05,Ambattur,1.226,3,10,0,1,Dussehra,industrial,7
2017-10-06,Ambattur,1.066,4,10,0,1,Dussehra,industrial,7
2017-10-07,Ambattur,0.887,5,10,1,0,,industrial,7
2017-10-08,Ambattur,0.856,6,10,1,0,,industrial,7
2017-10-09,Ambattur,0.995,0,10,0,0,,industrial,7
2017-10-10,Ambattur,0.917,1,10,0,0,,industrial,7
2017-10-11,Ambattur,0.901,2,10,0,0,,industrial,7
2017-10-12,Ambattur,0.922,3,10,0,0,,industrial,7
2017-10-13,Ambattur,0.997,4,10,0,0,,industrial,7
2017-10-14,Ambattur,0.884,5,10,1,0,,industrial,7
2017-10-15,Ambattur,0.897,6,10,1,0,,industrial,7
2017-10-16,Ambattur,0.986,0,10,0,0,,industrial,7
2017-10-17,Ambattur,0.902,1,10,0,0,,industrial,7
2017-10-18,Ambattur,0.98,2,10,0,0,,industrial,7
2017-10-19,Ambattur,0.891,3,10,0,0,,industrial,7
2017-10-20,Ambattur,0.938,4,10,0,0,,industrial,7
2017-10-21,Ambattur,0.89,5,10,1,0,,industrial,7
2017-10-22,Ambattur,1.017,6,10,1,1,Deepavali,industrial,7
2017-10-23,Ambattur,1.24,0,10,0,1,Deepavali,industrial,7
2017-10-24,Ambattur,1.261,1,10,0,1,Deepavali,industrial,7
2017-10-25,Ambattur,1.179,2,10,0,1,Deepavali,industrial,7
2017-10-26,Ambattur,1.056,3,10,0,1,Deepavali,industrial,7
2017-10-27,Ambattur,0.931,4,10,0,0,,industrial,7
2017-10-28,Ambattur,0.917,5,10,1,0,,industrial,7
2017-10-29,Ambattur,0.859,6,10,1,0,,industrial,7
2017-10-30,Ambattur,1.01,0,10,0,0,,industrial,7
2017-10-31,Ambattur,0.958,1,10,0,0,,industrial,7
2017-11-01,Ambattur,0.981,2,11,0,0,,industrial,7
2017-11-02,Ambattur,0.95,3,11,0,0,,industrial,7
2017-11-03,Ambattur,0.976,4,11,0,0,,industrial,7
2017-11-04,Ambattur,0.887,5,11,1,0,,industrial,7
2017-11-05,Ambattur,0.903,6,11,1,0,,industrial,7
2017-11-06,Ambattur,0.956,0,11,0,0,,industrial,7
2017-11-07,Ambattur,0.878,1,11,0,0,,industrial,7
2017-11-08,Ambattur,0.964,2,11,0,0,,industrial,7
2017-11-09,Ambattur,0.966,3,11,0,0,,industrial,7
2017-11-10,Ambattur,0.967,4,11,0,0,,industrial,7
2017-11-11,Ambattur,0.877,5,11,1,0,,industrial,7
2017-11-12,Ambattur,0.931,6,11,1,0,,industrial,7
2017-11-13,Ambattur,0.987,0,11,0,0,,industrial,7
2017-11-14,Ambattur,0.965,1,11,0,0,,industrial,7
2017-11-15,Ambattur,0.97,2,11,0,0,,industrial,7
2017-11-16,Ambattur,1.003,3,11,0,0,,industrial,7
2017-11-17,Ambattur,0.944,4,11,0,0,,industrial,7
2017-11-18,Ambattur,0.874,5,11,1,0,,industrial,7
2017-11-19,Ambattur,0.851,6,11,1,0,,industrial,7
2017-11-20,Ambattur,1.048,0,11,0,0,,industrial,7
2017-11-21,Ambattur,0.965,1,11,0,0,,industrial,7
2017-11-22,Ambattur,0.966,2,11,0,0,,industrial,7
2017-11-23,Ambattur,1.043,3,11,0,0,,industrial,7
2017-11-24,Ambattur,0.963,4,11,0,0,,industrial,7
2017-11-25,Ambattur,0.857,5,11,1,0,,industrial,7
2017-11-26,Ambattur,0.886,6,11,1,0,,industrial,7
2017-11-27,Ambattur,0.972,0,11,0,0,,industrial,7
2017-11-28,Ambattur,0.942,1,11,0,0,,industrial,7
2017-11-29,Ambattur,0.942,2,11,0,0,,industrial,7
2017-11-30,Ambattur,0.937,3,11,0,0,,industrial,7
2017-12-01,Ambattur,0.914,4,12,0,0,,industrial,7
2017-12-02,Ambattur,0.934,5,12,1,0,,industrial,7
2017-12-03,Ambattur,0.899,6,12,1,0,,industrial,7
2017-12-04,Ambattur,0.994,0,12,0,0,,industrial,7
2017-12-05,Ambattur,0.975,1,12,0,0,,industrial,7
2017-12-06,Ambattur,0.967,2,12,0,0,,industrial,7
2017-12-07,Ambattur,0.961,3,12,0,0,,industrial,7
2017-12-08,Ambattur,0.973,4,12,0,0,,industrial,7
2017-12-09,Ambattur,0.895,5,12,1,0,,industrial,7
2017-12-10,Ambattur,0.909,6,12,1,0,,industrial,7
2017-12-11,Ambattur,1.024,0,12,0,0,,industrial,7
2017-12-12,Ambattur,0.958,1,12,0,0,,industrial,7
2017-12-13,Ambattur,0.947,2,12,0,0,,industrial,7
2017-12-14,Ambattur,0.997,3,12,0,0,,industrial,7
2017-12-15,Ambattur,0.94,4,12,0,0,,industrial,7
2017-12-16,Ambattur,0.902,5,12,1,0,,industrial,7
2017-12-17,Ambattur,0.903,6,12,1,0,,industrial,7
2017-12-18,Ambattur,0.983,0,12,0,0,,industrial,7
2017-12-19,Ambattur,0.93,1,12,0,0,,industrial,7
2017-12-20,Ambattur,0.943,2,12,0,0,,industrial,7
2017-12-21,Ambattur,0.939,3,12,0,0,,industrial,7
2017-12-22,Ambattur,0.912,4,12,0,0,,industrial,7
2017-12-23,Ambattur,0.874,5,12,1,0,,industrial,7
2017-12-24,Ambattur,0.966,6,12,1,1,Christmas,industrial,7
2017-12-25,Ambattur,1.195,0,12,0,1,Christmas,industrial,7
2017-12-26,Ambattur,1.042,1,12,0,1,Christmas,industrial,7
2017-12-27,Ambattur,0.879,2,12,0,0,,industrial,7
2017-12-28,Ambattur,0.972,3,12,0,0,,industrial,7
2017-12-29,Ambattur,0.937,4,12,0,0,,industrial,7
2017-12-30,Ambattur,0.994,5,12,1,1,New Year,industrial,7
2017-12-31,Ambattur,1.069,6,12,1,1,New Year,industrial,7
2018-01-01,Ambattur,0.995,0,1,0,0,,industrial,7
2018-01-02,Ambattur,0.951,1,1,0,0,,industrial,7
2018-01-03,Ambattur,0.953,2,1,0,0,,industrial,7
2018-01-04,Ambattur,0.992,3,1,0,0,,industrial,7
2018-01-05,Ambattur,0.953,4,1,0,0,,industrial,7
2018-01-06,Ambattur,0.92,5,1,1,0,,industrial,7
2018-01-07,Ambattur,0.917,6,1,1,0,,industrial,7
2018-01-08,Ambattur,1.021,0,1,0,0,,industrial,7
2018-01-09,Ambattur,0.902,1,1,0,0,,industrial,7
2018-01-10,Ambattur,0.985,2,1,0,0,,industrial,7
2018-01-11,Ambattur,0.94,3,1,0,0,,industrial,7
2018-01-12,Ambattur,1.071,4,1,0,1,Pongal,industrial,7
2018-01-13,Ambattur,1.039,5,1,1,1,Pongal,industrial,7
2018-01-14,Ambattur,1.118,6,1,1,1,Pongal,industrial,7
2018-01-15,Ambattur,1.273,0,1,0,1,Pongal,industrial,7
2018-01-16,Ambattur,1.019,1,1,0,1,Pongal,industrial,7
2018-01-17,Ambattur,0.986,2,1,0,0,,industrial,7
2018-01-18,Ambattur,0.957,3,1,0,0,,industrial,7
2018-01-19,Ambattur,0.941,4,1,0,0,,industrial,7
2018-01-20,Ambattur,0.89,5,1,1,0,,industrial,7
2018-01-21,Ambattur,0.857,6,1,1,0,,industrial,7
2018-01-22,Ambattur,1.001,0,1,0,0,,industrial,7
2018-01-23,Ambattur,0.922,1,1,0,0,,industrial,7
2018-01-24,Ambattur,0.942,2,1,0,0,,industrial,7
2018-01-25,Ambattur,0.98,3,1,0,0,,industrial,7
2018-01-26,Ambattur,1.057,4,1,0,1,Republic Day,industrial,7
2018-01-27,Ambattur,0.852,5,1,1,0,,industrial,7
2018-01-28,Ambattur,0.914,6,1,1,0,,industrial,7
2018-01-29,Ambattur,1.001,0,1,0,0,,industrial,7
2018-01-30,Ambattur,0.938,1,1,0,0,,industrial,7
2018-01-31,Ambattur,0.975,2,1,0,0,,industrial,7
2018-02-01,Ambattur,0.949,3,2,0,0,,industrial,7
2018-02-02,Ambattur,0.92,4,2,0,0,,industrial,7
2018-02-03,Ambattur,0.941,5,2,1,0,,industrial,7
2018-02-04,Ambattur,0.891,6,2,1,0,,industrial,7
2018-02-05,Ambattur,0.999,0,2,0,0,,industrial,7
2018-02-06,Ambattur,0.942,1,2,0,0,,industrial,7
2018-02-07,Ambattur,0.987,2,2,0,0,,industrial,7
2018-02-08,Ambattur,0.938,3,2,0,0,,industrial,7
2018-02-09,Ambattur,0.909,4,2,0,0,,industrial,7
2018-02-10,Ambattur,0.873,5,2,1,0,,industrial,7
2018-02-11,Ambattur,0.927,6,2,1,0,,industrial,7
2018-02-12,Ambattur,1.026,0,2,0,0,,industrial,7
2018-02-13,Ambattur,0.946,1,2,0,0,,industrial,7
2018-02-14,Ambattur,0.993,2,2,0,0,,industrial,7
2018-02-15,Ambattur,0.975,3,2,0,0,,industrial,7
2018-02-16,Ambattur,0.946,4,2,0,0,,industrial,7
2018-02-17,Ambattur,0.887,5,2,1,0,,industrial,7
2018-02-18,Ambattur,0.9,6,2,1,0,,industrial,7
2018-02-19,Ambattur,0.976,0,2,0,0,,industrial,7
2018-02-20,Ambattur,0.954,1,2,0,0,,industrial,7
2018-02-21,Ambattur,0.962,2,2,0,0,,industrial,7
2018-02-22,Ambattur,0.905,3,2,0,0,,industrial,7
2018-02-23,Ambattur,0.948,4,2,0,0,,industrial,7
2018-02-24,Ambattur,0.883,5,2,1,0,,industrial,7
2018-02-25,Ambattur,0.919,6,2,1,0,,industrial,7
2018-02-26,Ambattur,0.946,0,2,0,0,,industrial,7
2018-02-27,Ambattur,0.943,1,2,0,0,,industrial,7
2018-02-28,Ambattur,0.94,2,2,0,0,,industrial,7
2018-03-01,Ambattur,1.03,3,3,0,0,,industrial,7
2018-03-02,Ambattur,1.0,4,3,0,0,,industrial,7
2018-03-03,Ambattur,0.986,5,3,1,0,,industrial,7
2018-03-04,Ambattur,0.955,6,3,1,0,,industrial,7
2018-03-05,Ambattur,1.038,0,3,0,0,,industrial,7
2018-03-06,Ambattur,1.008,1,3,0,0,,industrial,7
2018-03-07,Ambattur,0.99,2,3,0,0,,industrial,7
2018-03-08,Ambattur,1.027,3,3,0,0,,industrial,7
2018-03-09,Ambattur,0.961,4,3,0,0,,industrial,7
2018-03-10,Ambattur,0.913,5,3,1,0,,industrial,7
2018-03-11,Ambattur,0.949,6,3,1,0,,industrial,7
2018-03-12,Ambattur,1.09,0,3,0,0,,industrial,7
2018-03-13,Ambattur,0.935,1,3,0,0,,industrial,7
2018-03-14,Ambattur,1.042,2,3,0,0,,industrial,7
2018-03-15,Ambattur,0.997,3,3,0,0,,industrial,7
2018-03-16,Ambattur,0.945,4,3,0,0,,industrial,7
2018-03-17,Ambattur,0.852,5,3,1,0,,industrial,7
2018-03-18,Ambattur,0.893,6,3,1,0,,industrial,7
2018-03-19,Ambattur,1.051,0,3,0,0,,industrial,7
2018-03-20,Ambattur,0.999,1,3,0,0,,industrial,7
2018-03-21,Ambattur,1.02,2,3,0,0,,industrial,7
2018-03-22,Ambattur,0.985,3,3,0,0,,industrial,7
2018-03-23,Ambattur,0.968,4,3,0,0,,industrial,7
2018-03-24,Ambattur,0.924,5,3,1,0,,industrial,7
2018-03-25,Ambattur,0.937,6,3,1,0,,industrial,7
2018-03-26,Ambattur,1.058,0,3,0,0,,industrial,7
2018-03-27,Ambattur,0.977,1,3,0,0,,industrial,7
2018-03-28,Ambattur,1.028,2,3,0,0,,industrial,7
2018-03-29,Ambattur,0.982,3,3,0,0,,industrial,7
2018-03-30,Ambattur,0.975,4,3,0,0,,industrial,7
2018-03-31,Ambattur,0.921,5,3,1,0,,industrial,7
2015-04-01,Anna Nagar,1.333,2,4,0,0,,residential,8
2015-04-02,Anna Nagar,1.286,3,4,0,0,,residential,8
2015-04-03,Anna Nagar,1.265,4,4,0,0,,residential,8
2015-04-04,Anna Nagar,1.46,5,4,1,0,,residential,8
2015-04-05,Anna Nagar,1.512,6,4,1,0,,residential,8
2015-04-06,Anna Nagar,1.365,0,4,0,0,,residential,8
2015-04-07,Anna Nagar,1.339,1,4,0,0,,residential,8
2015-04-08,Anna Nagar,1.332,2,4,0,0,,residential,8
2015-04-09,Anna Nagar,1.268,3,4,0,0,,residential,8
2015-04-10,Anna Nagar,1.293,4,4,0,0,,residential,8
2015-04-11,Anna Nagar,1.366,5,4,1,0,,residential,8
2015-04-12,Anna Nagar,1.412,6,4,1,0,,residential,8
2015-04-13,Anna Nagar,1.497,0,4,0,1,Tamil New Year,residential,8
2015-04-14,Anna Nagar,1.595,1,4,0,1,Tamil New Year,residential,8
2015-04-15,Anna Nagar,1.42,2,4,0,1,Tamil New Year,residential,8
2015-04-16,Anna Nagar,1.281,3,4,0,0,,residential,8
2015-04-17,Anna Nagar,1.312,4,4,0,0,,residential,8
2015-04-18,Anna Nagar,1.416,5,4,1,0,,residential,8
2015-04-19,Anna Nagar,1.341,6,4,1,0,,residential,8
2015-04-20,Anna Nagar,1.458,0,4,0,1,Eid,residential,8
2015-04-21,Anna Nagar,1.479,1,4,0,1,Eid,residential,8
2015-04-22,Anna Nagar,1.431,2,4,0,1,Eid,residential,8
2015-04-23,Anna Nagar,1.311,3,4,0,0,,residential,8
2015-04-24,Anna Nagar,1.302,4,4,0,0,,residential,8
2015-04-25,Anna Nagar,1.387,5,4,1,0,,residential,8
2015-04-26,Anna Nagar,1.431,6,4,1,0,,residential,8
2015-04-27,Anna Nagar,1.337,0,4,0,0,,residential,8
2015-04-28,Anna Nagar,1.248,1,4,0,0,,residential,8
2015-04-29,Anna Nagar,1.32,2,4,0,0,,residential,8
2015-04-30,Anna Nagar,1.323,3,4,0,0,,residential,8
2015-05-01,Anna Nagar,1.328,4,5,0,0,,residential,8
2015-05-02,Anna Nagar,1.395,5,5,1,0,,residential,8
2015-05-03,Anna Nagar,1.471,6,5,1,0,,residential,8
2015-05-04,Anna Nagar,1.336,0,5,0,0,,residential,8
2015-05-05,Anna Nagar,1.317,1,5,0,0,,residential,8
2015-05-06,Anna Nagar,1.272,2,5,0,0,,residential,8
2015-05-07,Anna Nagar,1.283,3,5,0,0,,residential,8
2015-05-08,Anna Nagar,1.198,4,5,0,0,,residential,8
2015-05-09,Anna Nagar,1.408,5,5,1,0,,residential,8
2015-05-10,Anna Nagar,1.425,6,5,1,0,,residential,8
2015-05-11,Anna Nagar,1.34,0,5,0,0,,residential,8
2015-05-12,Anna Nagar,1.36,1,5,0,0,,residential,8
2015-05-13,Anna Nagar,1.247,2,5,0,0,,residential,8
2015-05-14,Anna Nagar,1.27,3,5,0,0,,residential,8
2015-05-15,Anna Nagar,1.257,4,5,0,0,,residential,8
2015-05-16,Anna Nagar,1.397,5,5,1,0,,residential,8
2015-05-17,Anna Nagar,1.465,6,5,1,0,,residential,8
2015-05-18,Anna Nagar,1.416,0,5,0,0,,residential,8
2015-05-19,Anna Nagar,1.264,1,5,0,0,,residential,8
2015-05-20,Anna Nagar,1.264,2,5,0,0,,residential,8
2015-05-21,Anna Nagar,1.247,3,5,0,0,,residential,8
2015-05-22,Anna Nagar,1.342,4,5,0,0,,residential,8
2015-05-23,Anna Nagar,1.469,5,5,1,0,,residential,8
2015-05-24,Anna Nagar,1.416,6,5,1,0,,residential,8
2015-05-25,Anna Nagar,1.299,0,5,0,0,,residential,8
2015-05-26,Anna Nagar,1.241,1,5,0,0,,residential,8
2015-05-27,Anna Nagar,1.298,2,5,0,0,,residential,8
2015-05-28,Anna Nagar,1.313,3,5,0,0,,residential,8
2015-05-29,Anna Nagar,1.212,4,5,0,0,,residential,8
2015-05-30,Anna Nagar,1.407,5,5,1,0,,residential,8
2015-05-31,Anna Nagar,1.49,6,5,1,0,,residential,8
2015-06-01,Anna Nagar,1.219,0,6,0,0,,residential,8
2015-06-02,Anna Nagar,1.221,1,6,0,0,,residential,8
2015-06-03,Anna Nagar,1.191,2,6,0,0,,residential,8
2015-06-04,Anna Nagar,1.131,3,6,0,0,,residential,8
2015-06-05,Anna Nagar,1.158,4,6,0,0,,residential,8
2015-06-06,Anna Nagar,1.281,5,6,1,0,,residential,8
2015-06-07,Anna Nagar,1.249,6,6,1,0,,residential,8
2015-06-08,Anna Nagar,1.191,0,6,0,0,,residential,8
2015-06-09,Anna Nagar,1.221,1,6,0,0,,residential,8
2015-06-10,Anna Nagar,1.134,2,6,0,0,,residential,8
2015-06-11,Anna Nagar,1.206,3,6,0,0,,residential,8
2015-06-12,Anna Nagar,1.153,4,6,0,0,,residential,8
2015-06-13,Anna Nagar,1.285,5,6,1,0,,residential,8
2015-06-14,Anna Nagar,1.307,6,6,1,0,,residential,8
2015-06-15,Anna Nagar,1.205,0,6,0,0,,residential,8
2015-06-16,Anna Nagar,1.189,1,6,0,0,,residential,8
2015-06-17,Anna Nagar,1.097,2,6,0,0,,residential,8
2015-06-18,Anna Nagar,1.184,3,6,0,0,,residential,8
2015-06-19,Anna Nagar,1.082,4,6,0,0,,residential,8
2015-06-20,Anna Nagar,1.277,5,6,1,0,,residential,8
2015-06-21,Anna Nagar,1.318,6,6,1,0,,residential,8
2015-06-22,Anna Nagar,1.25,0,6,0,0,,residential,8
2015-06-23,Anna Nagar,1.123,1,6,0,0,,residential,8
2015-06-24,Anna Nagar,1.128,2,6,0,0,,residential,8
2015-06-25,Anna Nagar,1.144,3,6,0,0,,residential,8
2015-06-26,Anna Nagar,1.175,4,6,0,0,,residential,8
2015-06-27,Anna Nagar,1.207,5,6,1,0,,residential,8
2015-06-28,Anna Nagar,1.285,6,6,1,0,,residential,8
2015-06-29,Anna Nagar,1.239,0,6,0,0,,residential,8
2015-06-30,Anna Nagar,1.159,1,6,0,0,,residential,8
2015-07-01,Anna Nagar,1.187,2,7,0,0,,residential,8
2015-07-02,Anna Nagar,1.176,3,7,0,0,,residential,8
2015-07-03,Anna Nagar,1.15,4,7,0,0,,residential,8
2015-07-04,Anna Nagar,1.211,5,7,1,0,,residential,8
2015-07-05,Anna Nagar,1.291,6,7,1,0,,residential,8
2015-07-06,Anna Nagar,1.192,0,7,0,0,,residential,8
2015-07-07,Anna Nagar,1.148,1,7,0,0,,residential,8
2015-07-08,Anna Nagar,1.185,2,7,0,0,,residential,8
2015-07-09,Anna Nagar,1.218,3,7,0,0,,residential,8
2015-07-10,Anna Nagar,1.167,4,7,0,0,,residential,8
2015-07-11,Anna Nagar,1.307,5,7,1,0,,residential,8
2015-07-12,Anna Nagar,1.23,6,7,1,0,,residential,8
2015-07-13,Anna Nagar,1.236,0,7,0,0,,residential,8
2015-07-14,Anna Nagar,1.167,1,7,0,0,,residential,8
2015-07-15,Anna Nagar,1.212,2,7,0,0,,residential,8
2015-07-16,Anna Nagar,1.15,3,7,0,0,,residential,8
2015-07-17,Anna Nagar,1.16,4,7,0,0,,residential,8
2015-07-18,Anna Nagar,1.326,5,7,1,0,,residential,8
2015-07-19,Anna Nagar,1.282,6,7,1,0,,residential,8
2015-07-20,Anna Nagar,1.186,0,7,0,0,,residential,8
2015-07-21,Anna Nagar,1.258,1,7,0,0,,residential,8
2015-07-22,Anna Nagar,1.131,2,7,0,0,,residential,8
2015-07-23,Anna Nagar,1.166,3,7,0,0,,residential,8
2015-07-24,Anna Nagar,1.181,4,7,0,0,,residential,8
2015-07-25,Anna Nagar,1.296,5,7,1,0,,residential,8
2015-07-26,Anna Nagar,1.278,6,7,1,0,,residential,8
2015-07-27,Anna Nagar,1.22,0,7,0,0,,residential,8
2015-07-28,Anna Nagar,1.16,1,7,0,0,,residential,8
2015-07-29,Anna Nagar,1.13,2,7,0,0,,residential,8
2015-07-30,Anna Nagar,1.244,3,7,0,0,,residential,8
2015-07-31,Anna Nagar,1.161,4,7,0,0,,residential,8
2015-08-01,Anna Nagar,1.309,5,8,1,0,,residential,8
2015-08-02,Anna Nagar,1.273,6,8,1,0,,residential,8
2015-08-03,Anna Nagar,1.214,0,8,0,0,,residential,8
2015-08-04,Anna Nagar,1.153,1,8,0,0,,residential,8
2015-08-05,Anna Nagar,1.114,2,8,0,0,,residential,8
2015-08-06,Anna Nagar,1.163,3,8,0,0,,residential,8
2015-08-07,Anna Nagar,1.154,4,8,0,0,,residential,8
2015-08-08,Anna Nagar,1.331,5,8,1,0,,residential,8
2015-08-09,Anna Nagar,1.239,6,8,1,0,,residential,8
2015-08-10,Anna Nagar,1.206,0,8,0,0,,residential,8
2015-08-11,Anna Nagar,1.137,1,8,0,0,,residential,8
2015-08-12,Anna Nagar,1.219,2,8,0,0,,residential,8
2015-08-13,Anna Nagar,1.138,3,8,0,0,,residential,8
2015-08-14,Anna Nagar,1.188,4,8,0,0,,residential,8
2015-08-15,Anna Nagar,1.455,5,8,1,1,Independence,residential,8
2015-08-16,Anna Nagar,1.28,6,8,1,0,,residential,8
2015-08-17,Anna Nagar,1.176,0,8,0,0,,residential,8
2015-08-18,Anna Nagar,1.121,1,8,0,0,,residential,8
2015-08-19,Anna Nagar,1.199,2,8,0,0,,residential,8
2015-08-20,Anna Nagar,1.124,3,8,0,0,,residential,8
2015-08-21,Anna Nagar,1.182,4,8,0,0,,residential,8
2015-08-22,Anna Nagar,1.29,5,8,1,0,,residential,8
2015-08-23,Anna Nagar,1.3,6,8,1,0,,residential,8
2015-08-24,Anna Nagar,1.244,0,8,0,0,,residential,8
2015-08-25,Anna Nagar,1.136,1,8,0,0,,residential,8
2015-08-26,Anna Nagar,1.134,2,8,0,0,,residential,8
2015-08-27,Anna Nagar,1.194,3,8,0,0,,residential,8
2015-08-28,Anna Nagar,1.147,4,8,0,0,,residential,8
2015-08-29,Anna Nagar,1.179,5,8,1,0,,residential,8
2015-08-30,Anna Nagar,1.311,6,8,1,0,,residential,8
2015-08-31,Anna Nagar,1.189,0,8,0,0,,residential,8
2015-09-01,Anna Nagar,1.185,1,9,0,0,,residential,8
2015-09-02,Anna Nagar,1.217,2,9,0,0,,residential,8
2015-09-03,Anna Nagar,1.169,3,9,0,0,,residential,8
2015-09-04,Anna Nagar,1.204,4,9,0,0,,residential,8
2015-09-05,Anna Nagar,1.291,5,9,1,0,,residential,8
2015-09-06,Anna Nagar,1.347,6,9,1,0,,residential,8
2015-09-07,Anna Nagar,1.188,0,9,0,0,,residential,8
2015-09-08,Anna Nagar,1.305,1,9,0,1,Ganesh Chathurthi,residential,8
2015-09-09,Anna Nagar,1.47,2,9,0,1,Ganesh Chathurthi,residential,8
2015-09-10,Anna Nagar,1.569,3,9,0,1,Ganesh Chathurthi,residential,8
2015-09-11,Anna Nagar,1.491,4,9,0,1,Ganesh Chathurthi,residential,8
2015-09-12,Anna Nagar,1.417,5,9,1,1,Ganesh Chathurthi,residential,8
2015-09-13,Anna Nagar,1.365,6,9,1,0,,residential,8
2015-09-14,Anna Nagar,1.305,0,9,0,0,,residential,8
2015-09-15,Anna Nagar,1.179,1,9,0,0,,residential,8
2015-09-16,Anna Nagar,1.188,2,9,0,0,,residential,8
2015-09-17,Anna Nagar,1.21,3,9,0,0,,residential,8
2015-09-18,Anna Nagar,1.127,4,9,0,0,,residential,8
2015-09-19,Anna Nagar,1.235,5,9,1,0,,residential,8
2015-09-20,Anna Nagar,1.334,6,9,1,0,,residential,8
2015-09-21,Anna Nagar,1.237,0,9,0,0,,residential,8
2015-09-22,Anna Nagar,1.161,1,9,0,0,,residential,8
2015-09-23,Anna Nagar,1.169,2,9,0,0,,residential,8
2015-09-24,Anna Nagar,1.085,3,9,0,0,,residential,8
2015-09-25,Anna Nagar,1.162,4,9,0,0,,residential,8
2015-09-26,Anna Nagar,1.256,5,9,1,0,,residential,8
2015-09-27,Anna Nagar,1.321,6,9,1,0,,residential,8
2015-09-28,Anna Nagar,1.264,0,9,0,0,,residential,8
2015-09-29,Anna Nagar,1.189,1,9,0,0,,residential,8
2015-09-30,Anna Nagar,1.182,2,9,0,0,,residential,8
2015-10-01,Anna Nagar,1.175,3,10,0,0,,residential,8
2015-10-02,Anna Nagar,1.252,4,10,0,0,,residential,8
2015-10-03,Anna Nagar,1.379,5,10,1,0,,residential,8
2015-10-04,Anna Nagar,1.579,6,10,1,1,Dussehra,residential,8
2015-10-05,Anna Nagar,1.717,0,10,0,1,Dussehra,residential,8
2015-10-06,Anna Nagar,1.314,1,10,0,1,Dussehra,residential,8
2015-10-07,Anna Nagar,1.216,2,10,0,0,,residential,8
2015-10-08,Anna Nagar,1.203,3,10,0,0,,residential,8
2015-10-09,Anna Nagar,1.237,4,10,0,0,,residential,8
2015-10-10,Anna Nagar,1.354,5,10,1,0,,residential,8
2015-10-11,Anna Nagar,1.344,6,10,1,0,,residential,8
2015-10-12,Anna Nagar,1.331,0,10,0,0,,residential,8
2015-10-13,Anna Nagar,1.189,1,10,0,0,,residential,8
2015-10-14,Anna Nagar,1.192,2,10,0,0,,residential,8
2015-10-15,Anna Nagar,1.192,3,10,0,0,,residential,8
2015-10-16,Anna Nagar,1.217,4,10,0,0,,residential,8
2015-10-17,Anna Nagar,1.303,5,10,1,0,,residential,8
2015-10-18,Anna Nagar,1.351,6,10,1,0,,residential,8
2015-10-19,Anna Nagar,1.285,0,10,0,0,,residential,8
2015-10-20,Anna Nagar,1.201,1,10,0,0,,residential,8
2015-10-21,Anna Nagar,1.262,2,10,0,0,,residential,8
2015-10-22,Anna Nagar,1.392,3,10,0,1,Deepavali,residential,8
2015-10-23,Anna Nagar,1.608,4,10,0,1,Deepavali,residential,8
2015-10-24,Anna Nagar,1.883,5,10,1,1,Deepavali,residential,8
2015-10-25,Anna Nagar,1.713,6,10,1,1,Deepavali,residential,8
2015-10-26,Anna Nagar,1.439,0,10,0,1,Deepavali,residential,8
2015-10-27,Anna Nagar,1.23,1,10,0,0,,residential,8
2015-10-28,Anna Nagar,1.256,2,10,0,0,,residential,8
2015-10-29,Anna Nagar,1.215,3,10,0,0,,residential,8
2015-10-30,Anna Nagar,1.249,4,10,0,0,,residential,8
2015-10-31,Anna Nagar,1.32,5,10,1,0,,residential,8
2015-11-01,Anna Nagar,1.384,6,11,1,0,,residential,8
2015-11-02,Anna Nagar,1.269,0,11,0,0,,residential,8
2015-11-03,Anna Nagar,1.262,1,11,0,0,,residential,8
2015-11-04,Anna Nagar,1.232,2,11,0,0,,residential,8
2015-11-05,Anna Nagar,1.286,3,11,0,0,,residential,8
2015-11-06,Anna Nagar,1.188,4,11,0,0,,residential,8
2015-11-07,Anna Nagar,1.293,5,11,1,0,,residential,8
2015-11-08,Anna Nagar,1.328,6,11,1,0,,residential,8
2015-11-09,Anna Nagar,1.238,0,11,0,0,,residential,8
2015-11-10,Anna Nagar,1.179,1,11,0,0,,residential,8
2015-11-11,Anna Nagar,1.253,2,11,0,0,,residential,8
2015-11-12,Anna Nagar,1.23,3,11,0,0,,residential,8
2015-11-13,Anna Nagar,1.212,4,11,0,0,,residential,8
2015-11-14,Anna Nagar,1.337,5,11,1,0,,residential,8
2015-11-15,Anna Nagar,1.329,6,11,1,0,,residential,8
2015-11-16,Anna Nagar,1.356,0,11,0,0,,residential,8
2015-11-17,Anna Nagar,1.203,1,11,0,0,,residential,8
2015-11-18,Anna Nagar,1.181,2,11,0,0,,residential,8
2015-11-19,Anna Nagar,1.26,3,11,0,0,,residential,8
2015-11-20,Anna Nagar,1.222,4,11,0,0,,residential,8
2015-11-21,Anna Nagar,1.436,5,11,1,0,,residential,8
2015-11-22,Anna Nagar,1.332,6,11,1,0,,residential,8
2015-11-23,Anna Nagar,1.324,0,11,0,0,,residential,8
2015-11-24,Anna Nagar,1.27,1,11,0,0,,residential,8
2015-11-25,Anna Nagar,1.211,2,11,0,0,,residential,8
2015-11-26,Anna Nagar,1.203,3,11,0,0,,residential,8
2015-11-27,Anna Nagar,1.257,4,11,0,0,,residential,8
2015-11-28,Anna Nagar,1.376,5,11,1,0,,residential,8
2015-11-29,Anna Nagar,1.296,6,11,1,0,,residential,8
2015-11-30,Anna Nagar,1.248,0,11,0,0,,residential,8
2015-12-01,Anna Nagar,1.137,1,12,0,0,,residential,8
2015-12-02,Anna Nagar,1.252,2,12,0,0,,residential,8
2015-12-03,Anna Nagar,1.22,3,12,0,0,,residential,8
2015-12-04,Anna Nagar,1.224,4,12,0,0,,residential,8
2015-12-05,Anna Nagar,1.284,5,12,1,0,,residential,8
2015-12-06,Anna Nagar,1.309,6,12,1,0,,residential,8
2015-12-07,Anna Nagar,1.273,0,12,0,0,,residential,8
2015-12-08,Anna Nagar,1.205,1,12,0,0,,residential,8
2015-12-09,Anna Nagar,1.234,2,12,0,0,,residential,8
2015-12-10,Anna Nagar,1.252,3,12,0,0,,residential,8
2015-12-11,Anna Nagar,1.314,4,12,0,0,,residential,8
2015-12-12,Anna Nagar,1.352,5,12,1,0,,residential,8
2015-12-13,Anna Nagar,1.398,6,12,1,0,,residential,8
2015-12-14,Anna Nagar,1.259,0,12,0,0,,residential,8
2015-12-15,Anna Nagar,1.168,1,12,0,0,,residential,8
2015-12-16,Anna Nagar,1.217,2,12,0,0,,residential,8
2015-12-17,Anna Nagar,1.171,3,12,0,0,,residential,8
2015-12-18,Anna Nagar,1.231,4,12,0,0,,residential,8
2015-12-19,Anna Nagar,1.321,5,12,1,0,,residential,8
2015-12-20,Anna Nagar,1.274,6,12,1,0,,residential,8
2015-12-21,Anna Nagar,1.359,0,12,0,0,,residential,8
2015-12-22,Anna Nagar,1.21,1,12,0,0,,residential,8
2015-12-23,Anna Nagar,1.17,2,12,0,0,,residential,8
2015-12-24,Anna Nagar,1.358,3,12,0,1,Christmas,residential,8
2015-12-25,Anna Nagar,1.384,4,12,0,1,Christmas,residential,8
2015-12-26,Anna Nagar,1.502,5,12,1,1,Christmas,residential,8
2015-12-27,Anna Nagar,1.323,6,12,1,0,,residential,8
2015-12-28,Anna Nagar,1.271,0,12,0,0,,residential,8
2015-12-29,Anna Nagar,1.243,1,12,0,0,,residential,8
2015-12-30,Anna Nagar,1.377,2,12,0,1,New Year,residential,8
2015-12-31,Anna Nagar,1.51,3,12,0,1,New Year,residential,8
2016-01-01,Anna Nagar,1.227,4,1,0,0,,residential,8
2016-01-02,Anna Nagar,1.375,5,1,1,0,,residential,8
2016-01-03,Anna Nagar,1.383,6,1,1,0,,residential,8
2016-01-04,Anna Nagar,1.299,0,1,0,0,,residential,8
2016-01-05,Anna Nagar,1.225,1,1,0,0,,residential,8
2016-01-06,Anna Nagar,1.177,2,1,0,0,,residential,8
2016-01-07,Anna Nagar,1.252,3,1,0,0,,residential,8
2016-01-08,Anna Nagar,1.232,4,1,0,0,,residential,8
2016-01-09,Anna Nagar,1.336,5,1,1,0,,residential,8
2016-01-10,Anna Nagar,1.405,6,1,1,0,,residential,8
2016-01-11,Anna Nagar,1.236,0,1,0,0,,residential,8
2016-01-12,Anna Nagar,1.42,1,1,0,1,Pongal,residential,8
2016-01-13,Anna Nagar,1.475,2,1,0,1,Pongal,residential,8
2016-01-14,Anna Nagar,1.614,3,1,0,1,Pongal,residential,8
2016-01-15,Anna Nagar,1.459,4,1,0,1,Pongal,residential,8
2016-01-16,Anna Nagar,1.414,5,1,1,1,Pongal,residential,8
2016-01-17,Anna Nagar,1.347,6,1,1,0,,residential,8
2016-01-18,Anna Nagar,1.305,0,1,0,0,,residential,8
2016-01-19,Anna Nagar,1.255,1,1,0,0,,residential,8
2016-01-20,Anna Nagar,1.223,2,1,0,0,,residential,8
2016-01-21,Anna Nagar,1.149,3,1,0,0,,residential,8
2016-01-22,Anna Nagar,1.173,4,1,0,0,,residential,8
2016-01-23,Anna Nagar,1.436,5,1,1,0,,residential,8
2016-01-24,Anna Nagar,1.309,6,1,1,0,,residential,8
2016-01-25,Anna Nagar,1.347,0,1,0,0,,residential,8
2016-01-26,Anna Nagar,1.315,1,1,0,1,Republic Day,residential,8
2016-01-27,Anna Nagar,1.223,2,1,0,0,,residential,8
2016-01-28,Anna Nagar,1.253,3,1,0,0,,residential,8
2016-01-29,Anna Nagar,1.2,4,1,0,0,,residential,8
2016-01-30,Anna Nagar,1.418,5,1,1,0,,residential,8
2016-01-31,Anna Nagar,1.356,6,1,1,0,,residential,8
2016-02-01,Anna Nagar,1.31,0,2,0,0,,residential,8
2016-02-02,Anna Nagar,1.22,1,2,0,0,,residential,8
2016-02-03,Anna Nagar,1.254,2,2,0,0,,residential,8
2016-02-04,Anna Nagar,1.288,3,2,0,0,,residential,8
2016-02-05,Anna Nagar,1.225,4,2,0,0,,residential,8
2016-02-06,Anna Nagar,1.423,5,2,1,0,,residential,8
2016-02-07,Anna Nagar,1.328,6,2,1,0,,residential,8
2016-02-08,Anna Nagar,1.321,0,2,0,0,,residential,8
2016-02-09,Anna Nagar,1.248,1,2,0,0,,residential,8
2016-02-10,Anna Nagar,1.191,2,2,0,0,,residential,8
2016-02-11,Anna Nagar,1.238,3,2,0,0,,residential,8
2016-02-12,Anna Nagar,1.23,4,2,0,0,,residential,8
2016-02-13,Anna Nagar,1.319,5,2,1,0,,residential,8
2016-02-14,Anna Nagar,1.368,6,2,1,0,,residential,8
2016-02-15,Anna Nagar,1.297,0,2,0,0,,residential,8
2016-02-16,Anna Nagar,1.227,1,2,0,0,,residential,8
2016-02-17,Anna Nagar,1.228,2,2,0,0,,residential,8
2016-02-18,Anna Nagar,1.227,3,2,0,0,,residential,8
2016-02-19,Anna Nagar,1.217,4,2,0,0,,residential,8
2016-02-20,Anna Nagar,1.359,5,2,1,0,,residential,8
2016-02-21,Anna Nagar,1.327,6,2,1,0,,residential,8
2016-02-22,Anna Nagar,1.395,0,2,0,0,,residential,8
2016-02-23,Anna Nagar,1.178,1,2,0,0,,residential,8
2016-02-24,Anna Nagar,1.209,2,2,0,0,,residential,8
2016-02-25,Anna Nagar,1.211,3,2,0,0,,residential,8
2016-02-26,Anna Nagar,1.305,4,2,0,0,,residential,8
2016-02-27,Anna Nagar,1.3,5,2,1,0,,residential,8
2016-02-28,Anna Nagar,1.37,6,2,1,0,,residential,8
2016-02-29,Anna Nagar,1.301,0,2,0,0,,residential,8
2016-03-01,Anna Nagar,1.305,1,3,0,0,,residential,8
2016-03-02,Anna Nagar,1.34,2,3,0,0,,residential,8
2016-03-03,Anna Nagar,1.339,3,3,0,0,,residential,8
2016-03-04,Anna Nagar,1.274,4,3,0,0,,residential,8
2016-03-05,Anna Nagar,1.429,5,3,1,0,,residential,8
2016-03-06,Anna Nagar,1.341,6,3,1,0,,residential,8
2016-03-07,Anna Nagar,1.36,0,3,0,0,,residential,8
2016-03-08,Anna Nagar,1.261,1,3,0,0,,residential,8
2016-03-09,Anna Nagar,1.284,2,3,0,0,,residential,8
2016-03-10,Anna Nagar,1.226,3,3,0,0,,residential,8
2016-03-11,Anna Nagar,1.307,4,3,0,0,,residential,8
2016-03-12,Anna Nagar,1.348,5,3,1,0,,residential,8
2016-03-13,Anna Nagar,1.427,6,3,1,0,,residential,8
2016-03-14,Anna Nagar,1.306,0,3,0,0,,residential,8
2016-03-15,Anna Nagar,1.259,1,3,0,0,,residential,8
2016-03-16,Anna Nagar,1.336,2,3,0,0,,residential,8
2016-03-17,Anna Nagar,1.314,3,3,0,0,,residential,8
2016-03-18,Anna Nagar,1.336,4,3,0,0,,residential,8
2016-03-19,Anna Nagar,1.487,5,3,1,0,,residential,8
2016-03-20,Anna Nagar,1.388,6,3,1,0,,residential,8
2016-03-21,Anna Nagar,1.417,0,3,0,0,,residential,8
2016-03-22,Anna Nagar,1.235,1,3,0,0,,residential,8
2016-03-23,Anna Nagar,1.321,2,3,0,0,,residential,8
2016-03-24,Anna Nagar,1.273,3,3,0,0,,residential,8
2016-03-25,Anna Nagar,1.256,4,3,0,0,,residential,8
2016-03-26,Anna Nagar,1.447,5,3,1,0,,residential,8
2016-03-27,Anna Nagar,1.461,6,3,1,0,,residential,8
2016-03-28,Anna Nagar,1.393,0,3,0,0,,residential,8
2016-03-29,Anna Nagar,1.3,1,3,0,0,,residential,8
2016-03-30,Anna Nagar,1.297,2,3,0,0,,residential,8
2016-04-01,Anna Nagar,1.3,4,4,0,0,,residential,8
2016-04-02,Anna Nagar,1.421,5,4,1,0,,residential,8
2016-04-03,Anna Nagar,1.431,6,4,1,0,,residential,8
2016-04-04,Anna Nagar,1.352,0,4,0,0,,residential,8
2016-04-05,Anna Nagar,1.313,1,4,0,0,,residential,8
2016-04-06,Anna Nagar,1.218,2,4,0,0,,residential,8
2016-04-07,Anna Nagar,1.275,3,4,0,0,,residential,8
2016-04-08,Anna Nagar,1.227,4,4,0,0,,residential,8
2016-04-09,Anna Nagar,1.42,5,4,1,0,,residential,8
2016-04-10,Anna Nagar,1.478,6,4,1,0,,residential,8
2016-04-11,Anna Nagar,1.325,0,4,0,0,,residential,8
2016-04-12,Anna Nagar,1.285,1,4,0,0,,residential,8
2016-04-13,Anna Nagar,1.473,2,4,0,1,Tamil New Year,residential,8
2016-04-14,Anna Nagar,1.501,3,4,0,1,Tamil New Year,residential,8
2016-04-15,Anna Nagar,1.418,4,4,0,1,Tamil New Year,residential,8
2016-04-16,Anna Nagar,1.424,5,4,1,0,,residential,8
2016-04-17,Anna Nagar,1.286,6,4,1,0,,residential,8
2016-04-18,Anna Nagar,1.305,0,4,0,0,,residential,8
2016-04-19,Anna Nagar,1.322,1,4,0,0,,residential,8
2016-04-20,Anna Nagar,1.451,2,4,0,1,Eid,residential,8
2016-04-21,Anna Nagar,1.553,3,4,0,1,Eid,residential,8
2016-04-22,Anna Nagar,1.445,4,4,0,1,Eid,residential,8
2016-04-23,Anna Nagar,1.417,5,4,1,0,,residential,8
2016-04-24,Anna Nagar,1.432,6,4,1,0,,residential,8
2016-04-25,Anna Nagar,1.331,0,4,0,0,,residential,8
2016-04-26,Anna Nagar,1.285,1,4,0,0,,residential,8
2016-04-27,Anna Nagar,1.256,2,4,0,0,,residential,8
2016-04-28,Anna Nagar,1.329,3,4,0,0,,residential,8
2016-04-29,Anna Nagar,1.339,4,4,0,0,,residential,8
2016-04-30,Anna Nagar,1.466,5,4,1,0,,residential,8
2016-05-01,Anna Nagar,1.391,6,5,1,0,,residential,8
2016-05-02,Anna Nagar,1.306,0,5,0,0,,residential,8
2016-05-03,Anna Nagar,1.329,1,5,0,0,,residential,8
2016-05-04,Anna Nagar,1.301,2,5,0,0,,residential,8
2016-05-05,Anna Nagar,1.293,3,5,0,0,,residential,8
2016-05-06,Anna Nagar,1.256,4,5,0,0,,residential,8
2016-05-07,Anna Nagar,1.426,5,5,1,0,,residential,8
2016-05-08,Anna Nagar,1.362,6,5,1,0,,residential,8
2016-05-09,Anna Nagar,1.37,0,5,0,0,,residential,8
2016-05-10,Anna Nagar,1.333,1,5,0,0,,residential,8
2016-05-11,Anna Nagar,1.343,2,5,0,0,,residential,8
2016-05-12,Anna Nagar,1.307,3,5,0,0,,residential,8
2016-05-13,Anna Nagar,1.227,4,5,0,0,,residential,8
2016-05-14,Anna Nagar,1.416,5,5,1,0,,residential,8
2016-05-15,Anna Nagar,1.499,6,5,1,0,,residential,8
2016-05-16,Anna Nagar,1.309,0,5,0,0,,residential,8
2016-05-17,Anna Nagar,1.278,1,5,0,0,,residential,8
2016-05-18,Anna Nagar,1.334,2,5,0,0,,residential,8
2016-05-19,Anna Nagar,1.304,3,5,0,0,,residential,8
2016-05-20,Anna Nagar,1.375,4,5,0,0,,residential,8
2016-05-21,Anna Nagar,1.377,5,5,1,0,,residential,8
2016-05-22,Anna Nagar,1.366,6,5,1,0,,residential,8
2016-05-23,Anna Nagar,1.394,0,5,0,0,,residential,8
2016-05-24,Anna Nagar,1.234,1,5,0,0,,residential,8
2016-05-25,Anna Nagar,1.273,2,5,0,0,,residential,8
2016-05-26,Anna Nagar,1.278,3,5,0,0,,residential,8
2016-05-27,Anna Nagar,1.32,4,5,0,0,,residential,8
2016-05-28,Anna Nagar,1.434,5,5,1,0,,residential,8
2016-05-29,Anna Nagar,1.427,6,5,1,0,,residential,8
2016-05-30,Anna Nagar,1.328,0,5,0,0,,residential,8
2016-05-31,Anna Nagar,1.327,1,5,0,0,,residential,8
2016-06-01,Anna Nagar,1.298,2,6,0,0,,residential,8
2016-06-02,Anna Nagar,1.182,3,6,0,0,,residential,8
2016-06-03,Anna Nagar,1.162,4,6,0,0,,residential,8
2016-06-04,Anna Nagar,1.224,5,6,1,0,,residential,8
2016-06-05,Anna Nagar,1.25,6,6,1,0,,residential,8
2016-06-06,Anna Nagar,1.208,0,6,0,0,,residential,8
2016-06-07,Anna Nagar,1.14,1,6,0,0,,residential,8
2016-06-08,Anna Nagar,1.158,2,6,0,0,,residential,8
2016-06-09,Anna Nagar,1.22,3,6,0,0,,residential,8
2016-06-10,Anna Nagar,1.202,4,6,0,0,,residential,8
2016-06-11,Anna Nagar,1.268,5,6,1,0,,residential,8
2016-06-12,Anna Nagar,1.228,6,6,1,0,,residential,8
2016-06-13,Anna Nagar,1.265,0,6,0,0,,residential,8
2016-06-14,Anna Nagar,1.157,1,6,0,0,,residential,8
2016-06-15,Anna Nagar,1.098,2,6,0,0,,residential,8
2016-06-16,Anna Nagar,1.183,3,6,0,0,,residential,8
2016-06-17,Anna Nagar,1.194,4,6,0,0,,residential,8
2016-06-18,Anna Nagar,1.181,5,6,1,0,,residential,8
2016-06-19,Anna Nagar,1.243,6,6,1,0,,residential,8
2016-06-20,Anna Nagar,1.212,0,6,0,0,,residential,8
2016-06-21,Anna Nagar,1.184,1,6,0,0,,residential,8
2016-06-22,Anna Nagar,1.14,2,6,0,0,,residential,8
2016-06-23,Anna Nagar,1.129,3,6,0,0,,residential,8
2016-06-24,Anna Nagar,1.183,4,6,0,0,,residential,8
2016-06-25,Anna Nagar,1.256,5,6,1,0,,residential,8
2016-06-26,Anna Nagar,1.295,6,6,1,0,,residential,8
2016-06-27,Anna Nagar,1.176,0,6,0,0,,residential,8
2016-06-28,Anna Nagar,1.111,1,6,0,0,,residential,8
2016-06-29,Anna Nagar,1.184,2,6,0,0,,residential,8
2016-06-30,Anna Nagar,1.167,3,6,0,0,,residential,8
2016-07-01,Anna Nagar,1.19,4,7,0,0,,residential,8
2016-07-02,Anna Nagar,1.254,5,7,1,0,,residential,8
2016-07-03,Anna Nagar,1.244,6,7,1,0,,residential,8
2016-07-04,Anna Nagar,1.266,0,7,0,0,,residential,8
2016-07-05,Anna Nagar,1.105,1,7,0,0,,residential,8
2016-07-06,Anna Nagar,1.202,2,7,0,0,,residential,8
2016-07-07,Anna Nagar,1.204,3,7,0,0,,residential,8
2016-07-08,Anna Nagar,1.188,4,7,0,0,,residential,8
2016-07-09,Anna Nagar,1.248,5,7,1,0,,residential,8
2016-07-10,Anna Nagar,1.243,6,7,1,0,,residential,8
2016-07-11,Anna Nagar,1.208,0,7,0,0,,residential,8
2016-07-12,Anna Nagar,1.113,1,7,0,0,,residential,8
2016-07-13,Anna Nagar,1.125,2,7,0,0,,residential,8
2016-07-14,Anna Nagar,1.181,3,7,0,0,,residential,8
2016-07-15,Anna Nagar,1.181,4,7,0,0,,residential,8
2016-07-16,Anna Nagar,1.234,5,7,1,0,,residential,8
2016-07-17,Anna Nagar,1.3,6,7,1,0,,residential,8
2016-07-18,Anna Nagar,1.233,0,7,0,0,,residential,8
2016-07-19,Anna Nagar,1.211,1,7,0,0,,residential,8
2016-07-20,Anna Nagar,1.178,2,7,0,0,,residential,8
2016-07-21,Anna Nagar,1.195,3,7,0,0,,residential,8
2016-07-22,Anna Nagar,1.175,4,7,0,0,,residential,8
2016-07-23,Anna Nagar,1.311,5,7,1,0,,residential,8
2016-07-24,Anna Nagar,1.225,6,7,1,0,,residential,8
2016-07-25,Anna Nagar,1.212,0,7,0,0,,residential,8
2016-07-26,Anna Nagar,1.157,1,7,0,0,,residential,8
2016-07-27,Anna Nagar,1.15,2,7,0,0,,residential,8
2016-07-28,Anna Nagar,1.174,3,7,0,0,,residential,8
2016-07-29,Anna Nagar,1.18,4,7,0,0,,residential,8
2016-07-30,Anna Nagar,1.289,5,7,1,0,,residential,8
2016-07-31,Anna Nagar,1.267,6,7,1,0,,residential,8
2016-08-01,Anna Nagar,1.189,0,8,0,0,,residential,8
2016-08-02,Anna Nagar,1.196,1,8,0,0,,residential,8
2016-08-03,Anna Nagar,1.17,2,8,0,0,,residential,8
2016-08-04,Anna Nagar,1.123,3,8,0,0,,residential,8
2016-08-05,Anna Nagar,1.151,4,8,0,0,,residential,8
2016-08-06,Anna Nagar,1.207,5,8,1,0,,residential,8
2016-08-07,Anna Nagar,1.275,6,8,1,0,,residential,8
2016-08-08,Anna Nagar,1.209,0,8,0,0,,residential,8
2016-08-09,Anna Nagar,1.138,1,8,0,0,,residential,8
2016-08-10,Anna Nagar,1.213,2,8,0,0,,residential,8
2016-08-11,Anna Nagar,1.118,3,8,0,0,,residential,8
2016-08-12,Anna Nagar,1.183,4,8,0,0,,residential,8
2016-08-13,Anna Nagar,1.358,5,8,1,0,,residential,8
2016-08-14,Anna Nagar,1.315,6,8,1,0,,residential,8
2016-08-15,Anna Nagar,1.336,0,8,0,1,Independence,residential,8
2016-08-16,Anna Nagar,1.119,1,8,0,0,,residential,8
2016-08-17,Anna Nagar,1.111,2,8,0,0,,residential,8
2016-08-18,Anna Nagar,1.144,3,8,0,0,,residential,8
2016-08-19,Anna Nagar,1.134,4,8,0,0,,residential,8
2016-08-20,Anna Nagar,1.247,5,8,1,0,,residential,8
2016-08-21,Anna Nagar,1.262,6,8,1,0,,residential,8
2016-08-22,Anna Nagar,1.212,0,8,0,0,,residential,8
2016-08-23,Anna Nagar,1.175,1,8,0,0,,residential,8
2016-08-24,Anna Nagar,1.115,2,8,0,0,,residential,8
2016-08-25,Anna Nagar,1.135,3,8,0,0,,residential,8
2016-08-26,Anna Nagar,1.153,4,8,0,0,,residential,8
2016-08-27,Anna Nagar,1.267,5,8,1,0,,residential,8
2016-08-28,Anna Nagar,1.344,6,8,1,0,,residential,8
2016-08-29,Anna Nagar,1.225,0,8,0,0,,residential,8
2016-08-30,Anna Nagar,1.102,1,8,0,0,,residential,8
2016-08-31,Anna Nagar,1.173,2,8,0,0,,residential,8
2016-09-01,Anna Nagar,1.177,3,9,0,0,,residential,8
2016-09-02,Anna Nagar,1.154,4,9,0,0,,residential,8
2016-09-03,Anna Nagar,1.228,5,9,1,0,,residential,8
2016-09-04,Anna Nagar,1.341,6,9,1,0,,residential,8
2016-09-05,Anna Nagar,1.177,0,9,0,0,,residential,8
2016-09-06,Anna Nagar,1.181,1,9,0,0,,residential,8
2016-09-07,Anna Nagar,1.165,2,9,0,0,,residential,8
2016-09-08,Anna Nagar,1.317,3,9,0,1,Ganesh Chathurthi,residential,8
2016-09-09,Anna Nagar,1.502,4,9,0,1,Ganesh Chathurthi,residential,8
2016-09-10,Anna Nagar,1.749,5,9,1,1,Ganesh Chathurthi,residential,8
2016-09-11,Anna Nagar,1.545,6,9,1,1,Ganesh Chathurthi,residential,8
2016-09-12,Anna Nagar,1.403,0,9,0,1,Ganesh Chathurthi,residential,8
2016-09-13,Anna Nagar,1.136,1,9,0,0,,residential,8
2016-09-14,Anna Nagar,1.164,2,9,0,0,,residential,8
2016-09-15,Anna Nagar,1.113,3,9,0,0,,residential,8
2016-09-16,Anna Nagar,1.122,4,9,0,0,,residential,8
2016-09-17,Anna Nagar,1.276,5,9,1,0,,residential,8
2016-09-18,Anna Nagar,1.288,6,9,1,0,,residential,8
2016-09-19,Anna Nagar,1.154,0,9,0,0,,residential,8
2016-09-20,Anna Nagar,1.175,1,9,0,0,,residential,8
2016-09-21,Anna Nagar,1.13,2,9,0,0,,residential,8
2016-09-22,Anna Nagar,1.203,3,9,0,0,,residential,8
2016-09-23,Anna Nagar,1.146,4,9,0,0,,residential,8
2016-09-24,Anna Nagar,1.231,5,9,1,0,,residential,8
2016-09-25,Anna Nagar,1.277,6,9,1,0,,residential,8
2016-09-26,Anna Nagar,1.183,0,9,0,0,,residential,8
2016-09-27,Anna Nagar,1.202,1,9,0,0,,residential,8
2016-09-28,Anna Nagar,1.158,2,9,0,0,,residential,8
2016-09-29,Anna Nagar,1.153,3,9,0,0,,residential,8
2016-09-30,Anna Nagar,1.179,4,9,0,0,,residential,8
2016-10-01,Anna Nagar,1.301,5,10,1,0,,residential,8
2016-10-02,Anna Nagar,1.289,6,10,1,0,,residential,8
2016-10-03,Anna Nagar,1.296,0,10,0,0,,residential,8
2016-10-04,Anna Nagar,1.326,1,10,0,1,Dussehra,residential,8
2016-10-05,Anna Nagar,1.474,2,10,0,1,Dussehra,residential,8
2016-10-06,Anna Nagar,1.406,3,10,0,1,Dussehra,residential,8
2016-10-07,Anna Nagar,1.238,4,10,0,0,,residential,8
2016-10-08,Anna Nagar,1.291,5,10,1,0,,residential,8
2016-10-09,Anna Nagar,1.316,6,10,1,0,,residential,8
2016-10-10,Anna Nagar,1.245,0,10,0,0,,residential,8
2016-10-11,Anna Nagar,1.284,1,10,0,0,,residential,8
2016-10-12,Anna Nagar,1.252,2,10,0,0,,residential,8
2016-10-13,Anna Nagar,1.204,3,10,0,0,,residential,8
2016-10-14,Anna Nagar,1.24,4,10,0,0,,residential,8
2016-10-15,Anna Nagar,1.287,5,10,1,0,,residential,8
2016-10-16,Anna Nagar,1.314,6,10,1,0,,residential,8
2016-10-17,Anna Nagar,1.284,0,10,0,0,,residential,8
2016-10-18,Anna Nagar,1.236,1,10,0,0,,residential,8
2016-10-19,Anna Nagar,1.216,2,10,0,0,,residential,8
2016-10-20,Anna Nagar,1.228,3,10,0,0,,residential,8
2016-10-21,Anna Nagar,1.222,4,10,0,0,,residential,8
2016-10-22,Anna Nagar,1.512,5,10,1,1,Deepavali,residential,8
2016-10-23,Anna Nagar,1.684,6,10,1,1,Deepavali,residential,8
2016-10-24,Anna Nagar,1.769,0,10,0,1,Deepavali,residential,8
2016-10-25,Anna Nagar,1.555,1,10,0,1,Deepavali,residential,8
2016-10-26,Anna Nagar,1.399,2,10,0,1,Deepavali,residential,8
2016-10-27,Anna Nagar,1.226,3,10,0,0,,residential,8
2016-10-28,Anna Nagar,1.176,4,10,0,0,,residential,8
2016-10-29,Anna Nagar,1.301,5,10,1,0,,residential,8
2016-10-30,Anna Nagar,1.357,6,10,1,0,,residential,8
2016-10-31,Anna Nagar,1.337,0,10,0,0,,residential,8
2016-11-01,Anna Nagar,1.225,1,11,0,0,,residential,8
2016-11-02,Anna Nagar,1.204,2,11,0,0,,residential,8
2016-11-03,Anna Nagar,1.227,3,11,0,0,,residential,8
2016-11-04,Anna Nagar,1.178,4,11,0,0,,residential,8
2016-11-05,Anna Nagar,1.394,5,11,1,0,,residential,8
2016-11-06,Anna Nagar,1.349,6,11,1,0,,residential,8
2016-11-07,Anna Nagar,1.254,0,11,0,0,,residential,8
2016-11-08,Anna Nagar,1.213,1,11,0,0,,residential,8
2016-11-09,Anna Nagar,1.2,2,11,0,0,,residential,8
2016-11-10,Anna Nagar,1.267,3,11,0,0,,residential,8
2016-11-11,Anna Nagar,1.212,4,11,0,0,,residential,8
2016-11-12,Anna Nagar,1.347,5,11,1,0,,residential,8
2016-11-13,Anna Nagar,1.364,6,11,1,0,,residential,8
2016-11-14,Anna Nagar,1.252,0,11,0,0,,residential,8
2016-11-15,Anna Nagar,1.226,1,11,0,0,,residential,8
2016-11-16,Anna Nagar,1.229,2,11,0,0,,residential,8
2016-11-17,Anna Nagar,1.162,3,11,0,0,,residential,8
2016-11-18,Anna Nagar,1.228,4,11,0,0,,residential,8
2016-11-19,Anna Nagar,1.339,5,11,1,0,,residential,8
2016-11-20,Anna Nagar,1.346,6,11,1,0,,residential,8
2016-11-21,Anna Nagar,1.282,0,11,0,0,,residential,8
2016-11-22,Anna Nagar,1.229,1,11,0,0,,residential,8
2016-11-23,Anna Nagar,1.268,2,11,0,0,,residential,8
2016-11-24,Anna Nagar,1.176,3,11,0,0,,residential,8
2016-11-25,Anna Nagar,1.207,4,11,0,0,,residential,8
2016-11-26,Anna Nagar,1.368,5,11,1,0,,residential,8
2016-11-27,Anna Nagar,1.36,6,11,1,0,,residential,8
2016-11-28,Anna Nagar,1.298,0,11,0,0,,residential,8
2016-11-29,Anna Nagar,1.32,1,11,0,0,,residential,8
2016-11-30,Anna Nagar,1.242,2,11,0,0,,residential,8
2016-12-01,Anna Nagar,1.261,3,12,0,0,,residential,8
2016-12-02,Anna Nagar,1.208,4,12,0,0,,residential,8
2016-12-03,Anna Nagar,1.301,5,12,1,0,,residential,8
2016-12-04,Anna Nagar,1.328,6,12,1,0,,residential,8
2016-12-05,Anna Nagar,1.307,0,12,0,0,,residential,8
2016-12-06,Anna Nagar,1.234,1,12,0,0,,residential,8
2016-12-07,Anna Nagar,1.234,2,12,0,0,,residential,8
2016-12-08,Anna Nagar,1.211,3,12,0,0,,residential,8
2016-12-09,Anna Nagar,1.206,4,12,0,0,,residential,8
2016-12-10,Anna Nagar,1.334,5,12,1,0,,residential,8
2016-12-11,Anna Nagar,1.37,6,12,1,0,,residential,8
2016-12-12,Anna Nagar,1.312,0,12,0,0,,residential,8
2016-12-13,Anna Nagar,1.182,1,12,0,0,,residential,8
2016-12-14,Anna Nagar,1.247,2,12,0,0,,residential,8
2016-12-15,Anna Nagar,1.195,3,12,0,0,,residential,8
2016-12-16,Anna Nagar,1.236,4,12,0,0,,residential,8
2016-12-17,Anna Nagar,1.333,5,12,1,0,,residential,8
2016-12-18,Anna Nagar,1.404,6,12,1,0,,residential,8
2016-12-19,Anna Nagar,1.264,0,12,0,0,,residential,8
2016-12-20,Anna Nagar,1.226,1,12,0,0,,residential,8
2016-12-21,Anna Nagar,1.241,2,12,0,0,,residential,8
2016-12-22,Anna Nagar,1.187,3,12,0,0,,residential,8
2016-12-23,Anna Nagar,1.217,4,12,0,0,,residential,8
2016-12-24,Anna Nagar,1.43,5,12,1,1,Christmas,residential,8
2016-12-25,Anna Nagar,1.518,6,12,1,1,Christmas,residential,8
2016-12-26,Anna Nagar,1.358,0,12,0,1,Christmas,residential,8
2016-12-27,Anna Nagar,1.26,1,12,0,0,,residential,8
2016-12-28,Anna Nagar,1.197,2,12,0,0,,residential,8
2016-12-29,Anna Nagar,1.24,3,12,0,0,,residential,8
2016-12-30,Anna Nagar,1.354,4,12,0,1,New Year,residential,8
2016-12-31,Anna Nagar,1.542,5,12,1,1,New Year,residential,8
2017-01-01,Anna Nagar,1.362,6,1,1,0,,residential,8
2017-01-02,Anna Nagar,1.226,0,1,0,0,,residential,8
2017-01-03,Anna Nagar,1.242,1,1,0,0,,residential,8
2017-01-04,Anna Nagar,1.201,2,1,0,0,,residential,8
2017-01-05,Anna Nagar,1.219,3,1,0,0,,residential,8
2017-01-06,Anna Nagar,1.172,4,1,0,0,,residential,8
2017-01-07,Anna Nagar,1.346,5,1,1,0,,residential,8
2017-01-08,Anna Nagar,1.378,6,1,1,0,,residential,8
2017-01-09,Anna Nagar,1.249,0,1,0,0,,residential,8
2017-01-10,Anna Nagar,1.197,1,1,0,0,,residential,8
2017-01-11,Anna Nagar,1.236,2,1,0,0,,residential,8
2017-01-12,Anna Nagar,1.36,3,1,0,1,Pongal,residential,8
2017-01-13,Anna Nagar,1.356,4,1,0,1,Pongal,residential,8
2017-01-14,Anna Nagar,1.849,5,1,1,1,Pongal,residential,8
2017-01-15,Anna Nagar,1.635,6,1,1,1,Pongal,residential,8
2017-01-16,Anna Nagar,1.438,0,1,0,1,Pongal,residential,8
2017-01-17,Anna Nagar,1.214,1,1,0,0,,residential,8
2017-01-18,Anna Nagar,1.151,2,1,0,0,,residential,8
2017-01-19,Anna Nagar,1.244,3,1,0,0,,residential,8
2017-01-20,Anna Nagar,1.199,4,1,0,0,,residential,8
2017-01-21,Anna Nagar,1.363,5,1,1,0,,residential,8
2017-01-22,Anna Nagar,1.332,6,1,1,0,,residential,8
2017-01-23,Anna Nagar,1.289,0,1,0,0,,residential,8
2017-01-24,Anna Nagar,1.191,1,1,0,0,,residential,8
2017-01-25,Anna Nagar,1.251,2,1,0,0,,residential,8
2017-01-26,Anna Nagar,1.293,3,1,0,1,Republic Day,residential,8
2017-01-27,Anna Nagar,1.301,4,1,0,0,,residential,8
2017-01-28,Anna Nagar,1.431,5,1,1,0,,residential,8
2017-01-29,Anna Nagar,1.407,6,1,1,0,,residential,8
2017-01-30,Anna Nagar,1.329,0,1,0,0,,residential,8
2017-01-31,Anna Nagar,1.216,1,1,0,0,,residential,8
2017-02-01,Anna Nagar,1.262,2,2,0,0,,residential,8
2017-02-02,Anna Nagar,1.216,3,2,0,0,,residential,8
2017-02-03,Anna Nagar,1.162,4,2,0,0,,residential,8
2017-02-04,Anna Nagar,1.402,5,2,1,0,,residential,8
2017-02-05,Anna Nagar,1.387,6,2,1,0,,residential,8
2017-02-06,Anna Nagar,1.279,0,2,0,0,,residential,8
2017-02-07,Anna Nagar,1.174,1,2,0,0,,residential,8
2017-02-08,Anna Nagar,1.198,2,2,0,0,,residential,8
2017-02-09,Anna Nagar,1.153,3,2,0,0,,residential,8
2017-02-10,Anna Nagar,1.254,4,2,0,0,,residential,8
2017-02-11,Anna Nagar,1.277,5,2,1,0,,residential,8
2017-02-12,Anna Nagar,1.353,6,2,1,0,,residential,8
2017-02-13,Anna Nagar,1.248,0,2,0,0,,residential,8
2017-02-14,Anna Nagar,1.167,1,2,0,0,,residential,8
2017-02-15,Anna Nagar,1.228,2,2,0,0,,residential,8
2017-02-16,Anna Nagar,1.207,3,2,0,0,,residential,8
2017-02-17,Anna Nagar,1.25,4,2,0,0,,residential,8
2017-02-18,Anna Nagar,1.29,5,2,1,0,,residential,8
2017-02-19,Anna Nagar,1.311,6,2,1,0,,residential,8
2017-02-20,Anna Nagar,1.188,0,2,0,0,,residential,8
2017-02-21,Anna Nagar,1.139,1,2,0,0,,residential,8
2017-02-22,Anna Nagar,1.285,2,2,0,0,,residential,8
2017-02-23,Anna Nagar,1.295,3,2,0,0,,residential,8
2017-02-24,Anna Nagar,1.223,4,2,0,0,,residential,8
2017-02-25,Anna Nagar,1.308,5,2,1,0,,residential,8
2017-02-26,Anna Nagar,1.329,6,2,1,0,,residential,8
2017-02-27,Anna Nagar,1.314,0,2,0,0,,residential,8
2017-02-28,Anna Nagar,1.2,1,2,0,0,,residential,8
2017-03-01,Anna Nagar,1.289,2,3,0,0,,residential,8
2017-03-02,Anna Nagar,1.28,3,3,0,0,,residential,8
2017-03-03,Anna Nagar,1.258,4,3,0,0,,residential,8
2017-03-04,Anna Nagar,1.386,5,3,1,0,,residential,8
2017-03-05,Anna Nagar,1.421,6,3,1,0,,residential,8
2017-03-06,Anna Nagar,1.305,0,3,0,0,,residential,8
2017-03-07,Anna Nagar,1.297,1,3,0,0,,residential,8
2017-03-08,Anna Nagar,1.262,2,3,0,0,,residential,8
2017-03-09,Anna Nagar,1.285,3,3,0,0,,residential,8
2017-03-10,Anna Nagar,1.333,4,3,0,0,,residential,8
2017-03-11,Anna Nagar,1.401,5,3,1,0,,residential,8
2017-03-12,Anna Nagar,1.447,6,3,1,0,,residential,8
2017-03-13,Anna Nagar,1.272,0,3,0,0,,residential,8
2017-03-14,Anna Nagar,1.262,1,3,0,0,,residential,8
2017-03-15,Anna Nagar,1.281,2,3,0,0,,residential,8
2017-03-16,Anna Nagar,1.354,3,3,0,0,,residential,8
2017-03-17,Anna Nagar,1.205,4,3,0,0,,residential,8
2017-03-18,Anna Nagar,1.404,5,3,1,0,,residential,8
2017-03-19,Anna Nagar,1.47,6,3,1,0,,residential,8
2017-03-20,Anna Nagar,1.312,0,3,0,0,,residential,8
2017-03-21,Anna Nagar,1.272,1,3,0,0,,residential,8
2017-03-22,Anna Nagar,1.293,2,3,0,0,,residential,8
2017-03-23,Anna Nagar,1.287,3,3,0,0,,residential,8
2017-03-24,Anna Nagar,1.34,4,3,0,0,,residential,8
2017-03-25,Anna Nagar,1.427,5,3,1,0,,residential,8
2017-03-26,Anna Nagar,1.464,6,3,1,0,,residential,8
2017-03-27,Anna Nagar,1.33,0,3,0,0,,residential,8
2017-03-28,Anna Nagar,1.252,1,3,0,0,,residential,8
2017-03-29,Anna Nagar,1.271,2,3,0,0,,residential,8
2017-03-30,Anna Nagar,1.236,3,3,0,0,,residential,8
2017-03-31,Anna Nagar,1.299,4,3,0,0,,residential,8
2017-04-01,Anna Nagar,1.433,5,4,1,0,,residential,8
2017-04-02,Anna Nagar,1.42,6,4,1,0,,residential,8
2017-04-03,Anna Nagar,1.404,0,4,0,0,,residential,8
2017-04-04,Anna Nagar,1.272,1,4,0,0,,residential,8
2017-04-05,Anna Nagar,1.348,2,4,0,0,,residential,8
2017-04-06,Anna Nagar,1.299,3,4,0,0,,residential,8
2017-04-07,Anna Nagar,1.363,4,4,0,0,,residential,8
2017-04-08,Anna Nagar,1.432,5,4,1,0,,residential,8
2017-04-09,Anna Nagar,1.477,6,4,1,0,,residential,8
2017-04-10,Anna Nagar,1.391,0,4,0,0,,residential,8
2017-04-11,Anna Nagar,1.347,1,4,0,0,,residential,8
2017-04-12,Anna Nagar,1.322,2,4,0,0,,residential,8
2017-04-13,Anna Nagar,1.408,3,4,0,1,Tamil New Year,residential,8
2017-04-14,Anna Nagar,1.697,4,4,0,1,Tamil New Year,residential,8
2017-04-15,Anna Nagar,1.626,5,4,1,1,Tamil New Year,residential,8
2017-04-16,Anna Nagar,1.484,6,4,1,0,,residential,8
2017-04-17,Anna Nagar,1.412,0,4,0,0,,residential,8
2017-04-18,Anna Nagar,1.287,1,4,0,0,,residential,8
2017-04-19,Anna Nagar,1.281,2,4,0,0,,residential,8
2017-04-20,Anna Nagar,1.478,3,4,0,1,Eid,residential,8
2017-04-21,Anna Nagar,1.567,4,4,0,1,Eid,residential,8
2017-04-22,Anna Nagar,1.639,5,4,1,1,Eid,residential,8
2017-04-23,Anna Nagar,1.442,6,4,1,0,,residential,8
2017-04-24,Anna Nagar,1.426,0,4,0,0,,residential,8
2017-04-25,Anna Nagar,1.334,1,4,0,0,,residential,8
2017-04-26,Anna Nagar,1.329,2,4,0,0,,residential,8
2017-04-27,Anna Nagar,1.303,3,4,0,0,,residential,8
2017-04-28,Anna Nagar,1.327,4,4,0,0,,residential,8
2017-04-29,Anna Nagar,1.501,5,4,1,0,,residential,8
2017-04-30,Anna Nagar,1.447,6,4,1,0,,residential,8
2017-05-01,Anna Nagar,1.405,0,5,0,0,,residential,8
2017-05-02,Anna Nagar,1.319,1,5,0,0,,residential,8
2017-05-03,Anna Nagar,1.322,2,5,0,0,,residential,8
2017-05-04,Anna Nagar,1.386,3,5,0,0,,residential,8
2017-05-05,Anna Nagar,1.365,4,5,0,0,,residential,8
2017-05-06,Anna Nagar,1.453,5,5,1,0,,residential,8
2017-05-07,Anna Nagar,1.459,6,5,1,0,,residential,8
2017-05-08,Anna Nagar,1.354,0,5,0,0,,residential,8
2017-05-09,Anna Nagar,1.311,1,5,0,0,,residential,8
2017-05-10,Anna Nagar,1.33,2,5,0,0,,residential,8
2017-05-11,Anna Nagar,1.351,3,5,0,0,,residential,8
2017-05-12,Anna Nagar,1.347,4,5,0,0,,residential,8
2017-05-13,Anna Nagar,1.401,5,5,1,0,,residential,8
2017-05-14,Anna Nagar,1.492,6,5,1,0,,residential,8
2017-05-15,Anna Nagar,1.38,0,5,0,0,,residential,8
2017-05-16,Anna Nagar,1.279,1,5,0,0,,residential,8
2017-05-17,Anna Nagar,1.37,2,5,0,0,,residential,8
2017-05-18,Anna Nagar,1.375,3,5,0,0,,residential,8
2017-05-19,Anna Nagar,1.328,4,5,0,0,,residential,8
2017-05-20,Anna Nagar,1.48,5,5,1,0,,residential,8
2017-05-21,Anna Nagar,1.483,6,5,1,0,,residential,8
2017-05-22,Anna Nagar,1.441,0,5,0,0,,residential,8
2017-05-23,Anna Nagar,1.346,1,5,0,0,,residential,8
2017-05-24,Anna Nagar,1.265,2,5,0,0,,residential,8
2017-05-25,Anna Nagar,1.397,3,5,0,0,,residential,8
2017-05-26,Anna Nagar,1.36,4,5,0,0,,residential,8
2017-05-27,Anna Nagar,1.427,5,5,1,0,,residential,8
2017-05-28,Anna Nagar,1.405,6,5,1,0,,residential,8
2017-05-29,Anna Nagar,1.404,0,5,0,0,,residential,8
2017-05-30,Anna Nagar,1.307,1,5,0,0,,residential,8
2017-05-31,Anna Nagar,1.331,2,5,0,0,,residential,8
2017-06-01,Anna Nagar,1.219,3,6,0,0,,residential,8
2017-06-02,Anna Nagar,1.172,4,6,0,0,,residential,8
2017-06-03,Anna Nagar,1.267,5,6,1,0,,residential,8
2017-06-04,Anna Nagar,1.326,6,6,1,0,,residential,8
2017-06-05,Anna Nagar,1.232,0,6,0,0,,residential,8
2017-06-06,Anna Nagar,1.197,1,6,0,0,,residential,8
2017-06-07,Anna Nagar,1.144,2,6,0,0,,residential,8
2017-06-08,Anna Nagar,1.183,3,6,0,0,,residential,8
2017-06-09,Anna Nagar,1.218,4,6,0,0,,residential,8
2017-06-10,Anna Nagar,1.335,5,6,1,0,,residential,8
2017-06-11,Anna Nagar,1.28,6,6,1,0,,residential,8
2017-06-12,Anna Nagar,1.208,0,6,0,0,,residential,8
2017-06-13,Anna Nagar,1.193,1,6,0,0,,residential,8
2017-06-14,Anna Nagar,1.212,2,6,0,0,,residential,8
2017-06-15,Anna Nagar,1.207,3,6,0,0,,residential,8
2017-06-16,Anna Nagar,1.174,4,6,0,0,,residential,8
2017-06-17,Anna Nagar,1.323,5,6,1,0,,residential,8
2017-06-18,Anna Nagar,1.37,6,6,1,0,,residential,8
2017-06-19,Anna Nagar,1.259,0,6,0,0,,residential,8
2017-06-20,Anna Nagar,1.134,1,6,0,0,,residential,8
2017-06-21,Anna Nagar,1.199,2,6,0,0,,residential,8
2017-06-22,Anna Nagar,1.265,3,6,0,0,,residential,8
2017-06-23,Anna Nagar,1.146,4,6,0,0,,residential,8
2017-06-24,Anna Nagar,1.312,5,6,1,0,,residential,8
2017-06-25,Anna Nagar,1.302,6,6,1,0,,residential,8
2017-06-26,Anna Nagar,1.255,0,6,0,0,,residential,8
2017-06-27,Anna Nagar,1.199,1,6,0,0,,residential,8
2017-06-28,Anna Nagar,1.233,2,6,0,0,,residential,8
2017-06-29,Anna Nagar,1.195,3,6,0,0,,residential,8
2017-06-30,Anna Nagar,1.238,4,6,0,0,,residential,8
2017-07-01,Anna Nagar,1.307,5,7,1,0,,residential,8
2017-07-02,Anna Nagar,1.297,6,7,1,0,,residential,8
2017-07-03,Anna Nagar,1.227,0,7,0,0,,residential,8
2017-07-04,Anna Nagar,1.127,1,7,0,0,,residential,8
2017-07-05,Anna Nagar,1.202,2,7,0,0,,residential,8
2017-07-06,Anna Nagar,1.266,3,7,0,0,,residential,8
2017-07-07,Anna Nagar,1.208,4,7,0,0,,residential,8
2017-07-08,Anna Nagar,1.338,5,7,1,0,,residential,8
2017-07-09,Anna Nagar,1.295,6,7,1,0,,residential,8
2017-07-10,Anna Nagar,1.242,0,7,0,0,,residential,8
2017-07-11,Anna Nagar,1.227,1,7,0,0,,residential,8
2017-07-12,Anna Nagar,1.264,2,7,0,0,,residential,8
2017-07-13,Anna Nagar,1.245,3,7,0,0,,residential,8
2017-07-14,Anna Nagar,1.221,4,7,0,0,,residential,8
2017-07-15,Anna Nagar,1.313,5,7,1,0,,residential,8
2017-07-16,Anna Nagar,1.32,6,7,1,0,,residential,8
2017-07-17,Anna Nagar,1.223,0,7,0,0,,residential,8
2017-07-18,Anna Nagar,1.14,1,7,0,0,,residential,8
2017-07-19,Anna Nagar,1.152,2,7,0,0,,residential,8
2017-07-20,Anna Nagar,1.194,3,7,0,0,,residential,8
2017-07-21,Anna Nagar,1.182,4,7,0,0,,residential,8
2017-07-22,Anna Nagar,1.253,5,7,1,0,,residential,8
2017-07-23,Anna Nagar,1.31,6,7,1,0,,residential,8
2017-07-24,Anna Nagar,1.24,0,7,0,0,,residential,8
2017-07-25,Anna Nagar,1.15,1,7,0,0,,residential,8
2017-07-26,Anna Nagar,1.179,2,7,0,0,,residential,8
2017-07-27,Anna Nagar,1.181,3,7,0,0,,residential,8
2017-07-28,Anna Nagar,1.17,4,7,0,0,,residential,8
2017-07-29,Anna Nagar,1.348,5,7,1,0,,residential,8
2017-07-30,Anna Nagar,1.236,6,7,1,0,,residential,8
2017-07-31,Anna Nagar,1.177,0,7,0,0,,residential,8
2017-08-01,Anna Nagar,1.192,1,8,0,0,,residential,8
2017-08-02,Anna Nagar,1.195,2,8,0,0,,residential,8
2017-08-03,Anna Nagar,1.207,3,8,0,0,,residential,8
2017-08-04,Anna Nagar,1.173,4,8,0,0,,residential,8
2017-08-05,Anna Nagar,1.275,5,8,1,0,,residential,8
2017-08-06,Anna Nagar,1.311,6,8,1,0,,residential,8
2017-08-07,Anna Nagar,1.235,0,8,0,0,,residential,8
2017-08-08,Anna Nagar,1.248,1,8,0,0,,residential,8
2017-08-09,Anna Nagar,1.18,2,8,0,0,,residential,8
2017-08-10,Anna Nagar,1.19,3,8,0,0,,residential,8
2017-08-11,Anna Nagar,1.281,4,8,0,0,,residential,8
2017-08-12,Anna Nagar,1.304,5,8,1,0,,residential,8
2017-08-13,Anna Nagar,1.333,6,8,1,0,,residential,8
2017-08-14,Anna Nagar,1.276,0,8,0,0,,residential,8
2017-08-15,Anna Nagar,1.34,1,8,0,1,Independence,residential,8
2017-08-16,Anna Nagar,1.202,2,8,0,0,,residential,8
2017-08-17,Anna Nagar,1.199,3,8,0,0,,residential,8
2017-08-18,Anna Nagar,1.196,4,8,0,0,,residential,8
2017-08-19,Anna Nagar,1.289,5,8,1,0,,residential,8
2017-08-20,Anna Nagar,1.324,6,8,1,0,,residential,8
2017-08-21,Anna Nagar,1.328,0,8,0,0,,residential,8
2017-08-22,Anna Nagar,1.235,1,8,0,0,,residential,8
2017-08-23,Anna Nagar,1.203,2,8,0,0,,residential,8
2017-08-24,Anna Nagar,1.223,3,8,0,0,,residential,8
2017-08-25,Anna Nagar,1.161,4,8,0,0,,residential,8
2017-08-26,Anna Nagar,1.301,5,8,1,0,,residential,8
2017-08-27,Anna Nagar,1.349,6,8,1,0,,residential,8
2017-08-28,Anna Nagar,1.308,0,8,0,0,,residential,8
2017-08-29,Anna Nagar,1.164,1,8,0,0,,residential,8
2017-08-30,Anna Nagar,1.175,2,8,0,0,,residential,8
2017-08-31,Anna Nagar,1.27,3,8,0,0,,residential,8
2017-09-01,Anna Nagar,1.195,4,9,0,0,,residential,8
2017-09-02,Anna Nagar,1.383,5,9,1,0,,residential,8
2017-09-03,Anna Nagar,1.319,6,9,1,0,,residential,8
2017-09-04,Anna Nagar,1.261,0,9,0,0,,residential,8
2017-09-05,Anna Nagar,1.181,1,9,0,0,,residential,8
2017-09-06,Anna Nagar,1.226,2,9,0,0,,residential,8
2017-09-07,Anna Nagar,1.241,3,9,0,0,,residential,8
2017-09-08,Anna Nagar,1.29,4,9,0,1,Ganesh Chathurthi,residential,8
2017-09-09,Anna Nagar,1.6,5,9,1,1,Ganesh Chathurthi,residential,8
2017-09-10,Anna Nagar,1.819,6,9,1,1,Ganesh Chathurthi,residential,8
2017-09-11,Anna Nagar,1.538,0,9,0,1,Ganesh Chathurthi,residential,8
2017-09-12,Anna Nagar,1.311,1,9,0,1,Ganesh Chathurthi,residential,8
2017-09-13,Anna Nagar,1.228,2,9,0,0,,residential,8
2017-09-14,Anna Nagar,1.232,3,9,0,0,,residential,8
2017-09-15,Anna Nagar,1.176,4,9,0,0,,residential,8
2017-09-16,Anna Nagar,1.32,5,9,1,0,,residential,8
2017-09-17,Anna Nagar,1.264,6,9,1,0,,residential,8
2017-09-18,Anna Nagar,1.218,0,9,0,0,,residential,8
2017-09-19,Anna Nagar,1.196,1,9,0,0,,residential,8
2017-09-20,Anna Nagar,1.193,2,9,0,0,,residential,8
2017-09-21,Anna Nagar,1.157,3,9,0,0,,residential,8
2017-09-22,Anna Nagar,1.166,4,9,0,0,,residential,8
2017-09-23,Anna Nagar,1.269,5,9,1,0,,residential,8
2017-09-24,Anna Nagar,1.329,6,9,1,0,,residential,8
2017-09-25,Anna Nagar,1.178,0,9,0,0,,residential,8
2017-09-26,Anna Nagar,1.156,1,9,0,0,,residential,8
2017-09-27,Anna Nagar,1.125,2,9,0,0,,residential,8
2017-09-28,Anna Nagar,1.207,3,9,0,0,,residential,8
2017-09-29,Anna Nagar,1.128,4,9,0,0,,residential,8
2017-09-30,Anna Nagar,1.313,5,9,1,0,,residential,8
2017-10-01,Anna Nagar,1.448,6,10,1,0,,residential,8
2017-10-02,Anna Nagar,1.384,0,10,0,0,,residential,8
2017-10-03,Anna Nagar,1.187,1,10,0,0,,residential,8
2017-10-04,Anna Nagar,1.424,2,10,0,1,Dussehra,residential,8
2017-10-05,Anna Nagar,1.522,3,10,0,1,Dussehra,residential,8
2017-10-06,Anna Nagar,1.361,4,10,0,1,Dussehra,residential,8
2017-10-07,Anna Nagar,1.376,5,10,1,0,,residential,8
2017-10-08,Anna Nagar,1.431,6,10,1,0,,residential,8
2017-10-09,Anna Nagar,1.341,0,10,0,0,,residential,8
2017-10-10,Anna Nagar,1.228,1,10,0,0,,residential,8
2017-10-11,Anna Nagar,1.281,2,10,0,0,,residential,8
2017-10-12,Anna Nagar,1.17,3,10,0,0,,residential,8
2017-10-13,Anna Nagar,1.226,4,10,0,0,,residential,8
2017-10-14,Anna Nagar,1.346,5,10,1,0,,residential,8
2017-10-15,Anna Nagar,1.384,6,10,1,0,,residential,8
2017-10-16,Anna Nagar,1.31,0,10,0,0,,residential,8
2017-10-17,Anna Nagar,1.249,1,10,0,0,,residential,8
2017-10-18,Anna Nagar,1.248,2,10,0,0,,residential,8
2017-10-19,Anna Nagar,1.256,3,10,0,0,,residential,8
2017-10-20,Anna Nagar,1.275,4,10,0,0,,residential,8
2017-10-21,Anna Nagar,1.386,5,10,1,0,,residential,8
2017-10-22,Anna Nagar,1.551,6,10,1,1,Deepavali,residential,8
2017-10-23,Anna Nagar,1.689,0,10,0,1,Deepavali,residential,8
2017-10-24,Anna Nagar,1.8,1,10,0,1,Deepavali,residential,8
2017-10-25,Anna Nagar,1.563,2,10,0,1,Deepavali,residential,8
2017-10-26,Anna Nagar,1.42,3,10,0,1,Deepavali,residential,8
2017-10-27,Anna Nagar,1.299,4,10,0,0,,residential,8
2017-10-28,Anna Nagar,1.335,5,10,1,0,,residential,8
2017-10-29,Anna Nagar,1.455,6,10,1,0,,residential,8
2017-10-30,Anna Nagar,1.265,0,10,0,0,,residential,8
2017-10-31,Anna Nagar,1.242,1,10,0,0,,residential,8
2017-11-01,Anna Nagar,1.219,2,11,0,0,,residential,8
2017-11-02,Anna Nagar,1.337,3,11,0,0,,residential,8
2017-11-03,Anna Nagar,1.236,4,11,0,0,,residential,8
2017-11-04,Anna Nagar,1.36,5,11,1,0,,residential,8
2017-11-05,Anna Nagar,1.365,6,11,1,0,,residential,8
2017-11-06,Anna Nagar,1.321,0,11,0,0,,residential,8
2017-11-07,Anna Nagar,1.242,1,11,0,0,,residential,8
2017-11-08,Anna Nagar,1.25,2,11,0,0,,residential,8
2017-11-09,Anna Nagar,1.122,3,11,0,0,,residential,8
2017-11-10,Anna Nagar,1.257,4,11,0,0,,residential,8
2017-11-11,Anna Nagar,1.381,5,11,1,0,,residential,8
2017-11-12,Anna Nagar,1.423,6,11,1,0,,residential,8
2017-11-13,Anna Nagar,1.369,0,11,0,0,,residential,8
2017-11-14,Anna Nagar,1.248,1,11,0,0,,residential,8
2017-11-15,Anna Nagar,1.286,2,11,0,0,,residential,8
2017-11-16,Anna Nagar,1.213,3,11,0,0,,residential,8
2017-11-17,Anna Nagar,1.284,4,11,0,0,,residential,8
2017-11-18,Anna Nagar,1.357,5,11,1,0,,residential,8
2017-11-19,Anna Nagar,1.331,6,11,1,0,,residential,8
2017-11-20,Anna Nagar,1.31,0,11,0,0,,residential,8
2017-11-21,Anna Nagar,1.308,1,11,0,0,,residential,8
2017-11-22,Anna Nagar,1.262,2,11,0,0,,residential,8
2017-11-23,Anna Nagar,1.311,3,11,0,0,,residential,8
2017-11-24,Anna Nagar,1.227,4,11,0,0,,residential,8
2017-11-25,Anna Nagar,1.424,5,11,1,0,,residential,8
2017-11-26,Anna Nagar,1.353,6,11,1,0,,residential,8
2017-11-27,Anna Nagar,1.326,0,11,0,0,,residential,8
2017-11-28,Anna Nagar,1.263,1,11,0,0,,residential,8
2017-11-29,Anna Nagar,1.28,2,11,0,0,,residential,8
2017-11-30,Anna Nagar,1.264,3,11,0,0,,residential,8
2017-12-01,Anna Nagar,1.227,4,12,0,0,,residential,8
2017-12-02,Anna Nagar,1.417,5,12,1,0,,residential,8
2017-12-03,Anna Nagar,1.452,6,12,1,0,,residential,8
2017-12-04,Anna Nagar,1.294,0,12,0,0,,residential,8
2017-12-05,Anna Nagar,1.186,1,12,0,0,,residential,8
2017-12-06,Anna Nagar,1.274,2,12,0,0,,residential,8
2017-12-07,Anna Nagar,1.242,3,12,0,0,,residential,8
2017-12-08,Anna Nagar,1.25,4,12,0,0,,residential,8
2017-12-09,Anna Nagar,1.403,5,12,1,0,,residential,8
2017-12-10,Anna Nagar,1.361,6,12,1,0,,residential,8
2017-12-11,Anna Nagar,1.307,0,12,0,0,,residential,8
2017-12-12,Anna Nagar,1.251,1,12,0,0,,residential,8
2017-12-13,Anna Nagar,1.31,2,12,0,0,,residential,8
2017-12-14,Anna Nagar,1.256,3,12,0,0,,residential,8
2017-12-15,Anna Nagar,1.208,4,12,0,0,,residential,8
2017-12-16,Anna Nagar,1.331,5,12,1,0,,residential,8
2017-12-17,Anna Nagar,1.386,6,12,1,0,,residential,8
2017-12-18,Anna Nagar,1.273,0,12,0,0,,residential,8
2017-12-19,Anna Nagar,1.196,1,12,0,0,,residential,8
2017-12-20,Anna Nagar,1.279,2,12,0,0,,residential,8
2017-12-21,Anna Nagar,1.281,3,12,0,0,,residential,8
2017-12-22,Anna Nagar,1.241,4,12,0,0,,residential,8
2017-12-23,Anna Nagar,1.392,5,12,1,0,,residential,8
2017-12-24,Anna Nagar,1.492,6,12,1,1,Christmas,residential,8
2017-12-25,Anna Nagar,1.543,0,12,0,1,Christmas,residential,8
2017-12-26,Anna Nagar,1.373,1,12,0,1,Christmas,residential,8
2017-12-27,Anna Nagar,1.157,2,12,0,0,,residential,8
2017-12-28,Anna Nagar,1.246,3,12,0,0,,residential,8
2017-12-29,Anna Nagar,1.274,4,12,0,0,,residential,8
2017-12-30,Anna Nagar,1.5,5,12,1,1,New Year,residential,8
2017-12-31,Anna Nagar,1.658,6,12,1,1,New Year,residential,8
2018-01-01,Anna Nagar,1.347,0,1,0,0,,residential,8
2018-01-02,Anna Nagar,1.258,1,1,0,0,,residential,8
2018-01-03,Anna Nagar,1.312,2,1,0,0,,residential,8
2018-01-04,Anna Nagar,1.297,3,1,0,0,,residential,8
2018-01-05,Anna Nagar,1.25,4,1,0,0,,residential,8
2018-01-06,Anna Nagar,1.372,5,1,1,0,,residential,8
2018-01-07,Anna Nagar,1.262,6,1,1,0,,residential,8
2018-01-08,Anna Nagar,1.305,0,1,0,0,,residential,8
2018-01-09,Anna Nagar,1.204,1,1,0,0,,residential,8
2018-01-10,Anna Nagar,1.263,2,1,0,0,,residential,8
2018-01-11,Anna Nagar,1.261,3,1,0,0,,residential,8
2018-01-12,Anna Nagar,1.409,4,1,0,1,Pongal,residential,8
2018-01-13,Anna Nagar,1.726,5,1,1,1,Pongal,residential,8
2018-01-14,Anna Nagar,1.793,6,1,1,1,Pongal,residential,8
2018-01-15,Anna Nagar,1.689,0,1,0,1,Pongal,residential,8
2018-01-16,Anna Nagar,1.39,1,1,0,1,Pongal,residential,8
2018-01-17,Anna Nagar,1.205,2,1,0,0,,residential,8
2018-01-18,Anna Nagar,1.234,3,1,0,0,,residential,8
2018-01-19,Anna Nagar,1.241,4,1,0,0,,residential,8
2018-01-20,Anna Nagar,1.405,5,1,1,0,,residential,8
2018-01-21,Anna Nagar,1.341,6,1,1,0,,residential,8
2018-01-22,Anna Nagar,1.306,0,1,0,0,,residential,8
2018-01-23,Anna Nagar,1.249,1,1,0,0,,residential,8
2018-01-24,Anna Nagar,1.238,2,1,0,0,,residential,8
2018-01-25,Anna Nagar,1.285,3,1,0,0,,residential,8
2018-01-26,Anna Nagar,1.407,4,1,0,1,Republic Day,residential,8
2018-01-27,Anna Nagar,1.429,5,1,1,0,,residential,8
2018-01-28,Anna Nagar,1.367,6,1,1,0,,residential,8
2018-01-29,Anna Nagar,1.365,0,1,0,0,,residential,8
2018-01-30,Anna Nagar,1.203,1,1,0,0,,residential,8
2018-01-31,Anna Nagar,1.203,2,1,0,0,,residential,8
2018-02-01,Anna Nagar,1.209,3,2,0,0,,residential,8
2018-02-02,Anna Nagar,1.255,4,2,0,0,,residential,8
2018-02-03,Anna Nagar,1.43,5,2,1,0,,residential,8
2018-02-04,Anna Nagar,1.355,6,2,1,0,,residential,8
2018-02-05,Anna Nagar,1.299,0,2,0,0,,residential,8
2018-02-06,Anna Nagar,1.247,1,2,0,0,,residential,8
2018-02-07,Anna Nagar,1.276,2,2,0,0,,residential,8
2018-02-08,Anna Nagar,1.237,3,2,0,0,,residential,8
2018-02-09,Anna Nagar,1.235,4,2,0,0,,residential,8
2018-02-10,Anna Nagar,1.325,5,2,1,0,,residential,8
2018-02-11,Anna Nagar,1.357,6,2,1,0,,residential,8
2018-02-12,Anna Nagar,1.364,0,2,0,0,,residential,8
2018-02-13,Anna Nagar,1.258,1,2,0,0,,residential,8
2018-02-14,Anna Nagar,1.227,2,2,0,0,,residential,8
2018-02-15,Anna Nagar,1.301,3,2,0,0,,residential,8
2018-02-16,Anna Nagar,1.233,4,2,0,0,,residential,8
2018-02-17,Anna Nagar,1.439,5,2,1,0,,residential,8
2018-02-18,Anna Nagar,1.438,6,2,1,0,,residential,8
2018-02-19,Anna Nagar,1.32,0,2,0,0,,residential,8
2018-02-20,Anna Nagar,1.198,1,2,0,0,,residential,8
2018-02-21,Anna Nagar,1.341,2,2,0,0,,residential,8
2018-02-22,Anna Nagar,1.269,3,2,0,0,,residential,8
2018-02-23,Anna Nagar,1.243,4,2,0,0,,residential,8
2018-02-24,Anna Nagar,1.42,5,2,1,0,,residential,8
2018-02-25,Anna Nagar,1.409,6,2,1,0,,residential,8
2018-02-26,Anna Nagar,1.369,0,2,0,0,,residential,8
2018-02-27,Anna Nagar,1.23,1,2,0,0,,residential,8
2018-02-28,Anna Nagar,1.267,2,2,0,0,,residential,8
2018-03-01,Anna Nagar,1.271,3,3,0,0,,residential,8
2018-03-02,Anna Nagar,1.344,4,3,0,0,,residential,8
2018-03-03,Anna Nagar,1.448,5,3,1,0,,residential,8
2018-03-04,Anna Nagar,1.462,6,3,1,0,,residential,8
2018-03-05,Anna Nagar,1.377,0,3,0,0,,residential,8
2018-03-06,Anna Nagar,1.308,1,3,0,0,,residential,8
2018-03-07,Anna Nagar,1.283,2,3,0,0,,residential,8
2018-03-08,Anna Nagar,1.349,3,3,0,0,,residential,8
2018-03-09,Anna Nagar,1.376,4,3,0,0,,residential,8
2018-03-10,Anna Nagar,1.425,5,3,1,0,,residential,8
2018-03-11,Anna Nagar,1.473,6,3,1,0,,residential,8
2018-03-12,Anna Nagar,1.401,0,3,0,0,,residential,8
2018-03-13,Anna Nagar,1.318,1,3,0,0,,residential,8
2018-03-14,Anna Nagar,1.257,2,3,0,0,,residential,8
2018-03-15,Anna Nagar,1.266,3,3,0,0,,residential,8
2018-03-16,Anna Nagar,1.287,4,3,0,0,,residential,8
2018-03-17,Anna Nagar,1.356,5,3,1,0,,residential,8
2018-03-18,Anna Nagar,1.511,6,3,1,0,,residential,8
2018-03-19,Anna Nagar,1.399,0,3,0,0,,residential,8
2018-03-20,Anna Nagar,1.316,1,3,0,0,,residential,8
2018-03-21,Anna Nagar,1.231,2,3,0,0,,residential,8
2018-03-22,Anna Nagar,1.245,3,3,0,0,,residential,8
2018-03-23,Anna Nagar,1.317,4,3,0,0,,residential,8
2018-03-24,Anna Nagar,1.535,5,3,1,0,,residential,8
2018-03-25,Anna Nagar,1.419,6,3,1,0,,residential,8
2018-03-26,Anna Nagar,1.419,0,3,0,0,,residential,8
2018-03-27,Anna Nagar,1.299,1,3,0,0,,residential,8
2018-03-28,Anna Nagar,1.32,2,3,0,0,,residential,8
2018-03-29,Anna Nagar,1.366,3,3,0,0,,residential,8
2018-03-30,Anna Nagar,1.304,4,3,0,0,,residential,8
2018-03-31,Anna Nagar,1.419,5,3,1,0,,residential,8
2015-04-01,Kodambakkam,1.836,2,4,0,0,,residential,10
2015-04-02,Kodambakkam,1.763,3,4,0,0,,residential,10
2015-04-03,Kodambakkam,1.881,4,4,0,0,,residential,10
2015-04-04,Kodambakkam,1.994,5,4,1,0,,residential,10
2015-04-05,Kodambakkam,2.054,6,4,1,0,,residential,10
2015-04-06,Kodambakkam,1.957,0,4,0,0,,residential,10
2015-04-07,Kodambakkam,1.75,1,4,0,0,,residential,10
2015-04-08,Kodambakkam,1.86,2,4,0,0,,residential,10
2015-04-09,Kodambakkam,1.884,3,4,0,0,,residential,10
2015-04-10,Kodambakkam,1.891,4,4,0,0,,residential,10
2015-04-11,Kodambakkam,2.048,5,4,1,0,,residential,10
2015-04-12,Kodambakkam,1.92,6,4,1,0,,residential,10
2015-04-13,Kodambakkam,2.276,0,4,0,1,Tamil New Year,residential,10
2015-04-14,Kodambakkam,2.348,1,4,0,1,Tamil New Year,residential,10
2015-04-15,Kodambakkam,2.012,2,4,0,1,Tamil New Year,residential,10
2015-04-16,Kodambakkam,1.812,3,4,0,0,,residential,10
2015-04-17,Kodambakkam,1.868,4,4,0,0,,residential,10
2015-04-18,Kodambakkam,2.083,5,4,1,0,,residential,10
2015-04-19,Kodambakkam,2.011,6,4,1,0,,residential,10
2015-04-20,Kodambakkam,2.196,0,4,0,1,Eid,residential,10
2015-04-21,Kodambakkam,2.107,1,4,0,1,Eid,residential,10
2015-04-22,Kodambakkam,1.977,2,4,0,1,Eid,residential,10
2015-04-23,Kodambakkam,1.741,3,4,0,0,,residential,10
2015-04-24,Kodambakkam,1.806,4,4,0,0,,residential,10
2015-04-25,Kodambakkam,2.133,5,4,1,0,,residential,10
2015-04-26,Kodambakkam,2.167,6,4,1,0,,residential,10
2015-04-27,Kodambakkam,1.962,0,4,0,0,,residential,10
2015-04-28,Kodambakkam,1.82,1,4,0,0,,residential,10
2015-04-29,Kodambakkam,1.843,2,4,0,0,,residential,10
2015-04-30,Kodambakkam,1.882,3,4,0,0,,residential,10
2015-05-01,Kodambakkam,1.768,4,5,0,0,,residential,10
2015-05-02,Kodambakkam,2.006,5,5,1,0,,residential,10
2015-05-03,Kodambakkam,2.129,6,5,1,0,,residential,10
2015-05-04,Kodambakkam,1.887,0,5,0,0,,residential,10
2015-05-05,Kodambakkam,1.814,1,5,0,0,,residential,10
2015-05-06,Kodambakkam,1.856,2,5,0,0,,residential,10
2015-05-07,Kodambakkam,1.871,3,5,0,0,,residential,10
2015-05-08,Kodambakkam,1.821,4,5,0,0,,residential,10
2015-05-09,Kodambakkam,2.046,5,5,1,0,,residential,10
2015-05-10,Kodambakkam,2.078,6,5,1,0,,residential,10
2015-05-11,Kodambakkam,2.063,0,5,0,0,,residential,10
2015-05-12,Kodambakkam,1.848,1,5,0,0,,residential,10
2015-05-13,Kodambakkam,1.853,2,5,0,0,,residential,10
2015-05-14,Kodambakkam,1.941,3,5,0,0,,residential,10
2015-05-15,Kodambakkam,1.825,4,5,0,0,,residential,10
2015-05-16,Kodambakkam,1.96,5,5,1,0,,residential,10
2015-05-17,Kodambakkam,2.056,6,5,1,0,,residential,10
2015-05-18,Kodambakkam,2.011,0,5,0,0,,residential,10
2015-05-19,Kodambakkam,1.876,1,5,0,0,,residential,10
2015-05-20,Kodambakkam,1.85,2,5,0,0,,residential,10
2015-05-21,Kodambakkam,1.775,3,5,0,0,,residential,10
2015-05-22,Kodambakkam,1.852,4,5,0,0,,residential,10
2015-05-23,Kodambakkam,2.117,5,5,1,0,,residential,10
2015-05-24,Kodambakkam,1.965,6,5,1,0,,residential,10
2015-05-25,Kodambakkam,1.934,0,5,0,0,,residential,10
2015-05-26,Kodambakkam,1.834,1,5,0,0,,residential,10
2015-05-27,Kodambakkam,1.817,2,5,0,0,,residential,10
2015-05-28,Kodambakkam,1.869,3,5,0,0,,residential,10
2015-05-29,Kodambakkam,1.88,4,5,0,0,,residential,10
2015-05-30,Kodambakkam,2.068,5,5,1,0,,residential,10
2015-05-31,Kodambakkam,1.981,6,5,1,0,,residential,10
2015-06-01,Kodambakkam,1.676,0,6,0,0,,residential,10
2015-06-02,Kodambakkam,1.692,1,6,0,0,,residential,10
2015-06-03,Kodambakkam,1.653,2,6,0,0,,residential,10
2015-06-04,Kodambakkam,1.771,3,6,0,0,,residential,10
2015-06-05,Kodambakkam,1.774,4,6,0,0,,residential,10
2015-06-06,Kodambakkam,1.957,5,6,1,0,,residential,10
2015-06-07,Kodambakkam,1.795,6,6,1,0,,residential,10
2015-06-08,Kodambakkam,1.793,0,6,0,0,,residential,10
2015-06-09,Kodambakkam,1.723,1,6,0,0,,residential,10
2015-06-10,Kodambakkam,1.717,2,6,0,0,,residential,10
2015-06-11,Kodambakkam,1.661,3,6,0,0,,residential,10
2015-06-12,Kodambakkam,1.743,4,6,0,0,,residential,10
2015-06-13,Kodambakkam,1.847,5,6,1,0,,residential,10
2015-06-14,Kodambakkam,1.854,6,6,1,0,,residential,10
2015-06-15,Kodambakkam,1.681,0,6,0,0,,residential,10
2015-06-16,Kodambakkam,1.711,1,6,0,0,,residential,10
2015-06-17,Kodambakkam,1.666,2,6,0,0,,residential,10
2015-06-18,Kodambakkam,1.702,3,6,0,0,,residential,10
2015-06-19,Kodambakkam,1.691,4,6,0,0,,residential,10
2015-06-20,Kodambakkam,1.857,5,6,1,0,,residential,10
2015-06-21,Kodambakkam,1.844,6,6,1,0,,residential,10
2015-06-22,Kodambakkam,1.804,0,6,0,0,,residential,10
2015-06-23,Kodambakkam,1.669,1,6,0,0,,residential,10
2015-06-24,Kodambakkam,1.605,2,6,0,0,,residential,10
2015-06-25,Kodambakkam,1.707,3,6,0,0,,residential,10
2015-06-26,Kodambakkam,1.638,4,6,0,0,,residential,10
2015-06-27,Kodambakkam,1.773,5,6,1,0,,residential,10
2015-06-28,Kodambakkam,1.79,6,6,1,0,,residential,10
2015-06-29,Kodambakkam,1.778,0,6,0,0,,residential,10
2015-06-30,Kodambakkam,1.674,1,6,0,0,,residential,10
2015-07-01,Kodambakkam,1.571,2,7,0,0,,residential,10
2015-07-02,Kodambakkam,1.659,3,7,0,0,,residential,10
2015-07-03,Kodambakkam,1.738,4,7,0,0,,residential,10
2015-07-04,Kodambakkam,1.822,5,7,1,0,,residential,10
2015-07-05,Kodambakkam,1.837,6,7,1,0,,residential,10
2015-07-06,Kodambakkam,1.818,0,7,0,0,,residential,10
2015-07-07,Kodambakkam,1.719,1,7,0,0,,residential,10
2015-07-08,Kodambakkam,1.73,2,7,0,0,,residential,10
2015-07-09,Kodambakkam,1.539,3,7,0,0,,residential,10
2015-07-10,Kodambakkam,1.766,4,7,0,0,,residential,10
2015-07-11,Kodambakkam,1.882,5,7,1,0,,residential,10
2015-07-12,Kodambakkam,1.983,6,7,1,0,,residential,10
2015-07-13,Kodambakkam,1.721,0,7,0,0,,residential,10
2015-07-14,Kodambakkam,1.59,1,7,0,0,,residential,10
2015-07-15,Kodambakkam,1.679,2,7,0,0,,residential,10
2015-07-16,Kodambakkam,1.665,3,7,0,0,,residential,10
2015-07-17,Kodambakkam,1.712,4,7,0,0,,residential,10
2015-07-18,Kodambakkam,1.906,5,7,1,0,,residential,10
2015-07-19,Kodambakkam,1.842,6,7,1,0,,residential,10
2015-07-20,Kodambakkam,1.75,0,7,0,0,,residential,10
2015-07-21,Kodambakkam,1.705,1,7,0,0,,residential,10
2015-07-22,Kodambakkam,1.666,2,7,0,0,,residential,10
2015-07-23,Kodambakkam,1.662,3,7,0,0,,residential,10
2015-07-24,Kodambakkam,1.731,4,7,0,0,,residential,10
2015-07-25,Kodambakkam,1.916,5,7,1,0,,residential,10
2015-07-26,Kodambakkam,1.907,6,7,1,0,,residential,10
2015-07-27,Kodambakkam,1.754,0,7,0,0,,residential,10
2015-07-28,Kodambakkam,1.571,1,7,0,0,,residential,10
2015-07-29,Kodambakkam,1.671,2,7,0,0,,residential,10
2015-07-30,Kodambakkam,1.641,3,7,0,0,,residential,10
2015-07-31,Kodambakkam,1.672,4,7,0,0,,residential,10
2015-08-01,Kodambakkam,1.809,5,8,1,0,,residential,10
2015-08-02,Kodambakkam,1.845,6,8,1,0,,residential,10
2015-08-03,Kodambakkam,1.708,0,8,0,0,,residential,10
2015-08-04,Kodambakkam,1.614,1,8,0,0,,residential,10
2015-08-05,Kodambakkam,1.74,2,8,0,0,,residential,10
2015-08-06,Kodambakkam,1.63,3,8,0,0,,residential,10
2015-08-07,Kodambakkam,1.679,4,8,0,0,,residential,10
2015-08-08,Kodambakkam,1.9,5,8,1,0,,residential,10
2015-08-09,Kodambakkam,1.897,6,8,1,0,,residential,10
2015-08-10,Kodambakkam,1.805,0,8,0,0,,residential,10
2015-08-11,Kodambakkam,1.694,1,8,0,0,,residential,10
2015-08-12,Kodambakkam,1.715,2,8,0,0,,residential,10
2015-08-13,Kodambakkam,1.748,3,8,0,0,,residential,10
2015-08-14,Kodambakkam,1.7,4,8,0,0,,residential,10
2015-08-15,Kodambakkam,1.919,5,8,1,1,Independence,residential,10
2015-08-16,Kodambakkam,1.817,6,8,1,0,,residential,10
2015-08-17,Kodambakkam,1.8,0,8,0,0,,residential,10
2015-08-18,Kodambakkam,1.647,1,8,0,0,,residential,10
2015-08-19,Kodambakkam,1.76,2,8,0,0,,residential,10
2015-08-20,Kodambakkam,1.676,3,8,0,0,,residential,10
2015-08-21,Kodambakkam,1.683,4,8,0,0,,residential,10
2015-08-22,Kodambakkam,1.909,5,8,1,0,,residential,10
2015-08-23,Kodambakkam,1.837,6,8,1,0,,residential,10
2015-08-24,Kodambakkam,1.772,0,8,0,0,,residential,10
2015-08-25,Kodambakkam,1.724,1,8,0,0,,residential,10
2015-08-26,Kodambakkam,1.605,2,8,0,0,,residential,10
2015-08-27,Kodambakkam,1.664,3,8,0,0,,residential,10
2015-08-28,Kodambakkam,1.721,4,8,0,0,,residential,10
2015-08-29,Kodambakkam,1.85,5,8,1,0,,residential,10
2015-08-30,Kodambakkam,1.928,6,8,1,0,,residential,10
2015-08-31,Kodambakkam,1.679,0,8,0,0,,residential,10
2015-09-01,Kodambakkam,1.594,1,9,0,0,,residential,10
2015-09-02,Kodambakkam,1.718,2,9,0,0,,residential,10
2015-09-03,Kodambakkam,1.722,3,9,0,0,,residential,10
2015-09-04,Kodambakkam,1.669,4,9,0,0,,residential,10
2015-09-05,Kodambakkam,1.869,5,9,1,0,,residential,10
2015-09-06,Kodambakkam,1.888,6,9,1,0,,residential,10
2015-09-07,Kodambakkam,1.72,0,9,0,0,,residential,10
2015-09-08,Kodambakkam,1.835,1,9,0,1,Ganesh Chathurthi,residential,10
2015-09-09,Kodambakkam,2.082,2,9,0,1,Ganesh Chathurthi,residential,10
2015-09-10,Kodambakkam,2.328,3,9,0,1,Ganesh Chathurthi,residential,10
2015-09-11,Kodambakkam,1.998,4,9,0,1,Ganesh Chathurthi,residential,10
2015-09-12,Kodambakkam,2.05,5,9,1,1,Ganesh Chathurthi,residential,10
2015-09-13,Kodambakkam,1.833,6,9,1,0,,residential,10
2015-09-14,Kodambakkam,1.785,0,9,0,0,,residential,10
2015-09-15,Kodambakkam,1.678,1,9,0,0,,residential,10
2015-09-16,Kodambakkam,1.651,2,9,0,0,,residential,10
2015-09-17,Kodambakkam,1.742,3,9,0,0,,residential,10
2015-09-18,Kodambakkam,1.652,4,9,0,0,,residential,10
2015-09-19,Kodambakkam,1.83,5,9,1,0,,residential,10
2015-09-20,Kodambakkam,1.758,6,9,1,0,,residential,10
2015-09-21,Kodambakkam,1.725,0,9,0,0,,residential,10
2015-09-22,Kodambakkam,1.705,1,9,0,0,,residential,10
2015-09-23,Kodambakkam,1.695,2,9,0,0,,residential,10
2015-09-24,Kodambakkam,1.709,3,9,0,0,,residential,10
2015-09-25,Kodambakkam,1.707,4,9,0,0,,residential,10
2015-09-26,Kodambakkam,1.962,5,9,1,0,,residential,10
2015-09-27,Kodambakkam,1.805,6,9,1,0,,residential,10
2015-09-28,Kodambakkam,1.677,0,9,0,0,,residential,10
2015-09-29,Kodambakkam,1.626,1,9,0,0,,residential,10
2015-09-30,Kodambakkam,1.643,2,9,0,0,,residential,10
2015-10-01,Kodambakkam,1.715,3,10,0,0,,residential,10
2015-10-02,Kodambakkam,1.772,4,10,0,0,,residential,10
2015-10-03,Kodambakkam,2.017,5,10,1,0,,residential,10
2015-10-04,Kodambakkam,2.288,6,10,1,1,Dussehra,residential,10
2015-10-05,Kodambakkam,2.354,0,10,0,1,Dussehra,residential,10
2015-10-06,Kodambakkam,2.116,1,10,0,1,Dussehra,residential,10
2015-10-07,Kodambakkam,1.748,2,10,0,0,,residential,10
2015-10-08,Kodambakkam,1.681,3,10,0,0,,residential,10
2015-10-09,Kodambakkam,1.823,4,10,0,0,,residential,10
2015-10-10,Kodambakkam,1.837,5,10,1,0,,residential,10
2015-10-11,Kodambakkam,1.9,6,10,1,0,,residential,10
2015-10-12,Kodambakkam,1.884,0,10,0,0,,residential,10
2015-10-13,Kodambakkam,1.762,1,10,0,0,,residential,10
2015-10-14,Kodambakkam,1.757,2,10,0,0,,residential,10
2015-10-15,Kodambakkam,1.705,3,10,0,0,,residential,10
2015-10-16,Kodambakkam,1.767,4,10,0,0,,residential,10
2015-10-17,Kodambakkam,2.002,5,10,1,0,,residential,10
2015-10-18,Kodambakkam,1.945,6,10,1,0,,residential,10
2015-10-19,Kodambakkam,1.809,0,10,0,0,,residential,10
2015-10-20,Kodambakkam,1.701,1,10,0,0,,residential,10
2015-10-21,Kodambakkam,1.724,2,10,0,0,,residential,10
2015-10-22,Kodambakkam,2.026,3,10,0,1,Deepavali,residential,10
2015-10-23,Kodambakkam,2.261,4,10,0,1,Deepavali,residential,10
2015-10-24,Kodambakkam,2.656,5,10,1,1,Deepavali,residential,10
2015-10-25,Kodambakkam,2.299,6,10,1,1,Deepavali,residential,10
2015-10-26,Kodambakkam,2.129,0,10,0,1,Deepavali,residential,10
2015-10-27,Kodambakkam,1.72,1,10,0,0,,residential,10
2015-10-28,Kodambakkam,1.804,2,10,0,0,,residential,10
2015-10-29,Kodambakkam,1.727,3,10,0,0,,residential,10
2015-10-30,Kodambakkam,1.715,4,10,0,0,,residential,10
2015-10-31,Kodambakkam,1.953,5,10,1,0,,residential,10
2015-11-01,Kodambakkam,2.081,6,11,1,0,,residential,10
2015-11-02,Kodambakkam,1.897,0,11,0,0,,residential,10
2015-11-03,Kodambakkam,1.774,1,11,0,0,,residential,10
2015-11-04,Kodambakkam,1.786,2,11,0,0,,residential,10
2015-11-05,Kodambakkam,1.674,3,11,0,0,,residential,10
2015-11-06,Kodambakkam,1.708,4,11,0,0,,residential,10
2015-11-07,Kodambakkam,1.797,5,11,1,0,,residential,10
2015-11-08,Kodambakkam,2.045,6,11,1,0,,residential,10
2015-11-09,Kodambakkam,1.941,0,11,0,0,,residential,10
2015-11-10,Kodambakkam,1.788,1,11,0,0,,residential,10
2015-11-11,Kodambakkam,1.774,2,11,0,0,,residential,10
2015-11-12,Kodambakkam,1.685,3,11,0,0,,residential,10
2015-11-13,Kodambakkam,1.755,4,11,0,0,,residential,10
2015-11-14,Kodambakkam,2.048,5,11,1,0,,residential,10
2015-11-15,Kodambakkam,1.951,6,11,1,0,,residential,10
2015-11-16,Kodambakkam,1.824,0,11,0,0,,residential,10
2015-11-17,Kodambakkam,1.674,1,11,0,0,,residential,10
2015-11-18,Kodambakkam,1.84,2,11,0,0,,residential,10
2015-11-19,Kodambakkam,1.763,3,11,0,0,,residential,10
2015-11-20,Kodambakkam,1.674,4,11,0,0,,residential,10
2015-11-21,Kodambakkam,1.89,5,11,1,0,,residential,10
2015-11-22,Kodambakkam,1.869,6,11,1,0,,residential,10
2015-11-23,Kodambakkam,1.848,0,11,0,0,,residential,10
2015-11-24,Kodambakkam,1.778,1,11,0,0,,residential,10
2015-11-25,Kodambakkam,1.74,2,11,0,0,,residential,10
2015-11-26,Kodambakkam,1.808,3,11,0,0,,residential,10
2015-11-27,Kodambakkam,1.771,4,11,0,0,,residential,10
2015-11-28,Kodambakkam,2.006,5,11,1,0,,residential,10
2015-11-29,Kodambakkam,1.923,6,11,1,0,,residential,10
2015-11-30,Kodambakkam,2.025,0,11,0,0,,residential,10
2015-12-01,Kodambakkam,1.737,1,12,0,0,,residential,10
2015-12-02,Kodambakkam,1.719,2,12,0,0,,residential,10
2015-12-03,Kodambakkam,1.713,3,12,0,0,,residential,10
2015-12-04,Kodambakkam,1.756,4,12,0,0,,residential,10
2015-12-05,Kodambakkam,1.844,5,12,1,0,,residential,10
2015-12-06,Kodambakkam,1.961,6,12,1,0,,residential,10
2015-12-07,Kodambakkam,1.749,0,12,0,0,,residential,10
2015-12-08,Kodambakkam,1.776,1,12,0,0,,residential,10
2015-12-09,Kodambakkam,1.695,2,12,0,0,,residential,10
2015-12-10,Kodambakkam,1.747,3,12,0,0,,residential,10
2015-12-11,Kodambakkam,1.799,4,12,0,0,,residential,10
2015-12-12,Kodambakkam,2.078,5,12,1,0,,residential,10
2015-12-13,Kodambakkam,1.881,6,12,1,0,,residential,10
2015-12-14,Kodambakkam,1.847,0,12,0,0,,residential,10
2015-12-15,Kodambakkam,1.729,1,12,0,0,,residential,10
2015-12-16,Kodambakkam,1.721,2,12,0,0,,residential,10
2015-12-17,Kodambakkam,1.729,3,12,0,0,,residential,10
2015-12-18,Kodambakkam,1.811,4,12,0,0,,residential,10
2015-12-19,Kodambakkam,1.915,5,12,1,0,,residential,10
2015-12-20,Kodambakkam,2.075,6,12,1,0,,residential,10
2015-12-21,Kodambakkam,1.879,0,12,0,0,,residential,10
2015-12-22,Kodambakkam,1.714,1,12,0,0,,residential,10
2015-12-23,Kodambakkam,1.748,2,12,0,0,,residential,10
2015-12-24,Kodambakkam,1.854,3,12,0,1,Christmas,residential,10
2015-12-25,Kodambakkam,2.081,4,12,0,1,Christmas,residential,10
2015-12-26,Kodambakkam,1.987,5,12,1,1,Christmas,residential,10
2015-12-27,Kodambakkam,1.866,6,12,1,0,,residential,10
2015-12-28,Kodambakkam,1.823,0,12,0,0,,residential,10
2015-12-29,Kodambakkam,1.803,1,12,0,0,,residential,10
2015-12-30,Kodambakkam,2.016,2,12,0,1,New Year,residential,10
2015-12-31,Kodambakkam,2.208,3,12,0,1,New Year,residential,10
2016-01-01,Kodambakkam,1.795,4,1,0,0,,residential,10
2016-01-02,Kodambakkam,1.939,5,1,1,0,,residential,10
2016-01-03,Kodambakkam,1.99,6,1,1,0,,residential,10
2016-01-04,Kodambakkam,1.792,0,1,0,0,,residential,10
2016-01-05,Kodambakkam,1.669,1,1,0,0,,residential,10
2016-01-06,Kodambakkam,1.79,2,1,0,0,,residential,10
2016-01-07,Kodambakkam,1.714,3,1,0,0,,residential,10
2016-01-08,Kodambakkam,1.764,4,1,0,0,,residential,10
2016-01-09,Kodambakkam,1.951,5,1,1,0,,residential,10
2016-01-10,Kodambakkam,1.958,6,1,1,0,,residential,10
2016-01-11,Kodambakkam,1.908,0,1,0,0,,residential,10
2016-01-12,Kodambakkam,1.992,1,1,0,1,Pongal,residential,10
2016-01-13,Kodambakkam,2.133,2,1,0,1,Pongal,residential,10
2016-01-14,Kodambakkam,2.267,3,1,0,1,Pongal,residential,10
2016-01-15,Kodambakkam,2.127,4,1,0,1,Pongal,residential,10
2016-01-16,Kodambakkam,2.1,5,1,1,1,Pongal,residential,10
2016-01-17,Kodambakkam,1.932,6,1,1,0,,residential,10
2016-01-18,Kodambakkam,2.001,0,1,0,0,,residential,10
2016-01-19,Kodambakkam,1.777,1,1,0,0,,residential,10
2016-01-20,Kodambakkam,1.791,2,1,0,0,,residential,10
2016-01-21,Kodambakkam,1.73,3,1,0,0,,residential,10
2016-01-22,Kodambakkam,1.821,4,1,0,0,,residential,10
2016-01-23,Kodambakkam,1.988,5,1,1,0,,residential,10
2016-01-24,Kodambakkam,1.989,6,1,1,0,,residential,10
2016-01-25,Kodambakkam,1.867,0,1,0,0,,residential,10
2016-01-26,Kodambakkam,2.004,1,1,0,1,Republic Day,residential,10
2016-01-27,Kodambakkam,1.835,2,1,0,0,,residential,10
2016-01-28,Kodambakkam,1.782,3,1,0,0,,residential,10
2016-01-29,Kodambakkam,1.761,4,1,0,0,,residential,10
2016-01-30,Kodambakkam,1.996,5,1,1,0,,residential,10
2016-01-31,Kodambakkam,1.891,6,1,1,0,,residential,10
2016-02-01,Kodambakkam,1.816,0,2,0,0,,residential,10
2016-02-02,Kodambakkam,1.764,1,2,0,0,,residential,10
2016-02-03,Kodambakkam,1.675,2,2,0,0,,residential,10
2016-02-04,Kodambakkam,1.811,3,2,0,0,,residential,10
2016-02-05,Kodambakkam,1.716,4,2,0,0,,residential,10
2016-02-06,Kodambakkam,1.916,5,2,1,0,,residential,10
2016-02-07,Kodambakkam,1.931,6,2,1,0,,residential,10
2016-02-08,Kodambakkam,1.858,0,2,0,0,,residential,10
2016-02-09,Kodambakkam,1.749,1,2,0,0,,residential,10
2016-02-10,Kodambakkam,1.764,2,2,0,0,,residential,10
2016-02-11,Kodambakkam,1.764,3,2,0,0,,residential,10
2016-02-12,Kodambakkam,1.743,4,2,0,0,,residential,10
2016-02-13,Kodambakkam,1.899,5,2,1,0,,residential,10
2016-02-14,Kodambakkam,2.007,6,2,1,0,,residential,10
2016-02-15,Kodambakkam,1.738,0,2,0,0,,residential,10
2016-02-16,Kodambakkam,1.756,1,2,0,0,,residential,10
2016-02-17,Kodambakkam,1.742,2,2,0,0,,residential,10
2016-02-18,Kodambakkam,1.789,3,2,0,0,,residential,10
2016-02-19,Kodambakkam,1.69,4,2,0,0,,residential,10
2016-02-20,Kodambakkam,1.915,5,2,1,0,,residential,10
2016-02-21,Kodambakkam,1.938,6,2,1,0,,residential,10
2016-02-22,Kodambakkam,1.915,0,2,0,0,,residential,10
2016-02-23,Kodambakkam,1.785,1,2,0,0,,residential,10
2016-02-24,Kodambakkam,1.704,2,2,0,0,,residential,10
2016-02-25,Kodambakkam,1.741,3,2,0,0,,residential,10
2016-02-26,Kodambakkam,1.814,4,2,0,0,,residential,10
2016-02-27,Kodambakkam,1.874,5,2,1,0,,residential,10
2016-02-28,Kodambakkam,1.939,6,2,1,0,,residential,10
2016-02-29,Kodambakkam,1.855,0,2,0,0,,residential,10
2016-03-01,Kodambakkam,1.834,1,3,0,0,,residential,10
2016-03-02,Kodambakkam,2.006,2,3,0,0,,residential,10
2016-03-03,Kodambakkam,1.833,3,3,0,0,,residential,10
2016-03-04,Kodambakkam,1.881,4,3,0,0,,residential,10
2016-03-05,Kodambakkam,1.994,5,3,1,0,,residential,10
2016-03-06,Kodambakkam,2.073,6,3,1,0,,residential,10
2016-03-07,Kodambakkam,1.999,0,3,0,0,,residential,10
2016-03-08,Kodambakkam,1.823,1,3,0,0,,residential,10
2016-03-09,Kodambakkam,1.852,2,3,0,0,,residential,10
2016-03-10,Kodambakkam,1.806,3,3,0,0,,residential,10
2016-03-11,Kodambakkam,1.792,4,3,0,0,,residential,10
2016-03-12,Kodambakkam,2.105,5,3,1,0,,residential,10
2016-03-13,Kodambakkam,2.007,6,3,1,0,,residential,10
2016-03-14,Kodambakkam,1.807,0,3,0,0,,residential,10
2016-03-15,Kodambakkam,1.954,1,3,0,0,,residential,10
2016-03-16,Kodambakkam,1.811,2,3,0,0,,residential,10
2016-03-17,Kodambakkam,1.842,3,3,0,0,,residential,10
2016-03-18,Kodambakkam,1.947,4,3,0,0,,residential,10
2016-03-19,Kodambakkam,2.032,5,3,1,0,,residential,10
2016-03-20,Kodambakkam,2.031,6,3,1,0,,residential,10
2016-03-21,Kodambakkam,1.876,0,3,0,0,,residential,10
2016-03-22,Kodambakkam,1.764,1,3,0,0,,residential,10
2016-03-23,Kodambakkam,1.846,2,3,0,0,,residential,10
2016-03-24,Kodambakkam,1.876,3,3,0,0,,residential,10
2016-03-25,Kodambakkam,1.872,4,3,0,0,,residential,10
2016-03-26,Kodambakkam,2.012,5,3,1,0,,residential,10
2016-03-27,Kodambakkam,2.042,6,3,1,0,,residential,10
2016-03-28,Kodambakkam,1.841,0,3,0,0,,residential,10
2016-03-29,Kodambakkam,1.881,1,3,0,0,,residential,10
2016-03-30,Kodambakkam,1.864,2,3,0,0,,residential,10
2016-04-01,Kodambakkam,2.054,4,4,0,0,,residential,10
2016-04-02,Kodambakkam,2.133,5,4,1,0,,residential,10
2016-04-03,Kodambakkam,2.072,6,4,1,0,,residential,10
2016-04-04,Kodambakkam,2.033,0,4,0,0,,residential,10
2016-04-05,Kodambakkam,1.92,1,4,0,0,,residential,10
2016-04-06,Kodambakkam,1.964,2,4,0,0,,residential,10
2016-04-07,Kodambakkam,1.94,3,4,0,0,,residential,10
2016-04-08,Kodambakkam,1.866,4,4,0,0,,residential,10
2016-04-09,Kodambakkam,2.028,5,4,1,0,,residential,10
2016-04-10,Kodambakkam,2.15,6,4,1,0,,residential,10
2016-04-11,Kodambakkam,2.12,0,4,0,0,,residential,10
2016-04-12,Kodambakkam,1.944,1,4,0,0,,residential,10
2016-04-13,Kodambakkam,2.234,2,4,0,1,Tamil New Year,residential,10
2016-04-14,Kodambakkam,2.497,3,4,0,1,Tamil New Year,residential,10
2016-04-15,Kodambakkam,2.199,4,4,0,1,Tamil New Year,residential,10
2016-04-16,Kodambakkam,2.081,5,4,1,0,,residential,10
2016-04-17,Kodambakkam,2.145,6,4,1,0,,residential,10
2016-04-18,Kodambakkam,2.11,0,4,0,0,,residential,10
2016-04-19,Kodambakkam,1.97,1,4,0,0,,residential,10
2016-04-20,Kodambakkam,2.181,2,4,0,1,Eid,residential,10
2016-04-21,Kodambakkam,2.294,3,4,0,1,Eid,residential,10
2016-04-22,Kodambakkam,2.12,4,4,0,1,Eid,residential,10
2016-04-23,Kodambakkam,2.125,5,4,1,0,,residential,10
2016-04-24,Kodambakkam,2.13,6,4,1,0,,residential,10
2016-04-25,Kodambakkam,2.107,0,4,0,0,,residential,10
2016-04-26,Kodambakkam,1.802,1,4,0,0,,residential,10
2016-04-27,Kodambakkam,1.941,2,4,0,0,,residential,10
2016-04-28,Kodambakkam,1.934,3,4,0,0,,residential,10
2016-04-29,Kodambakkam,1.859,4,4,0,0,,residential,10
2016-04-30,Kodambakkam,2.176,5,4,1,0,,residential,10
2016-05-01,Kodambakkam,2.086,6,5,1,0,,residential,10
2016-05-02,Kodambakkam,2.014,0,5,0,0,,residential,10
2016-05-03,Kodambakkam,2.046,1,5,0,0,,residential,10
2016-05-04,Kodambakkam,1.998,2,5,0,0,,residential,10
2016-05-05,Kodambakkam,1.972,3,5,0,0,,residential,10
2016-05-06,Kodambakkam,1.961,4,5,0,0,,residential,10
2016-05-07,Kodambakkam,2.122,5,5,1,0,,residential,10
2016-05-08,Kodambakkam,2.261,6,5,1,0,,residential,10
2016-05-09,Kodambakkam,2.085,0,5,0,0,,residential,10
2016-05-10,Kodambakkam,1.895,1,5,0,0,,residential,10
2016-05-11,Kodambakkam,1.857,2,5,0,0,,residential,10
2016-05-12,Kodambakkam,1.972,3,5,0,0,,residential,10
2016-05-13,Kodambakkam,1.936,4,5,0,0,,residential,10
2016-05-14,Kodambakkam,2.041,5,5,1,0,,residential,10
2016-05-15,Kodambakkam,2.16,6,5,1,0,,residential,10
2016-05-16,Kodambakkam,2.019,0,5,0,0,,residential,10
2016-05-17,Kodambakkam,1.97,1,5,0,0,,residential,10
2016-05-18,Kodambakkam,1.965,2,5,0,0,,residential,10
2016-05-19,Kodambakkam,1.904,3,5,0,0,,residential,10
2016-05-20,Kodambakkam,1.976,4,5,0,0,,residential,10
2016-05-21,Kodambakkam,2.101,5,5,1,0,,residential,10
2016-05-22,Kodambakkam,2.105,6,5,1,0,,residential,10
2016-05-23,Kodambakkam,2.003,0,5,0,0,,residential,10
2016-05-24,Kodambakkam,2.005,1,5,0,0,,residential,10
2016-05-25,Kodambakkam,1.923,2,5,0,0,,residential,10
2016-05-26,Kodambakkam,2.019,3,5,0,0,,residential,10
2016-05-27,Kodambakkam,2.043,4,5,0,0,,residential,10
2016-05-28,Kodambakkam,2.086,5,5,1,0,,residential,10
2016-05-29,Kodambakkam,1.946,6,5,1,0,,residential,10
2016-05-30,Kodambakkam,2.1,0,5,0,0,,residential,10
2016-05-31,Kodambakkam,1.919,1,5,0,0,,residential,10
2016-06-01,Kodambakkam,1.709,2,6,0,0,,residential,10
2016-06-02,Kodambakkam,1.723,3,6,0,0,,residential,10
2016-06-03,Kodambakkam,1.732,4,6,0,0,,residential,10
2016-06-04,Kodambakkam,2.005,5,6,1,0,,residential,10
2016-06-05,Kodambakkam,1.939,6,6,1,0,,residential,10
2016-06-06,Kodambakkam,1.913,0,6,0,0,,residential,10
2016-06-07,Kodambakkam,1.78,1,6,0,0,,residential,10
2016-06-08,Kodambakkam,1.738,2,6,0,0,,residential,10
2016-06-09,Kodambakkam,1.734,3,6,0,0,,residential,10
2016-06-10,Kodambakkam,1.784,4,6,0,0,,residential,10
2016-06-11,Kodambakkam,1.977,5,6,1,0,,residential,10
2016-06-12,Kodambakkam,1.987,6,6,1,0,,residential,10
2016-06-13,Kodambakkam,1.828,0,6,0,0,,residential,10
2016-06-14,Kodambakkam,1.763,1,6,0,0,,residential,10
2016-06-15,Kodambakkam,1.785,2,6,0,0,,residential,10
2016-06-16,Kodambakkam,1.734,3,6,0,0,,residential,10
2016-06-17,Kodambakkam,1.695,4,6,0,0,,residential,10
2016-06-18,Kodambakkam,1.883,5,6,1,0,,residential,10
2016-06-19,Kodambakkam,1.916,6,6,1,0,,residential,10
2016-06-20,Kodambakkam,1.879,0,6,0,0,,residential,10
2016-06-21,Kodambakkam,1.821,1,6,0,0,,residential,10
2016-06-22,Kodambakkam,1.683,2,6,0,0,,residential,10
2016-06-23,Kodambakkam,1.723,3,6,0,0,,residential,10
2016-06-24,Kodambakkam,1.735,4,6,0,0,,residential,10
2016-06-25,Kodambakkam,1.976,5,6,1,0,,residential,10
2016-06-26,Kodambakkam,1.899,6,6,1,0,,residential,10
2016-06-27,Kodambakkam,1.818,0,6,0,0,,residential,10
2016-06-28,Kodambakkam,1.68,1,6,0,0,,residential,10
2016-06-29,Kodambakkam,1.78,2,6,0,0,,residential,10
2016-06-30,Kodambakkam,1.746,3,6,0,0,,residential,10
2016-07-01,Kodambakkam,1.72,4,7,0,0,,residential,10
2016-07-02,Kodambakkam,1.915,5,7,1,0,,residential,10
2016-07-03,Kodambakkam,1.995,6,7,1,0,,residential,10
2016-07-04,Kodambakkam,1.786,0,7,0,0,,residential,10
2016-07-05,Kodambakkam,1.71,1,7,0,0,,residential,10
2016-07-06,Kodambakkam,1.82,2,7,0,0,,residential,10
2016-07-07,Kodambakkam,1.758,3,7,0,0,,residential,10
2016-07-08,Kodambakkam,1.789,4,7,0,0,,residential,10
2016-07-09,Kodambakkam,1.953,5,7,1,0,,residential,10
2016-07-10,Kodambakkam,1.928,6,7,1,0,,residential,10
2016-07-11,Kodambakkam,1.823,0,7,0,0,,residential,10
2016-07-12,Kodambakkam,1.798,1,7,0,0,,residential,10
2016-07-13,Kodambakkam,1.815,2,7,0,0,,residential,10
2016-07-14,Kodambakkam,1.811,3,7,0,0,,residential,10
2016-07-15,Kodambakkam,1.692,4,7,0,0,,residential,10
2016-07-16,Kodambakkam,2.005,5,7,1,0,,residential,10
2016-07-17,Kodambakkam,1.909,6,7,1,0,,residential,10
2016-07-18,Kodambakkam,1.8,0,7,0,0,,residential,10
2016-07-19,Kodambakkam,1.745,1,7,0,0,,residential,10
2016-07-20,Kodambakkam,1.798,2,7,0,0,,residential,10
2016-07-21,Kodambakkam,1.783,3,7,0,0,,residential,10
2016-07-22,Kodambakkam,1.741,4,7,0,0,,residential,10
2016-07-23,Kodambakkam,1.978,5,7,1,0,,residential,10
2016-07-24,Kodambakkam,1.938,6,7,1,0,,residential,10
2016-07-25,Kodambakkam,1.81,0,7,0,0,,residential,10
2016-07-26,Kodambakkam,1.717,1,7,0,0,,residential,10
2016-07-27,Kodambakkam,1.776,2,7,0,0,,residential,10
2016-07-28,Kodambakkam,1.75,3,7,0,0,,residential,10
2016-07-29,Kodambakkam,1.682,4,7,0,0,,residential,10
2016-07-30,Kodambakkam,1.979,5,7,1,0,,residential,10
2016-07-31,Kodambakkam,1.902,6,7,1,0,,residential,10
2016-08-01,Kodambakkam,1.93,0,8,0,0,,residential,10
2016-08-02,Kodambakkam,1.68,1,8,0,0,,residential,10
2016-08-03,Kodambakkam,1.745,2,8,0,0,,residential,10
2016-08-04,Kodambakkam,1.717,3,8,0,0,,residential,10
2016-08-05,Kodambakkam,1.703,4,8,0,0,,residential,10
2016-08-06,Kodambakkam,1.901,5,8,1,0,,residential,10
2016-08-07,Kodambakkam,2.032,6,8,1,0,,residential,10
2016-08-08,Kodambakkam,1.85,0,8,0,0,,residential,10
2016-08-09,Kodambakkam,1.713,1,8,0,0,,residential,10
2016-08-10,Kodambakkam,1.658,2,8,0,0,,residential,10
2016-08-11,Kodambakkam,1.664,3,8,0,0,,residential,10
2016-08-12,Kodambakkam,1.726,4,8,0,0,,residential,10
2016-08-13,Kodambakkam,1.893,5,8,1,0,,residential,10
2016-08-14,Kodambakkam,1.917,6,8,1,0,,residential,10
2016-08-15,Kodambakkam,1.888,0,8,0,1,Independence,residential,10
2016-08-16,Kodambakkam,1.749,1,8,0,0,,residential,10
2016-08-17,Kodambakkam,1.808,2,8,0,0,,residential,10
2016-08-18,Kodambakkam,1.84,3,8,0,0,,residential,10
2016-08-19,Kodambakkam,1.655,4,8,0,0,,residential,10
2016-08-20,Kodambakkam,1.883,5,8,1,0,,residential,10
2016-08-21,Kodambakkam,1.88,6,8,1,0,,residential,10
2016-08-22,Kodambakkam,1.85,0,8,0,0,,residential,10
2016-08-23,Kodambakkam,1.69,1,8,0,0,,residential,10
2016-08-24,Kodambakkam,1.843,2,8,0,0,,residential,10
2016-08-25,Kodambakkam,1.757,3,8,0,0,,residential,10
2016-08-26,Kodambakkam,1.748,4,8,0,0,,residential,10
2016-08-27,Kodambakkam,2.022,5,8,1,0,,residential,10
2016-08-28,Kodambakkam,1.929,6,8,1,0,,residential,10
2016-08-29,Kodambakkam,1.864,0,8,0,0,,residential,10
2016-08-30,Kodambakkam,1.715,1,8,0,0,,residential,10
2016-08-31,Kodambakkam,1.682,2,8,0,0,,residential,10
2016-09-01,Kodambakkam,1.722,3,9,0,0,,residential,10
2016-09-02,Kodambakkam,1.869,4,9,0,0,,residential,10
2016-09-03,Kodambakkam,1.966,5,9,1,0,,residential,10
2016-09-04,Kodambakkam,1.946,6,9,1,0,,residential,10
2016-09-05,Kodambakkam,1.788,0,9,0,0,,residential,10
2016-09-06,Kodambakkam,1.802,1,9,0,0,,residential,10
2016-09-07,Kodambakkam,1.683,2,9,0,0,,residential,10
2016-09-08,Kodambakkam,1.867,3,9,0,1,Ganesh Chathurthi,residential,10
2016-09-09,Kodambakkam,2.127,4,9,0,1,Ganesh Chathurthi,residential,10
2016-09-10,Kodambakkam,2.758,5,9,1,1,Ganesh Chathurthi,residential,10
2016-09-11,Kodambakkam,2.515,6,9,1,1,Ganesh Chathurthi,residential,10
2016-09-12,Kodambakkam,2.029,0,9,0,1,Ganesh Chathurthi,residential,10
2016-09-13,Kodambakkam,1.719,1,9,0,0,,residential,10
2016-09-14,Kodambakkam,1.668,2,9,0,0,,residential,10
2016-09-15,Kodambakkam,1.758,3,9,0,0,,residential,10
2016-09-16,Kodambakkam,1.763,4,9,0,0,,residential,10
2016-09-17,Kodambakkam,1.975,5,9,1,0,,residential,10
2016-09-18,Kodambakkam,1.982,6,9,1,0,,residential,10
2016-09-19,Kodambakkam,1.831,0,9,0,0,,residential,10
2016-09-20,Kodambakkam,1.784,1,9,0,0,,residential,10
2016-09-21,Kodambakkam,1.717,2,9,0,0,,residential,10
2016-09-22,Kodambakkam,1.783,3,9,0,0,,residential,10
2016-09-23,Kodambakkam,1.728,4,9,0,0,,residential,10
2016-09-24,Kodambakkam,1.956,5,9,1,0,,residential,10
2016-09-25,Kodambakkam,1.952,6,9,1,0,,residential,10
2016-09-26,Kodambakkam,1.846,0,9,0,0,,residential,10
2016-09-27,Kodambakkam,1.796,1,9,0,0,,residential,10
2016-09-28,Kodambakkam,1.672,2,9,0,0,,residential,10
2016-09-29,Kodambakkam,1.698,3,9,0,0,,residential,10
2016-09-30,Kodambakkam,1.74,4,9,0,0,,residential,10
2016-10-01,Kodambakkam,1.943,5,10,1,0,,residential,10
2016-10-02,Kodambakkam,2.006,6,10,1,0,,residential,10
2016-10-03,Kodambakkam,1.917,0,10,0,0,,residential,10
2016-10-04,Kodambakkam,2.159,1,10,0,1,Dussehra,residential,10
2016-10-05,Kodambakkam,2.318,2,10,0,1,Dussehra,residential,10
2016-10-06,Kodambakkam,2.142,3,10,0,1,Dussehra,residential,10
2016-10-07,Kodambakkam,1.863,4,10,0,0,,residential,10
2016-10-08,Kodambakkam,1.999,5,10,1,0,,residential,10
2016-10-09,Kodambakkam,2.039,6,10,1,0,,residential,10
2016-10-10,Kodambakkam,1.981,0,10,0,0,,residential,10
2016-10-11,Kodambakkam,1.913,1,10,0,0,,residential,10
2016-10-12,Kodambakkam,1.839,2,10,0,0,,residential,10
2016-10-13,Kodambakkam,1.755,3,10,0,0,,residential,10
2016-10-14,Kodambakkam,1.751,4,10,0,0,,residential,10
2016-10-15,Kodambakkam,2.011,5,10,1,0,,residential,10
2016-10-16,Kodambakkam,1.889,6,10,1,0,,residential,10
2016-10-17,Kodambakkam,2.043,0,10,0,0,,residential,10
2016-10-18,Kodambakkam,1.88,1,10,0,0,,residential,10
2016-10-19,Kodambakkam,1.811,2,10,0,0,,residential,10
2016-10-20,Kodambakkam,1.785,3,10,0,0,,residential,10
2016-10-21,Kodambakkam,1.904,4,10,0,0,,residential,10
2016-10-22,Kodambakkam,2.225,5,10,1,1,Deepavali,residential,10
2016-10-23,Kodambakkam,2.494,6,10,1,1,Deepavali,residential,10
2016-10-24,Kodambakkam,2.652,0,10,0,1,Deepavali,residential,10
2016-10-25,Kodambakkam,2.347,1,10,0,1,Deepavali,residential,10
2016-10-26,Kodambakkam,2.132,2,10,0,1,Deepavali,residential,10
2016-10-27,Kodambakkam,1.913,3,10,0,0,,residential,10
2016-10-28,Kodambakkam,1.904,4,10,0,0,,residential,10
2016-10-29,Kodambakkam,2.031,5,10,1,0,,residential,10
2016-10-30,Kodambakkam,2.093,6,10,1,0,,residential,10
2016-10-31,Kodambakkam,1.9,0,10,0,0,,residential,10
2016-11-01,Kodambakkam,1.746,1,11,0,0,,residential,10
2016-11-02,Kodambakkam,1.809,2,11,0,0,,residential,10
2016-11-03,Kodambakkam,1.802,3,11,0,0,,residential,10
2016-11-04,Kodambakkam,1.812,4,11,0,0,,residential,10
2016-11-05,Kodambakkam,1.973,5,11,1,0,,residential,10
2016-11-06,Kodambakkam,2.003,6,11,1,0,,residential,10
2016-11-07,Kodambakkam,1.975,0,11,0,0,,residential,10
2016-11-08,Kodambakkam,1.942,1,11,0,0,,residential,10
2016-11-09,Kodambakkam,1.751,2,11,0,0,,residential,10
2016-11-10,Kodambakkam,1.775,3,11,0,0,,residential,10
2016-11-11,Kodambakkam,1.803,4,11,0,0,,residential,10
2016-11-12,Kodambakkam,2.078,5,11,1,0,,residential,10
2016-11-13,Kodambakkam,2.019,6,11,1,0,,residential,10
2016-11-14,Kodambakkam,1.897,0,11,0,0,,residential,10
2016-11-15,Kodambakkam,1.886,1,11,0,0,,residential,10
2016-11-16,Kodambakkam,1.9,2,11,0,0,,residential,10
2016-11-17,Kodambakkam,1.846,3,11,0,0,,residential,10
2016-11-18,Kodambakkam,1.801,4,11,0,0,,residential,10
2016-11-19,Kodambakkam,2.048,5,11,1,0,,residential,10
2016-11-20,Kodambakkam,2.017,6,11,1,0,,residential,10
2016-11-21,Kodambakkam,1.925,0,11,0,0,,residential,10
2016-11-22,Kodambakkam,1.818,1,11,0,0,,residential,10
2016-11-23,Kodambakkam,1.898,2,11,0,0,,residential,10
2016-11-24,Kodambakkam,1.86,3,11,0,0,,residential,10
2016-11-25,Kodambakkam,1.904,4,11,0,0,,residential,10
2016-11-26,Kodambakkam,2.113,5,11,1,0,,residential,10
2016-11-27,Kodambakkam,2.059,6,11,1,0,,residential,10
2016-11-28,Kodambakkam,1.909,0,11,0,0,,residential,10
2016-11-29,Kodambakkam,1.904,1,11,0,0,,residential,10
2016-11-30,Kodambakkam,1.872,2,11,0,0,,residential,10
2016-12-01,Kodambakkam,1.991,3,12,0,0,,residential,10
2016-12-02,Kodambakkam,1.864,4,12,0,0,,residential,10
2016-12-03,Kodambakkam,2.074,5,12,1,0,,residential,10
2016-12-04,Kodambakkam,2.049,6,12,1,0,,residential,10
2016-12-05,Kodambakkam,1.933,0,12,0,0,,residential,10
2016-12-06,Kodambakkam,1.832,1,12,0,0,,residential,10
2016-12-07,Kodambakkam,1.863,2,12,0,0,,residential,10
2016-12-08,Kodambakkam,1.875,3,12,0,0,,residential,10
2016-12-09,Kodambakkam,1.911,4,12,0,0,,residential,10
2016-12-10,Kodambakkam,2.05,5,12,1,0,,residential,10
2016-12-11,Kodambakkam,2.003,6,12,1,0,,residential,10
2016-12-12,Kodambakkam,1.92,0,12,0,0,,residential,10
2016-12-13,Kodambakkam,1.773,1,12,0,0,,residential,10
2016-12-14,Kodambakkam,1.939,2,12,0,0,,residential,10
2016-12-15,Kodambakkam,1.817,3,12,0,0,,residential,10
2016-12-16,Kodambakkam,1.9,4,12,0,0,,residential,10
2016-12-17,Kodambakkam,2.048,5,12,1,0,,residential,10
2016-12-18,Kodambakkam,2.05,6,12,1,0,,residential,10
2016-12-19,Kodambakkam,1.932,0,12,0,0,,residential,10
2016-12-20,Kodambakkam,1.803,1,12,0,0,,residential,10
2016-12-21,Kodambakkam,1.793,2,12,0,0,,residential,10
2016-12-22,Kodambakkam,1.942,3,12,0,0,,residential,10
2016-12-23,Kodambakkam,1.853,4,12,0,0,,residential,10
2016-12-24,Kodambakkam,2.257,5,12,1,1,Christmas,residential,10
2016-12-25,Kodambakkam,2.433,6,12,1,1,Christmas,residential,10
2016-12-26,Kodambakkam,2.059,0,12,0,1,Christmas,residential,10
2016-12-27,Kodambakkam,1.87,1,12,0,0,,residential,10
2016-12-28,Kodambakkam,1.849,2,12,0,0,,residential,10
2016-12-29,Kodambakkam,1.782,3,12,0,0,,residential,10
2016-12-30,Kodambakkam,2.02,4,12,0,1,New Year,residential,10
2016-12-31,Kodambakkam,2.48,5,12,1,1,New Year,residential,10
2017-01-01,Kodambakkam,2.001,6,1,1,0,,residential,10
2017-01-02,Kodambakkam,1.92,0,1,0,0,,residential,10
2017-01-03,Kodambakkam,1.837,1,1,0,0,,residential,10
2017-01-04,Kodambakkam,1.964,2,1,0,0,,residential,10
2017-01-05,Kodambakkam,1.745,3,1,0,0,,residential,10
2017-01-06,Kodambakkam,1.874,4,1,0,0,,residential,10
2017-01-07,Kodambakkam,2.016,5,1,1,0,,residential,10
2017-01-08,Kodambakkam,1.992,6,1,1,0,,residential,10
2017-01-09,Kodambakkam,1.923,0,1,0,0,,residential,10
2017-01-10,Kodambakkam,1.884,1,1,0,0,,residential,10
2017-01-11,Kodambakkam,1.887,2,1,0,0,,residential,10
2017-01-12,Kodambakkam,2.043,3,1,0,1,Pongal,residential,10
2017-01-13,Kodambakkam,2.289,4,1,0,1,Pongal,residential,10
2017-01-14,Kodambakkam,2.741,5,1,1,1,Pongal,residential,10
2017-01-15,Kodambakkam,2.497,6,1,1,1,Pongal,residential,10
2017-01-16,Kodambakkam,2.098,0,1,0,1,Pongal,residential,10
2017-01-17,Kodambakkam,1.874,1,1,0,0,,residential,10
2017-01-18,Kodambakkam,1.874,2,1,0,0,,residential,10
2017-01-19,Kodambakkam,1.801,3,1,0,0,,residential,10
2017-01-20,Kodambakkam,1.76,4,1,0,0,,residential,10
2017-01-21,Kodambakkam,1.908,5,1,1,0,,residential,10
2017-01-22,Kodambakkam,2.035,6,1,1,0,,residential,10
2017-01-23,Kodambakkam,1.956,0,1,0,0,,residential,10
2017-01-24,Kodambakkam,1.781,1,1,0,0,,residential,10
2017-01-25,Kodambakkam,1.905,2,1,0,0,,residential,10
2017-01-26,Kodambakkam,2.041,3,1,0,1,Republic Day,residential,10
2017-01-27,Kodambakkam,1.921,4,1,0,0,,residential,10
2017-01-28,Kodambakkam,2.054,5,1,1,0,,residential,10
2017-01-29,Kodambakkam,1.966,6,1,1,0,,residential,10
2017-01-30,Kodambakkam,1.966,0,1,0,0,,residential,10
2017-01-31,Kodambakkam,1.884,1,1,0,0,,residential,10
2017-02-01,Kodambakkam,1.816,2,2,0,0,,residential,10
2017-02-02,Kodambakkam,1.767,3,2,0,0,,residential,10
2017-02-03,Kodambakkam,1.852,4,2,0,0,,residential,10
2017-02-04,Kodambakkam,1.97,5,2,1,0,,residential,10
2017-02-05,Kodambakkam,2.1,6,2,1,0,,residential,10
2017-02-06,Kodambakkam,1.915,0,2,0,0,,residential,10
2017-02-07,Kodambakkam,1.942,1,2,0,0,,residential,10
2017-02-08,Kodambakkam,1.729,2,2,0,0,,residential,10
2017-02-09,Kodambakkam,1.854,3,2,0,0,,residential,10
2017-02-10,Kodambakkam,1.926,4,2,0,0,,residential,10
2017-02-11,Kodambakkam,1.977,5,2,1,0,,residential,10
2017-02-12,Kodambakkam,2.022,6,2,1,0,,residential,10
2017-02-13,Kodambakkam,1.915,0,2,0,0,,residential,10
2017-02-14,Kodambakkam,1.809,1,2,0,0,,residential,10
2017-02-15,Kodambakkam,1.86,2,2,0,0,,residential,10
2017-02-16,Kodambakkam,1.775,3,2,0,0,,residential,10
2017-02-17,Kodambakkam,1.84,4,2,0,0,,residential,10
2017-02-18,Kodambakkam,2.063,5,2,1,0,,residential,10
2017-02-19,Kodambakkam,2.018,6,2,1,0,,residential,10
2017-02-20,Kodambakkam,1.881,0,2,0,0,,residential,10
2017-02-21,Kodambakkam,1.904,1,2,0,0,,residential,10
2017-02-22,Kodambakkam,1.887,2,2,0,0,,residential,10
2017-02-23,Kodambakkam,1.789,3,2,0,0,,residential,10
2017-02-24,Kodambakkam,1.775,4,2,0,0,,residential,10
2017-02-25,Kodambakkam,1.973,5,2,1,0,,residential,10
2017-02-26,Kodambakkam,2.064,6,2,1,0,,residential,10
2017-02-27,Kodambakkam,1.955,0,2,0,0,,residential,10
2017-02-28,Kodambakkam,1.89,1,2,0,0,,residential,10
2017-03-01,Kodambakkam,1.92,2,3,0,0,,residential,10
2017-03-02,Kodambakkam,1.885,3,3,0,0,,residential,10
2017-03-03,Kodambakkam,1.992,4,3,0,0,,residential,10
2017-03-04,Kodambakkam,2.097,5,3,1,0,,residential,10
2017-03-05,Kodambakkam,2.145,6,3,1,0,,residential,10
2017-03-06,Kodambakkam,1.941,0,3,0,0,,residential,10
2017-03-07,Kodambakkam,1.906,1,3,0,0,,residential,10
2017-03-08,Kodambakkam,1.998,2,3,0,0,,residential,10
2017-03-09,Kodambakkam,1.897,3,3,0,0,,residential,10
2017-03-10,Kodambakkam,1.986,4,3,0,0,,residential,10
2017-03-11,Kodambakkam,1.984,5,3,1,0,,residential,10
2017-03-12,Kodambakkam,2.097,6,3,1,0,,residential,10
2017-03-13,Kodambakkam,2.025,0,3,0,0,,residential,10
2017-03-14,Kodambakkam,2.04,1,3,0,0,,residential,10
2017-03-15,Kodambakkam,1.871,2,3,0,0,,residential,10
2017-03-16,Kodambakkam,1.978,3,3,0,0,,residential,10
2017-03-17,Kodambakkam,2.0,4,3,0,0,,residential,10
2017-03-18,Kodambakkam,2.087,5,3,1,0,,residential,10
2017-03-19,Kodambakkam,2.109,6,3,1,0,,residential,10
2017-03-20,Kodambakkam,2.044,0,3,0,0,,residential,10
2017-03-21,Kodambakkam,1.853,1,3,0,0,,residential,10
2017-03-22,Kodambakkam,1.912,2,3,0,0,,residential,10
2017-03-23,Kodambakkam,2.013,3,3,0,0,,residential,10
2017-03-24,Kodambakkam,1.969,4,3,0,0,,residential,10
2017-03-25,Kodambakkam,2.123,5,3,1,0,,residential,10
2017-03-26,Kodambakkam,2.14,6,3,1,0,,residential,10
2017-03-27,Kodambakkam,2.071,0,3,0,0,,residential,10
2017-03-28,Kodambakkam,1.984,1,3,0,0,,residential,10
2017-03-29,Kodambakkam,1.907,2,3,0,0,,residential,10
2017-03-30,Kodambakkam,2.028,3,3,0,0,,residential,10
2017-03-31,Kodambakkam,2.015,4,3,0,0,,residential,10
2017-04-01,Kodambakkam,2.041,5,4,1,0,,residential,10
2017-04-02,Kodambakkam,1.949,6,4,1,0,,residential,10
2017-04-03,Kodambakkam,1.851,0,4,0,0,,residential,10
2017-04-04,Kodambakkam,1.8,1,4,0,0,,residential,10
2017-04-05,Kodambakkam,1.821,2,4,0,0,,residential,10
2017-04-06,Kodambakkam,1.722,3,4,0,0,,residential,10
2017-04-07,Kodambakkam,1.845,4,4,0,0,,residential,10
2017-04-08,Kodambakkam,2.077,5,4,1,0,,residential,10
2017-04-09,Kodambakkam,2.034,6,4,1,0,,residential,10
2017-04-10,Kodambakkam,1.87,0,4,0,0,,residential,10
2017-04-11,Kodambakkam,1.775,1,4,0,0,,residential,10
2017-04-12,Kodambakkam,1.834,2,4,0,0,,residential,10
2017-04-13,Kodambakkam,2.036,3,4,0,1,Tamil New Year,residential,10
2017-04-14,Kodambakkam,2.303,4,4,0,1,Tamil New Year,residential,10
2017-04-15,Kodambakkam,2.29,5,4,1,1,Tamil New Year,residential,10
2017-04-16,Kodambakkam,2.065,6,4,1,0,,residential,10
2017-04-17,Kodambakkam,1.844,0,4,0,0,,residential,10
2017-04-18,Kodambakkam,1.83,1,4,0,0,,residential,10
2017-04-19,Kodambakkam,1.798,2,4,0,0,,residential,10
2017-04-20,Kodambakkam,1.994,3,4,0,1,Eid,residential,10
2017-04-21,Kodambakkam,2.238,4,4,0,1,Eid,residential,10
2017-04-22,Kodambakkam,2.264,5,4,1,1,Eid,residential,10
2017-04-23,Kodambakkam,2.084,6,4,1,0,,residential,10
2017-04-24,Kodambakkam,1.933,0,4,0,0,,residential,10
2017-04-25,Kodambakkam,1.812,1,4,0,0,,residential,10
2017-04-26,Kodambakkam,1.804,2,4,0,0,,residential,10
2017-04-27,Kodambakkam,1.723,3,4,0,0,,residential,10
2017-04-28,Kodambakkam,1.891,4,4,0,0,,residential,10
2017-04-29,Kodambakkam,1.981,5,4,1,0,,residential,10
2017-04-30,Kodambakkam,2.03,6,4,1,0,,residential,10
2017-05-01,Kodambakkam,1.948,0,5,0,0,,residential,10
2017-05-02,Kodambakkam,1.75,1,5,0,0,,residential,10
2017-05-03,Kodambakkam,1.768,2,5,0,0,,residential,10
2017-05-04,Kodambakkam,1.902,3,5,0,0,,residential,10
2017-05-05,Kodambakkam,1.834,4,5,0,0,,residential,10
2017-05-06,Kodambakkam,1.965,5,5,1,0,,residential,10
2017-05-07,Kodambakkam,1.992,6,5,1,0,,residential,10
2017-05-08,Kodambakkam,1.971,0,5,0,0,,residential,10
2017-05-09,Kodambakkam,1.869,1,5,0,0,,residential,10
2017-05-10,Kodambakkam,1.738,2,5,0,0,,residential,10
2017-05-11,Kodambakkam,1.907,3,5,0,0,,residential,10
2017-05-12,Kodambakkam,1.871,4,5,0,0,,residential,10
2017-05-13,Kodambakkam,1.991,5,5,1,0,,residential,10
2017-05-14,Kodambakkam,1.928,6,5,1,0,,residential,10
2017-05-15,Kodambakkam,1.969,0,5,0,0,,residential,10
2017-05-16,Kodambakkam,1.844,1,5,0,0,,residential,10
2017-05-17,Kodambakkam,1.739,2,5,0,0,,residential,10
2017-05-18,Kodambakkam,1.805,3,5,0,0,,residential,10
2017-05-19,Kodambakkam,1.989,4,5,0,0,,residential,10
2017-05-20,Kodambakkam,2.001,5,5,1,0,,residential,10
2017-05-21,Kodambakkam,1.955,6,5,1,0,,residential,10
2017-05-22,Kodambakkam,1.851,0,5,0,0,,residential,10
2017-05-23,Kodambakkam,1.915,1,5,0,0,,residential,10
2017-05-24,Kodambakkam,1.864,2,5,0,0,,residential,10
2017-05-25,Kodambakkam,1.895,3,5,0,0,,residential,10
2017-05-26,Kodambakkam,1.832,4,5,0,0,,residential,10
2017-05-27,Kodambakkam,2.075,5,5,1,0,,residential,10
2017-05-28,Kodambakkam,1.949,6,5,1,0,,residential,10
2017-05-29,Kodambakkam,1.918,0,5,0,0,,residential,10
2017-05-30,Kodambakkam,1.834,1,5,0,0,,residential,10
2017-05-31,Kodambakkam,1.893,2,5,0,0,,residential,10
2017-06-01,Kodambakkam,1.661,3,6,0,0,,residential,10
2017-06-02,Kodambakkam,1.614,4,6,0,0,,residential,10
2017-06-03,Kodambakkam,1.813,5,6,1,0,,residential,10
2017-06-04,Kodambakkam,1.718,6,6,1,0,,residential,10
2017-06-05,Kodambakkam,1.607,0,6,0,0,,residential,10
2017-06-06,Kodambakkam,1.686,1,6,0,0,,residential,10
2017-06-07,Kodambakkam,1.626,2,6,0,0,,residential,10
2017-06-08,Kodambakkam,1.632,3,6,0,0,,residential,10
2017-06-09,Kodambakkam,1.686,4,6,0,0,,residential,10
2017-06-10,Kodambakkam,1.885,5,6,1,0,,residential,10
2017-06-11,Kodambakkam,1.838,6,6,1,0,,residential,10
2017-06-12,Kodambakkam,1.827,0,6,0,0,,residential,10
2017-06-13,Kodambakkam,1.67,1,6,0,0,,residential,10
2017-06-14,Kodambakkam,1.66,2,6,0,0,,residential,10
2017-06-15,Kodambakkam,1.657,3,6,0,0,,residential,10
2017-06-16,Kodambakkam,1.581,4,6,0,0,,residential,10
2017-06-17,Kodambakkam,1.861,5,6,1,0,,residential,10
2017-06-18,Kodambakkam,1.677,6,6,1,0,,residential,10
2017-06-19,Kodambakkam,1.697,0,6,0,0,,residential,10
2017-06-20,Kodambakkam,1.646,1,6,0,0,,residential,10
2017-06-21,Kodambakkam,1.606,2,6,0,0,,residential,10
2017-06-22,Kodambakkam,1.623,3,6,0,0,,residential,10
2017-06-23,Kodambakkam,1.736,4,6,0,0,,residential,10
2017-06-24,Kodambakkam,1.869,5,6,1,0,,residential,10
2017-06-25,Kodambakkam,1.772,6,6,1,0,,residential,10
2017-06-26,Kodambakkam,1.703,0,6,0,0,,residential,10
2017-06-27,Kodambakkam,1.582,1,6,0,0,,residential,10
2017-06-28,Kodambakkam,1.68,2,6,0,0,,residential,10
2017-06-29,Kodambakkam,1.633,3,6,0,0,,residential,10
2017-06-30,Kodambakkam,1.548,4,6,0,0,,residential,10
2017-07-01,Kodambakkam,1.815,5,7,1,0,,residential,10
2017-07-02,Kodambakkam,1.833,6,7,1,0,,residential,10
2017-07-03,Kodambakkam,1.777,0,7,0,0,,residential,10
2017-07-04,Kodambakkam,1.641,1,7,0,0,,residential,10
2017-07-05,Kodambakkam,1.627,2,7,0,0,,residential,10
2017-07-06,Kodambakkam,1.743,3,7,0,0,,residential,10
2017-07-07,Kodambakkam,1.645,4,7,0,0,,residential,10
2017-07-08,Kodambakkam,1.848,5,7,1,0,,residential,10
2017-07-09,Kodambakkam,1.78,6,7,1,0,,residential,10
2017-07-10,Kodambakkam,1.763,0,7,0,0,,residential,10
2017-07-11,Kodambakkam,1.573,1,7,0,0,,residential,10
2017-07-12,Kodambakkam,1.622,2,7,0,0,,residential,10
2017-07-13,Kodambakkam,1.585,3,7,0,0,,residential,10
2017-07-14,Kodambakkam,1.615,4,7,0,0,,residential,10
2017-07-15,Kodambakkam,1.877,5,7,1,0,,residential,10
2017-07-16,Kodambakkam,1.776,6,7,1,0,,residential,10
2017-07-17,Kodambakkam,1.764,0,7,0,0,,residential,10
2017-07-18,Kodambakkam,1.72,1,7,0,0,,residential,10
2017-07-19,Kodambakkam,1.644,2,7,0,0,,residential,10
2017-07-20,Kodambakkam,1.694,3,7,0,0,,residential,10
2017-07-21,Kodambakkam,1.671,4,7,0,0,,residential,10
2017-07-22,Kodambakkam,1.816,5,7,1,0,,residential,10
2017-07-23,Kodambakkam,1.85,6,7,1,0,,residential,10
2017-07-24,Kodambakkam,1.823,0,7,0,0,,residential,10
2017-07-25,Kodambakkam,1.613,1,7,0,0,,residential,10
2017-07-26,Kodambakkam,1.598,2,7,0,0,,residential,10
2017-07-27,Kodambakkam,1.595,3,7,0,0,,residential,10
2017-07-28,Kodambakkam,1.694,4,7,0,0,,residential,10
2017-07-29,Kodambakkam,1.871,5,7,1,0,,residential,10
2017-07-30,Kodambakkam,1.78,6,7,1,0,,residential,10
2017-07-31,Kodambakkam,1.616,0,7,0,0,,residential,10
2017-08-01,Kodambakkam,1.612,1,8,0,0,,residential,10
2017-08-02,Kodambakkam,1.672,2,8,0,0,,residential,10
2017-08-03,Kodambakkam,1.642,3,8,0,0,,residential,10
2017-08-04,Kodambakkam,1.654,4,8,0,0,,residential,10
2017-08-05,Kodambakkam,1.781,5,8,1,0,,residential,10
2017-08-06,Kodambakkam,1.864,6,8,1,0,,residential,10
2017-08-07,Kodambakkam,1.745,0,8,0,0,,residential,10
2017-08-08,Kodambakkam,1.674,1,8,0,0,,residential,10
2017-08-09,Kodambakkam,1.653,2,8,0,0,,residential,10
2017-08-10,Kodambakkam,1.671,3,8,0,0,,residential,10
2017-08-11,Kodambakkam,1.668,4,8,0,0,,residential,10
2017-08-12,Kodambakkam,1.759,5,8,1,0,,residential,10
2017-08-13,Kodambakkam,1.83,6,8,1,0,,residential,10
2017-08-14,Kodambakkam,1.768,0,8,0,0,,residential,10
2017-08-15,Kodambakkam,1.872,1,8,0,1,Independence,residential,10
2017-08-16,Kodambakkam,1.665,2,8,0,0,,residential,10
2017-08-17,Kodambakkam,1.597,3,8,0,0,,residential,10
2017-08-18,Kodambakkam,1.605,4,8,0,0,,residential,10
2017-08-19,Kodambakkam,1.786,5,8,1,0,,residential,10
2017-08-20,Kodambakkam,1.82,6,8,1,0,,residential,10
2017-08-21,Kodambakkam,1.721,0,8,0,0,,residential,10
2017-08-22,Kodambakkam,1.589,1,8,0,0,,residential,10
2017-08-23,Kodambakkam,1.589,2,8,0,0,,residential,10
2017-08-24,Kodambakkam,1.541,3,8,0,0,,residential,10
2017-08-25,Kodambakkam,1.491,4,8,0,0,,residential,10
2017-08-26,Kodambakkam,1.802,5,8,1,0,,residential,10
2017-08-27,Kodambakkam,1.935,6,8,1,0,,residential,10
2017-08-28,Kodambakkam,1.82,0,8,0,0,,residential,10
2017-08-29,Kodambakkam,1.597,1,8,0,0,,residential,10
2017-08-30,Kodambakkam,1.652,2,8,0,0,,residential,10
2017-08-31,Kodambakkam,1.573,3,8,0,0,,residential,10
2017-09-01,Kodambakkam,1.58,4,9,0,0,,residential,10
2017-09-02,Kodambakkam,1.744,5,9,1,0,,residential,10
2017-09-03,Kodambakkam,1.797,6,9,1,0,,residential,10
2017-09-04,Kodambakkam,1.718,0,9,0,0,,residential,10
2017-09-05,Kodambakkam,1.657,1,9,0,0,,residential,10
2017-09-06,Kodambakkam,1.678,2,9,0,0,,residential,10
2017-09-07,Kodambakkam,1.628,3,9,0,0,,residential,10
2017-09-08,Kodambakkam,1.839,4,9,0,1,Ganesh Chathurthi,residential,10
2017-09-09,Kodambakkam,2.158,5,9,1,1,Ganesh Chathurthi,residential,10
2017-09-10,Kodambakkam,2.344,6,9,1,1,Ganesh Chathurthi,residential,10
2017-09-11,Kodambakkam,2.034,0,9,0,1,Ganesh Chathurthi,residential,10
2017-09-12,Kodambakkam,1.873,1,9,0,1,Ganesh Chathurthi,residential,10
2017-09-13,Kodambakkam,1.628,2,9,0,0,,residential,10
2017-09-14,Kodambakkam,1.553,3,9,0,0,,residential,10
2017-09-15,Kodambakkam,1.642,4,9,0,0,,residential,10
2017-09-16,Kodambakkam,1.742,5,9,1,0,,residential,10
2017-09-17,Kodambakkam,1.9,6,9,1,0,,residential,10
2017-09-18,Kodambakkam,1.697,0,9,0,0,,residential,10
2017-09-19,Kodambakkam,1.679,1,9,0,0,,residential,10
2017-09-20,Kodambakkam,1.699,2,9,0,0,,residential,10
2017-09-21,Kodambakkam,1.598,3,9,0,0,,residential,10
2017-09-22,Kodambakkam,1.649,4,9,0,0,,residential,10
2017-09-23,Kodambakkam,1.839,5,9,1,0,,residential,10
2017-09-24,Kodambakkam,1.816,6,9,1,0,,residential,10
2017-09-25,Kodambakkam,1.746,0,9,0,0,,residential,10
2017-09-26,Kodambakkam,1.579,1,9,0,0,,residential,10
2017-09-27,Kodambakkam,1.672,2,9,0,0,,residential,10
2017-09-28,Kodambakkam,1.621,3,9,0,0,,residential,10
2017-09-29,Kodambakkam,1.662,4,9,0,0,,residential,10
2017-09-30,Kodambakkam,1.859,5,9,1,0,,residential,10
2017-10-01,Kodambakkam,1.943,6,10,1,0,,residential,10
2017-10-02,Kodambakkam,1.837,0,10,0,0,,residential,10
2017-10-03,Kodambakkam,1.765,1,10,0,0,,residential,10
2017-10-04,Kodambakkam,1.988,2,10,0,1,Dussehra,residential,10
2017-10-05,Kodambakkam,2.261,3,10,0,1,Dussehra,residential,10
2017-10-06,Kodambakkam,1.946,4,10,0,1,Dussehra,residential,10
2017-10-07,Kodambakkam,1.914,5,10,1,0,,residential,10
2017-10-08,Kodambakkam,1.958,6,10,1,0,,residential,10
2017-10-09,Kodambakkam,1.791,0,10,0,0,,residential,10
2017-10-10,Kodambakkam,1.662,1,10,0,0,,residential,10
2017-10-11,Kodambakkam,1.757,2,10,0,0,,residential,10
2017-10-12,Kodambakkam,1.721,3,10,0,0,,residential,10
2017-10-13,Kodambakkam,1.669,4,10,0,0,,residential,10
2017-10-14,Kodambakkam,1.933,5,10,1,0,,residential,10
2017-10-15,Kodambakkam,1.986,6,10,1,0,,residential,10
2017-10-16,Kodambakkam,1.729,0,10,0,0,,residential,10
2017-10-17,Kodambakkam,1.785,1,10,0,0,,residential,10
2017-10-18,Kodambakkam,1.6,2,10,0,0,,residential,10
2017-10-19,Kodambakkam,1.711,3,10,0,0,,residential,10
2017-10-20,Kodambakkam,1.827,4,10,0,0,,residential,10
2017-10-21,Kodambakkam,1.886,5,10,1,0,,residential,10
2017-10-22,Kodambakkam,2.164,6,10,1,1,Deepavali,residential,10
2017-10-23,Kodambakkam,2.356,0,10,0,1,Deepavali,residential,10
2017-10-24,Kodambakkam,2.299,1,10,0,1,Deepavali,residential,10
2017-10-25,Kodambakkam,2.198,2,10,0,1,Deepavali,residential,10
2017-10-26,Kodambakkam,1.966,3,10,0,1,Deepavali,residential,10
2017-10-27,Kodambakkam,1.828,4,10,0,0,,residential,10
2017-10-28,Kodambakkam,1.834,5,10,1,0,,residential,10
2017-10-29,Kodambakkam,1.883,6,10,1,0,,residential,10
2017-10-30,Kodambakkam,1.767,0,10,0,0,,residential,10
2017-10-31,Kodambakkam,1.678,1,10,0,0,,residential,10
2017-11-01,Kodambakkam,1.79,2,11,0,0,,residential,10
2017-11-02,Kodambakkam,1.733,3,11,0,0,,residential,10
2017-11-03,Kodambakkam,1.703,4,11,0,0,,residential,10
2017-11-04,Kodambakkam,1.875,5,11,1,0,,residential,10
2017-11-05,Kodambakkam,1.872,6,11,1,0,,residential,10
2017-11-06,Kodambakkam,1.792,0,11,0,0,,residential,10
2017-11-07,Kodambakkam,1.666,1,11,0,0,,residential,10
2017-11-08,Kodambakkam,1.718,2,11,0,0,,residential,10
2017-11-09,Kodambakkam,1.713,3,11,0,0,,residential,10
2017-11-10,Kodambakkam,1.692,4,11,0,0,,residential,10
2017-11-11,Kodambakkam,1.914,5,11,1,0,,residential,10
2017-11-12,Kodambakkam,1.918,6,11,1,0,,residential,10
2017-11-13,Kodambakkam,1.788,0,11,0,0,,residential,10
2017-11-14,Kodambakkam,1.724,1,11,0,0,,residential,10
2017-11-15,Kodambakkam,1.844,2,11,0,0,,residential,10
2017-11-16,Kodambakkam,1.842,3,11,0,0,,residential,10
2017-11-17,Kodambakkam,1.677,4,11,0,0,,residential,10
2017-11-18,Kodambakkam,1.852,5,11,1,0,,residential,10
2017-11-19,Kodambakkam,1.844,6,11,1,0,,residential,10
2017-11-20,Kodambakkam,1.876,0,11,0,0,,residential,10
2017-11-21,Kodambakkam,1.711,1,11,0,0,,residential,10
2017-11-22,Kodambakkam,1.744,2,11,0,0,,residential,10
2017-11-23,Kodambakkam,1.835,3,11,0,0,,residential,10
2017-11-24,Kodambakkam,1.731,4,11,0,0,,residential,10
2017-11-25,Kodambakkam,1.945,5,11,1,0,,residential,10
2017-11-26,Kodambakkam,1.934,6,11,1,0,,residential,10
2017-11-27,Kodambakkam,1.786,0,11,0,0,,residential,10
2017-11-28,Kodambakkam,1.787,1,11,0,0,,residential,10
2017-11-29,Kodambakkam,1.687,2,11,0,0,,residential,10
2017-11-30,Kodambakkam,1.801,3,11,0,0,,residential,10
2017-12-01,Kodambakkam,1.701,4,12,0,0,,residential,10
2017-12-02,Kodambakkam,1.877,5,12,1,0,,residential,10
2017-12-03,Kodambakkam,1.842,6,12,1,0,,residential,10
2017-12-04,Kodambakkam,1.768,0,12,0,0,,residential,10
2017-12-05,Kodambakkam,1.709,1,12,0,0,,residential,10
2017-12-06,Kodambakkam,1.605,2,12,0,0,,residential,10
2017-12-07,Kodambakkam,1.719,3,12,0,0,,residential,10
2017-12-08,Kodambakkam,1.705,4,12,0,0,,residential,10
2017-12-09,Kodambakkam,1.95,5,12,1,0,,residential,10
2017-12-10,Kodambakkam,1.929,6,12,1,0,,residential,10
2017-12-11,Kodambakkam,1.779,0,12,0,0,,residential,10
2017-12-12,Kodambakkam,1.708,1,12,0,0,,residential,10
2017-12-13,Kodambakkam,1.719,2,12,0,0,,residential,10
2017-12-14,Kodambakkam,1.809,3,12,0,0,,residential,10
2017-12-15,Kodambakkam,1.689,4,12,0,0,,residential,10
2017-12-16,Kodambakkam,1.864,5,12,1,0,,residential,10
2017-12-17,Kodambakkam,1.84,6,12,1,0,,residential,10
2017-12-18,Kodambakkam,1.737,0,12,0,0,,residential,10
2017-12-19,Kodambakkam,1.747,1,12,0,0,,residential,10
2017-12-20,Kodambakkam,1.742,2,12,0,0,,residential,10
2017-12-21,Kodambakkam,1.798,3,12,0,0,,residential,10
2017-12-22,Kodambakkam,1.786,4,12,0,0,,residential,10
2017-12-23,Kodambakkam,2.042,5,12,1,0,,residential,10
2017-12-24,Kodambakkam,2.043,6,12,1,1,Christmas,residential,10
2017-12-25,Kodambakkam,2.074,0,12,0,1,Christmas,residential,10
2017-12-26,Kodambakkam,1.789,1,12,0,1,Christmas,residential,10
2017-12-27,Kodambakkam,1.768,2,12,0,0,,residential,10
2017-12-28,Kodambakkam,1.738,3,12,0,0,,residential,10
2017-12-29,Kodambakkam,1.765,4,12,0,0,,residential,10
2017-12-30,Kodambakkam,2.024,5,12,1,1,New Year,residential,10
2017-12-31,Kodambakkam,2.31,6,12,1,1,New Year,residential,10
2018-01-01,Kodambakkam,1.829,0,1,0,0,,residential,10
2018-01-02,Kodambakkam,1.739,1,1,0,0,,residential,10
2018-01-03,Kodambakkam,1.696,2,1,0,0,,residential,10
2018-01-04,Kodambakkam,1.793,3,1,0,0,,residential,10
2018-01-05,Kodambakkam,1.838,4,1,0,0,,residential,10
2018-01-06,Kodambakkam,1.841,5,1,1,0,,residential,10
2018-01-07,Kodambakkam,1.946,6,1,1,0,,residential,10
2018-01-08,Kodambakkam,1.661,0,1,0,0,,residential,10
2018-01-09,Kodambakkam,1.766,1,1,0,0,,residential,10
2018-01-10,Kodambakkam,1.634,2,1,0,0,,residential,10
2018-01-11,Kodambakkam,1.704,3,1,0,0,,residential,10
2018-01-12,Kodambakkam,1.83,4,1,0,1,Pongal,residential,10
2018-01-13,Kodambakkam,2.271,5,1,1,1,Pongal,residential,10
2018-01-14,Kodambakkam,2.538,6,1,1,1,Pongal,residential,10
2018-01-15,Kodambakkam,2.06,0,1,0,1,Pongal,residential,10
2018-01-16,Kodambakkam,1.884,1,1,0,1,Pongal,residential,10
2018-01-17,Kodambakkam,1.705,2,1,0,0,,residential,10
2018-01-18,Kodambakkam,1.814,3,1,0,0,,residential,10
2018-01-19,Kodambakkam,1.754,4,1,0,0,,residential,10
2018-01-20,Kodambakkam,1.837,5,1,1,0,,residential,10
2018-01-21,Kodambakkam,1.878,6,1,1,0,,residential,10
2018-01-22,Kodambakkam,1.903,0,1,0,0,,residential,10
2018-01-23,Kodambakkam,1.769,1,1,0,0,,residential,10
2018-01-24,Kodambakkam,1.684,2,1,0,0,,residential,10
2018-01-25,Kodambakkam,1.718,3,1,0,0,,residential,10
2018-01-26,Kodambakkam,1.891,4,1,0,1,Republic Day,residential,10
2018-01-27,Kodambakkam,1.874,5,1,1,0,,residential,10
2018-01-28,Kodambakkam,1.807,6,1,1,0,,residential,10
2018-01-29,Kodambakkam,1.781,0,1,0,0,,residential,10
2018-01-30,Kodambakkam,1.804,1,1,0,0,,residential,10
2018-01-31,Kodambakkam,1.712,2,1,0,0,,residential,10
2018-02-01,Kodambakkam,1.726,3,2,0,0,,residential,10
2018-02-02,Kodambakkam,1.739,4,2,0,0,,residential,10
2018-02-03,Kodambakkam,2.031,5,2,1,0,,residential,10
2018-02-04,Kodambakkam,1.905,6,2,1,0,,residential,10
2018-02-05,Kodambakkam,1.878,0,2,0,0,,residential,10
2018-02-06,Kodambakkam,1.7,1,2,0,0,,residential,10
2018-02-07,Kodambakkam,1.718,2,2,0,0,,residential,10
2018-02-08,Kodambakkam,1.732,3,2,0,0,,residential,10
2018-02-09,Kodambakkam,1.691,4,2,0,0,,residential,10
2018-02-10,Kodambakkam,1.893,5,2,1,0,,residential,10
2018-02-11,Kodambakkam,1.955,6,2,1,0,,residential,10
2018-02-12,Kodambakkam,1.774,0,2,0,0,,residential,10
2018-02-13,Kodambakkam,1.732,1,2,0,0,,residential,10
2018-02-14,Kodambakkam,1.768,2,2,0,0,,residential,10
2018-02-15,Kodambakkam,1.689,3,2,0,0,,residential,10
2018-02-16,Kodambakkam,1.788,4,2,0,0,,residential,10
2018-02-17,Kodambakkam,1.909,5,2,1,0,,residential,10
2018-02-18,Kodambakkam,1.895,6,2,1,0,,residential,10
2018-02-19,Kodambakkam,1.709,0,2,0,0,,residential,10
2018-02-20,Kodambakkam,1.712,1,2,0,0,,residential,10
2018-02-21,Kodambakkam,1.751,2,2,0,0,,residential,10
2018-02-22,Kodambakkam,1.822,3,2,0,0,,residential,10
2018-02-23,Kodambakkam,1.761,4,2,0,0,,residential,10
2018-02-24,Kodambakkam,1.969,5,2,1,0,,residential,10
2018-02-25,Kodambakkam,1.836,6,2,1,0,,residential,10
2018-02-26,Kodambakkam,1.811,0,2,0,0,,residential,10
2018-02-27,Kodambakkam,1.795,1,2,0,0,,residential,10
2018-02-28,Kodambakkam,1.685,2,2,0,0,,residential,10
2018-03-01,Kodambakkam,1.871,3,3,0,0,,residential,10
2018-03-02,Kodambakkam,1.858,4,3,0,0,,residential,10
2018-03-03,Kodambakkam,2.016,5,3,1,0,,residential,10
2018-03-04,Kodambakkam,1.98,6,3,1,0,,residential,10
2018-03-05,Kodambakkam,1.853,0,3,0,0,,residential,10
2018-03-06,Kodambakkam,1.915,1,3,0,0,,residential,10
2018-03-07,Kodambakkam,1.853,2,3,0,0,,residential,10
2018-03-08,Kodambakkam,1.837,3,3,0,0,,residential,10
2018-03-09,Kodambakkam,1.796,4,3,0,0,,residential,10
2018-03-10,Kodambakkam,2.002,5,3,1,0,,residential,10
2018-03-11,Kodambakkam,2.01,6,3,1,0,,residential,10
2018-03-12,Kodambakkam,1.932,0,3,0,0,,residential,10
2018-03-13,Kodambakkam,1.858,1,3,0,0,,residential,10
2018-03-14,Kodambakkam,1.775,2,3,0,0,,residential,10
2018-03-15,Kodambakkam,1.738,3,3,0,0,,residential,10
2018-03-16,Kodambakkam,1.823,4,3,0,0,,residential,10
2018-03-17,Kodambakkam,1.895,5,3,1,0,,residential,10
2018-03-18,Kodambakkam,1.98,6,3,1,0,,residential,10
2018-03-19,Kodambakkam,1.88,0,3,0,0,,residential,10
2018-03-20,Kodambakkam,1.845,1,3,0,0,,residential,10
2018-03-21,Kodambakkam,1.926,2,3,0,0,,residential,10
2018-03-22,Kodambakkam,1.712,3,3,0,0,,residential,10
2018-03-23,Kodambakkam,1.942,4,3,0,0,,residential,10
2018-03-24,Kodambakkam,1.986,5,3,1,0,,residential,10
2018-03-25,Kodambakkam,2.021,6,3,1,0,,residential,10
2018-03-26,Kodambakkam,1.828,0,3,0,0,,residential,10
2018-03-27,Kodambakkam,1.872,1,3,0,0,,residential,10
2018-03-28,Kodambakkam,1.82,2,3,0,0,,residential,10
2018-03-29,Kodambakkam,1.815,3,3,0,0,,residential,10
2018-03-30,Kodambakkam,1.712,4,3,0,0,,residential,10
2018-03-31,Kodambakkam,2.004,5,3,1,0,,residential,10
2015-04-01,Madavaram,0.326,2,4,0,0,,residential,3
2015-04-02,Madavaram,0.31,3,4,0,0,,residential,3
2015-04-03,Madavaram,0.31,4,4,0,0,,residential,3
2015-04-04,Madavaram,0.352,5,4,1,0,,residential,3
2015-04-05,Madavaram,0.353,6,4,1,0,,residential,3
2015-04-06,Madavaram,0.317,0,4,0,0,,residential,3
2015-04-07,Madavaram,0.318,1,4,0,0,,residential,3
2015-04-08,Madavaram,0.319,2,4,0,0,,residential,3
2015-04-09,Madavaram,0.317,3,4,0,0,,residential,3
2015-04-10,Madavaram,0.312,4,4,0,0,,residential,3
2015-04-11,Madavaram,0.346,5,4,1,0,,residential,3
2015-04-12,Madavaram,0.349,6,4,1,0,,residential,3
2015-04-13,Madavaram,0.378,0,4,0,1,Tamil New Year,residential,3
2015-04-14,Madavaram,0.406,1,4,0,1,Tamil New Year,residential,3
2015-04-15,Madavaram,0.371,2,4,0,1,Tamil New Year,residential,3
2015-04-16,Madavaram,0.316,3,4,0,0,,residential,3
2015-04-17,Madavaram,0.315,4,4,0,0,,residential,3
2015-04-18,Madavaram,0.356,5,4,1,0,,residential,3
2015-04-19,Madavaram,0.358,6,4,1,0,,residential,3
2015-04-20,Madavaram,0.364,0,4,0,1,Eid,residential,3
2015-04-21,Madavaram,0.392,1,4,0,1,Eid,residential,3
2015-04-22,Madavaram,0.362,2,4,0,1,Eid,residential,3
2015-04-23,Madavaram,0.332,3,4,0,0,,residential,3
2015-04-24,Madavaram,0.336,4,4,0,0,,residential,3
2015-04-25,Madavaram,0.342,5,4,1,0,,residential,3
2015-04-26,Madavaram,0.351,6,4,1,0,,residential,3
2015-04-27,Madavaram,0.335,0,4,0,0,,residential,3
2015-04-28,Madavaram,0.318,1,4,0,0,,residential,3
2015-04-29,Madavaram,0.313,2,4,0,0,,residential,3
2015-04-30,Madavaram,0.305,3,4,0,0,,residential,3
2015-05-01,Madavaram,0.32,4,5,0,0,,residential,3
2015-05-02,Madavaram,0.343,5,5,1,0,,residential,3
2015-05-03,Madavaram,0.352,6,5,1,0,,residential,3
2015-05-04,Madavaram,0.327,0,5,0,0,,residential,3
2015-05-05,Madavaram,0.309,1,5,0,0,,residential,3
2015-05-06,Madavaram,0.322,2,5,0,0,,residential,3
2015-05-07,Madavaram,0.321,3,5,0,0,,residential,3
2015-05-08,Madavaram,0.325,4,5,0,0,,residential,3
2015-05-09,Madavaram,0.374,5,5,1,0,,residential,3
2015-05-10,Madavaram,0.354,6,5,1,0,,residential,3
2015-05-11,Madavaram,0.34,0,5,0,0,,residential,3
2015-05-12,Madavaram,0.309,1,5,0,0,,residential,3
2015-05-13,Madavaram,0.307,2,5,0,0,,residential,3
2015-05-14,Madavaram,0.334,3,5,0,0,,residential,3
2015-05-15,Madavaram,0.31,4,5,0,0,,residential,3
2015-05-16,Madavaram,0.34,5,5,1,0,,residential,3
2015-05-17,Madavaram,0.351,6,5,1,0,,residential,3
2015-05-18,Madavaram,0.334,0,5,0,0,,residential,3
2015-05-19,Madavaram,0.311,1,5,0,0,,residential,3
2015-05-20,Madavaram,0.316,2,5,0,0,,residential,3
2015-05-21,Madavaram,0.331,3,5,0,0,,residential,3
2015-05-22,Madavaram,0.312,4,5,0,0,,residential,3
2015-05-23,Madavaram,0.337,5,5,1,0,,residential,3
2015-05-24,Madavaram,0.361,6,5,1,0,,residential,3
2015-05-25,Madavaram,0.34,0,5,0,0,,residential,3
2015-05-26,Madavaram,0.313,1,5,0,0,,residential,3
2015-05-27,Madavaram,0.304,2,5,0,0,,residential,3
2015-05-28,Madavaram,0.312,3,5,0,0,,residential,3
2015-05-29,Madavaram,0.319,4,5,0,0,,residential,3
2015-05-30,Madavaram,0.364,5,5,1,0,,residential,3
2015-05-31,Madavaram,0.34,6,5,1,0,,residential,3
2015-06-01,Madavaram,0.303,0,6,0,0,,residential,3
2015-06-02,Madavaram,0.295,1,6,0,0,,residential,3
2015-06-03,Madavaram,0.268,2,6,0,0,,residential,3
2015-06-04,Madavaram,0.298,3,6,0,0,,residential,3
2015-06-05,Madavaram,0.279,4,6,0,0,,residential,3
2015-06-06,Madavaram,0.321,5,6,1,0,,residential,3
2015-06-07,Madavaram,0.32,6,6,1,0,,residential,3
2015-06-08,Madavaram,0.313,0,6,0,0,,residential,3
2015-06-09,Madavaram,0.294,1,6,0,0,,residential,3
2015-06-10,Madavaram,0.268,2,6,0,0,,residential,3
2015-06-11,Madavaram,0.282,3,6,0,0,,residential,3
2015-06-12,Madavaram,0.29,4,6,0,0,,residential,3
2015-06-13,Madavaram,0.316,5,6,1,0,,residential,3
2015-06-14,Madavaram,0.322,6,6,1,0,,residential,3
2015-06-15,Madavaram,0.311,0,6,0,0,,residential,3
2015-06-16,Madavaram,0.294,1,6,0,0,,residential,3
2015-06-17,Madavaram,0.287,2,6,0,0,,residential,3
2015-06-18,Madavaram,0.273,3,6,0,0,,residential,3
2015-06-19,Madavaram,0.285,4,6,0,0,,residential,3
2015-06-20,Madavaram,0.322,5,6,1,0,,residential,3
2015-06-21,Madavaram,0.307,6,6,1,0,,residential,3
2015-06-22,Madavaram,0.309,0,6,0,0,,residential,3
2015-06-23,Madavaram,0.297,1,6,0,0,,residential,3
2015-06-24,Madavaram,0.29,2,6,0,0,,residential,3
2015-06-25,Madavaram,0.262,3,6,0,0,,residential,3
2015-06-26,Madavaram,0.278,4,6,0,0,,residential,3
2015-06-27,Madavaram,0.336,5,6,1,0,,residential,3
2015-06-28,Madavaram,0.313,6,6,1,0,,residential,3
2015-06-29,Madavaram,0.285,0,6,0,0,,residential,3
2015-06-30,Madavaram,0.3,1,6,0,0,,residential,3
2015-07-01,Madavaram,0.289,2,7,0,0,,residential,3
2015-07-02,Madavaram,0.298,3,7,0,0,,residential,3
2015-07-03,Madavaram,0.291,4,7,0,0,,residential,3
2015-07-04,Madavaram,0.322,5,7,1,0,,residential,3
2015-07-05,Madavaram,0.321,6,7,1,0,,residential,3
2015-07-06,Madavaram,0.31,0,7,0,0,,residential,3
2015-07-07,Madavaram,0.309,1,7,0,0,,residential,3
2015-07-08,Madavaram,0.297,2,7,0,0,,residential,3
2015-07-09,Madavaram,0.275,3,7,0,0,,residential,3
2015-07-10,Madavaram,0.293,4,7,0,0,,residential,3
2015-07-11,Madavaram,0.329,5,7,1,0,,residential,3
2015-07-12,Madavaram,0.329,6,7,1,0,,residential,3
2015-07-13,Madavaram,0.299,0,7,0,0,,residential,3
2015-07-14,Madavaram,0.299,1,7,0,0,,residential,3
2015-07-15,Madavaram,0.297,2,7,0,0,,residential,3
2015-07-16,Madavaram,0.311,3,7,0,0,,residential,3
2015-07-17,Madavaram,0.282,4,7,0,0,,residential,3
2015-07-18,Madavaram,0.313,5,7,1,0,,residential,3
2015-07-19,Madavaram,0.315,6,7,1,0,,residential,3
2015-07-20,Madavaram,0.299,0,7,0,0,,residential,3
2015-07-21,Madavaram,0.281,1,7,0,0,,residential,3
2015-07-22,Madavaram,0.265,2,7,0,0,,residential,3
2015-07-23,Madavaram,0.285,3,7,0,0,,residential,3
2015-07-24,Madavaram,0.292,4,7,0,0,,residential,3
2015-07-25,Madavaram,0.313,5,7,1,0,,residential,3
2015-07-26,Madavaram,0.336,6,7,1,0,,residential,3
2015-07-27,Madavaram,0.303,0,7,0,0,,residential,3
2015-07-28,Madavaram,0.3,1,7,0,0,,residential,3
2015-07-29,Madavaram,0.291,2,7,0,0,,residential,3
2015-07-30,Madavaram,0.296,3,7,0,0,,residential,3
2015-07-31,Madavaram,0.291,4,7,0,0,,residential,3
2015-08-01,Madavaram,0.331,5,8,1,0,,residential,3
2015-08-02,Madavaram,0.318,6,8,1,0,,residential,3
2015-08-03,Madavaram,0.308,0,8,0,0,,residential,3
2015-08-04,Madavaram,0.292,1,8,0,0,,residential,3
2015-08-05,Madavaram,0.286,2,8,0,0,,residential,3
2015-08-06,Madavaram,0.292,3,8,0,0,,residential,3
2015-08-07,Madavaram,0.308,4,8,0,0,,residential,3
2015-08-08,Madavaram,0.315,5,8,1,0,,residential,3
2015-08-09,Madavaram,0.322,6,8,1,0,,residential,3
2015-08-10,Madavaram,0.315,0,8,0,0,,residential,3
2015-08-11,Madavaram,0.299,1,8,0,0,,residential,3
2015-08-12,Madavaram,0.289,2,8,0,0,,residential,3
2015-08-13,Madavaram,0.268,3,8,0,0,,residential,3
2015-08-14,Madavaram,0.293,4,8,0,0,,residential,3
2015-08-15,Madavaram,0.326,5,8,1,1,Independence,residential,3
2015-08-16,Madavaram,0.332,6,8,1,0,,residential,3
2015-08-17,Madavaram,0.305,0,8,0,0,,residential,3
2015-08-18,Madavaram,0.298,1,8,0,0,,residential,3
2015-08-19,Madavaram,0.281,2,8,0,0,,residential,3
2015-08-20,Madavaram,0.275,3,8,0,0,,residential,3
2015-08-21,Madavaram,0.291,4,8,0,0,,residential,3
2015-08-22,Madavaram,0.317,5,8,1,0,,residential,3
2015-08-23,Madavaram,0.313,6,8,1,0,,residential,3
2015-08-24,Madavaram,0.304,0,8,0,0,,residential,3
2015-08-25,Madavaram,0.313,1,8,0,0,,residential,3
2015-08-26,Madavaram,0.296,2,8,0,0,,residential,3
2015-08-27,Madavaram,0.298,3,8,0,0,,residential,3
2015-08-28,Madavaram,0.296,4,8,0,0,,residential,3
2015-08-29,Madavaram,0.332,5,8,1,0,,residential,3
2015-08-30,Madavaram,0.316,6,8,1,0,,residential,3
2015-08-31,Madavaram,0.285,0,8,0,0,,residential,3
2015-09-01,Madavaram,0.287,1,9,0,0,,residential,3
2015-09-02,Madavaram,0.296,2,9,0,0,,residential,3
2015-09-03,Madavaram,0.28,3,9,0,0,,residential,3
2015-09-04,Madavaram,0.287,4,9,0,0,,residential,3
2015-09-05,Madavaram,0.311,5,9,1,0,,residential,3
2015-09-06,Madavaram,0.332,6,9,1,0,,residential,3
2015-09-07,Madavaram,0.31,0,9,0,0,,residential,3
2015-09-08,Madavaram,0.329,1,9,0,1,Ganesh Chathurthi,residential,3
2015-09-09,Madavaram,0.363,2,9,0,1,Ganesh Chathurthi,residential,3
2015-09-10,Madavaram,0.39,3,9,0,1,Ganesh Chathurthi,residential,3
2015-09-11,Madavaram,0.358,4,9,0,1,Ganesh Chathurthi,residential,3
2015-09-12,Madavaram,0.342,5,9,1,1,Ganesh Chathurthi,residential,3
2015-09-13,Madavaram,0.297,6,9,1,0,,residential,3
2015-09-14,Madavaram,0.305,0,9,0,0,,residential,3
2015-09-15,Madavaram,0.292,1,9,0,0,,residential,3
2015-09-16,Madavaram,0.299,2,9,0,0,,residential,3
2015-09-17,Madavaram,0.303,3,9,0,0,,residential,3
2015-09-18,Madavaram,0.303,4,9,0,0,,residential,3
2015-09-19,Madavaram,0.308,5,9,1,0,,residential,3
2015-09-20,Madavaram,0.314,6,9,1,0,,residential,3
2015-09-21,Madavaram,0.308,0,9,0,0,,residential,3
2015-09-22,Madavaram,0.311,1,9,0,0,,residential,3
2015-09-23,Madavaram,0.302,2,9,0,0,,residential,3
2015-09-24,Madavaram,0.299,3,9,0,0,,residential,3
2015-09-25,Madavaram,0.286,4,9,0,0,,residential,3
2015-09-26,Madavaram,0.309,5,9,1,0,,residential,3
2015-09-27,Madavaram,0.325,6,9,1,0,,residential,3
2015-09-28,Madavaram,0.293,0,9,0,0,,residential,3
2015-09-29,Madavaram,0.287,1,9,0,0,,residential,3
2015-09-30,Madavaram,0.288,2,9,0,0,,residential,3
2015-10-01,Madavaram,0.319,3,10,0,0,,residential,3
2015-10-02,Madavaram,0.301,4,10,0,0,,residential,3
2015-10-03,Madavaram,0.31,5,10,1,0,,residential,3
2015-10-04,Madavaram,0.382,6,10,1,1,Dussehra,residential,3
2015-10-05,Madavaram,0.391,0,10,0,1,Dussehra,residential,3
2015-10-06,Madavaram,0.343,1,10,0,1,Dussehra,residential,3
2015-10-07,Madavaram,0.303,2,10,0,0,,residential,3
2015-10-08,Madavaram,0.302,3,10,0,0,,residential,3
2015-10-09,Madavaram,0.311,4,10,0,0,,residential,3
2015-10-10,Madavaram,0.319,5,10,1,0,,residential,3
2015-10-11,Madavaram,0.329,6,10,1,0,,residential,3
2015-10-12,Madavaram,0.326,0,10,0,0,,residential,3
2015-10-13,Madavaram,0.299,1,10,0,0,,residential,3
2015-10-14,Madavaram,0.289,2,10,0,0,,residential,3
2015-10-15,Madavaram,0.31,3,10,0,0,,residential,3
2015-10-16,Madavaram,0.314,4,10,0,0,,residential,3
2015-10-17,Madavaram,0.334,5,10,1,0,,residential,3
2015-10-18,Madavaram,0.315,6,10,1,0,,residential,3
2015-10-19,Madavaram,0.326,0,10,0,0,,residential,3
2015-10-20,Madavaram,0.289,1,10,0,0,,residential,3
2015-10-21,Madavaram,0.307,2,10,0,0,,residential,3
2015-10-22,Madavaram,0.335,3,10,0,1,Deepavali,residential,3
2015-10-23,Madavaram,0.372,4,10,0,1,Deepavali,residential,3
2015-10-24,Madavaram,0.462,5,10,1,1,Deepavali,residential,3
2015-10-25,Madavaram,0.421,6,10,1,1,Deepavali,residential,3
2015-10-26,Madavaram,0.355,0,10,0,1,Deepavali,residential,3
2015-10-27,Madavaram,0.309,1,10,0,0,,residential,3
2015-10-28,Madavaram,0.3,2,10,0,0,,residential,3
2015-10-29,Madavaram,0.313,3,10,0,0,,residential,3
2015-10-30,Madavaram,0.307,4,10,0,0,,residential,3
2015-10-31,Madavaram,0.328,5,10,1,0,,residential,3
2015-11-01,Madavaram,0.326,6,11,1,0,,residential,3
2015-11-02,Madavaram,0.304,0,11,0,0,,residential,3
2015-11-03,Madavaram,0.307,1,11,0,0,,residential,3
2015-11-04,Madavaram,0.301,2,11,0,0,,residential,3
2015-11-05,Madavaram,0.282,3,11,0,0,,residential,3
2015-11-06,Madavaram,0.299,4,11,0,0,,residential,3
2015-11-07,Madavaram,0.325,5,11,1,0,,residential,3
2015-11-08,Madavaram,0.35,6,11,1,0,,residential,3
2015-11-09,Madavaram,0.303,0,11,0,0,,residential,3
2015-11-10,Madavaram,0.291,1,11,0,0,,residential,3
2015-11-11,Madavaram,0.314,2,11,0,0,,residential,3
2015-11-12,Madavaram,0.316,3,11,0,0,,residential,3
2015-11-13,Madavaram,0.297,4,11,0,0,,residential,3
2015-11-14,Madavaram,0.328,5,11,1,0,,residential,3
2015-11-15,Madavaram,0.341,6,11,1,0,,residential,3
2015-11-16,Madavaram,0.297,0,11,0,0,,residential,3
2015-11-17,Madavaram,0.287,1,11,0,0,,residential,3
2015-11-18,Madavaram,0.302,2,11,0,0,,residential,3
2015-11-19,Madavaram,0.318,3,11,0,0,,residential,3
2015-11-20,Madavaram,0.3,4,11,0,0,,residential,3
2015-11-21,Madavaram,0.336,5,11,1,0,,residential,3
2015-11-22,Madavaram,0.346,6,11,1,0,,residential,3
2015-11-23,Madavaram,0.339,0,11,0,0,,residential,3
2015-11-24,Madavaram,0.299,1,11,0,0,,residential,3
2015-11-25,Madavaram,0.304,2,11,0,0,,residential,3
2015-11-26,Madavaram,0.321,3,11,0,0,,residential,3
2015-11-27,Madavaram,0.29,4,11,0,0,,residential,3
2015-11-28,Madavaram,0.345,5,11,1,0,,residential,3
2015-11-29,Madavaram,0.324,6,11,1,0,,residential,3
2015-11-30,Madavaram,0.32,0,11,0,0,,residential,3
2015-12-01,Madavaram,0.302,1,12,0,0,,residential,3
2015-12-02,Madavaram,0.295,2,12,0,0,,residential,3
2015-12-03,Madavaram,0.295,3,12,0,0,,residential,3
2015-12-04,Madavaram,0.307,4,12,0,0,,residential,3
2015-12-05,Madavaram,0.345,5,12,1,0,,residential,3
2015-12-06,Madavaram,0.333,6,12,1,0,,residential,3
2015-12-07,Madavaram,0.32,0,12,0,0,,residential,3
2015-12-08,Madavaram,0.309,1,12,0,0,,residential,3
2015-12-09,Madavaram,0.295,2,12,0,0,,residential,3
2015-12-10,Madavaram,0.311,3,12,0,0,,residential,3
2015-12-11,Madavaram,0.312,4,12,0,0,,residential,3
2015-12-12,Madavaram,0.361,5,12,1,0,,residential,3
2015-12-13,Madavaram,0.331,6,12,1,0,,residential,3
2015-12-14,Madavaram,0.315,0,12,0,0,,residential,3
2015-12-15,Madavaram,0.311,1,12,0,0,,residential,3
2015-12-16,Madavaram,0.312,2,12,0,0,,residential,3
2015-12-17,Madavaram,0.299,3,12,0,0,,residential,3
2015-12-18,Madavaram,0.3,4,12,0,0,,residential,3
2015-12-19,Madavaram,0.34,5,12,1,0,,residential,3
2015-12-20,Madavaram,0.326,6,12,1,0,,residential,3
2015-12-21,Madavaram,0.315,0,12,0,0,,residential,3
2015-12-22,Madavaram,0.305,1,12,0,0,,residential,3
2015-12-23,Madavaram,0.313,2,12,0,0,,residential,3
2015-12-24,Madavaram,0.321,3,12,0,1,Christmas,residential,3
2015-12-25,Madavaram,0.33,4,12,0,1,Christmas,residential,3
2015-12-26,Madavaram,0.339,5,12,1,1,Christmas,residential,3
2015-12-27,Madavaram,0.322,6,12,1,0,,residential,3
2015-12-28,Madavaram,0.307,0,12,0,0,,residential,3
2015-12-29,Madavaram,0.303,1,12,0,0,,residential,3
2015-12-30,Madavaram,0.323,2,12,0,1,New Year,residential,3
2015-12-31,Madavaram,0.357,3,12,0,1,New Year,residential,3
2016-01-01,Madavaram,0.297,4,1,0,0,,residential,3
2016-01-02,Madavaram,0.33,5,1,1,0,,residential,3
2016-01-03,Madavaram,0.348,6,1,1,0,,residential,3
2016-01-04,Madavaram,0.326,0,1,0,0,,residential,3
2016-01-05,Madavaram,0.304,1,1,0,0,,residential,3
2016-01-06,Madavaram,0.3,2,1,0,0,,residential,3
2016-01-07,Madavaram,0.3,3,1,0,0,,residential,3
2016-01-08,Madavaram,0.307,4,1,0,0,,residential,3
2016-01-09,Madavaram,0.34,5,1,1,0,,residential,3
2016-01-10,Madavaram,0.325,6,1,1,0,,residential,3
2016-01-11,Madavaram,0.32,0,1,0,0,,residential,3
2016-01-12,Madavaram,0.314,1,1,0,1,Pongal,residential,3
2016-01-13,Madavaram,0.367,2,1,0,1,Pongal,residential,3
2016-01-14,Madavaram,0.404,3,1,0,1,Pongal,residential,3
2016-01-15,Madavaram,0.362,4,1,0,1,Pongal,residential,3
2016-01-16,Madavaram,0.388,5,1,1,1,Pongal,residential,3
2016-01-17,Madavaram,0.326,6,1,1,0,,residential,3
2016-01-18,Madavaram,0.321,0,1,0,0,,residential,3
2016-01-19,Madavaram,0.304,1,1,0,0,,residential,3
2016-01-20,Madavaram,0.303,2,1,0,0,,residential,3
2016-01-21,Madavaram,0.303,3,1,0,0,,residential,3
2016-01-22,Madavaram,0.305,4,1,0,0,,residential,3
2016-01-23,Madavaram,0.343,5,1,1,0,,residential,3
2016-01-24,Madavaram,0.348,6,1,1,0,,residential,3
2016-01-25,Madavaram,0.319,0,1,0,0,,residential,3
2016-01-26,Madavaram,0.343,1,1,0,1,Republic Day,residential,3
2016-01-27,Madavaram,0.298,2,1,0,0,,residential,3
2016-01-28,Madavaram,0.311,3,1,0,0,,residential,3
2016-01-29,Madavaram,0.297,4,1,0,0,,residential,3
2016-01-30,Madavaram,0.345,5,1,1,0,,residential,3
2016-01-31,Madavaram,0.357,6,1,1,0,,residential,3
2016-02-01,Madavaram,0.318,0,2,0,0,,residential,3
2016-02-02,Madavaram,0.284,1,2,0,0,,residential,3
2016-02-03,Madavaram,0.299,2,2,0,0,,residential,3
2016-02-04,Madavaram,0.315,3,2,0,0,,residential,3
2016-02-05,Madavaram,0.309,4,2,0,0,,residential,3
2016-02-06,Madavaram,0.337,5,2,1,0,,residential,3
2016-02-07,Madavaram,0.345,6,2,1,0,,residential,3
2016-02-08,Madavaram,0.324,0,2,0,0,,residential,3
2016-02-09,Madavaram,0.315,1,2,0,0,,residential,3
2016-02-10,Madavaram,0.312,2,2,0,0,,residential,3
2016-02-11,Madavaram,0.318,3,2,0,0,,residential,3
2016-02-12,Madavaram,0.307,4,2,0,0,,residential,3
2016-02-13,Madavaram,0.344,5,2,1,0,,residential,3
2016-02-14,Madavaram,0.331,6,2,1,0,,residential,3
2016-02-15,Madavaram,0.314,0,2,0,0,,residential,3
2016-02-16,Madavaram,0.32,1,2,0,0,,residential,3
2016-02-17,Madavaram,0.306,2,2,0,0,,residential,3
2016-02-18,Madavaram,0.311,3,2,0,0,,residential,3
2016-02-19,Madavaram,0.305,4,2,0,0,,residential,3
2016-02-20,Madavaram,0.329,5,2,1,0,,residential,3
2016-02-21,Madavaram,0.335,6,2,1,0,,residential,3
2016-02-22,Madavaram,0.333,0,2,0,0,,residential,3
2016-02-23,Madavaram,0.309,1,2,0,0,,residential,3
2016-02-24,Madavaram,0.288,2,2,0,0,,residential,3
2016-02-25,Madavaram,0.302,3,2,0,0,,residential,3
2016-02-26,Madavaram,0.32,4,2,0,0,,residential,3
2016-02-27,Madavaram,0.332,5,2,1,0,,residential,3
2016-02-28,Madavaram,0.316,6,2,1,0,,residential,3
2016-02-29,Madavaram,0.337,0,2,0,0,,residential,3
2016-03-01,Madavaram,0.326,1,3,0,0,,residential,3
2016-03-02,Madavaram,0.319,2,3,0,0,,residential,3
2016-03-03,Madavaram,0.316,3,3,0,0,,residential,3
2016-03-04,Madavaram,0.33,4,3,0,0,,residential,3
2016-03-05,Madavaram,0.346,5,3,1,0,,residential,3
2016-03-06,Madavaram,0.363,6,3,1,0,,residential,3
2016-03-07,Madavaram,0.341,0,3,0,0,,residential,3
2016-03-08,Madavaram,0.322,1,3,0,0,,residential,3
2016-03-09,Madavaram,0.321,2,3,0,0,,residential,3
2016-03-10,Madavaram,0.318,3,3,0,0,,residential,3
2016-03-11,Madavaram,0.329,4,3,0,0,,residential,3
2016-03-12,Madavaram,0.342,5,3,1,0,,residential,3
2016-03-13,Madavaram,0.334,6,3,1,0,,residential,3
2016-03-14,Madavaram,0.341,0,3,0,0,,residential,3
2016-03-15,Madavaram,0.325,1,3,0,0,,residential,3
2016-03-16,Madavaram,0.324,2,3,0,0,,residential,3
2016-03-17,Madavaram,0.323,3,3,0,0,,residential,3
2016-03-18,Madavaram,0.316,4,3,0,0,,residential,3
2016-03-19,Madavaram,0.36,5,3,1,0,,residential,3
2016-03-20,Madavaram,0.351,6,3,1,0,,residential,3
2016-03-21,Madavaram,0.33,0,3,0,0,,residential,3
2016-03-22,Madavaram,0.316,1,3,0,0,,residential,3
2016-03-23,Madavaram,0.339,2,3,0,0,,residential,3
2016-03-24,Madavaram,0.303,3,3,0,0,,residential,3
2016-03-25,Madavaram,0.324,4,3,0,0,,residential,3
2016-03-26,Madavaram,0.334,5,3,1,0,,residential,3
2016-03-27,Madavaram,0.35,6,3,1,0,,residential,3
2016-03-28,Madavaram,0.331,0,3,0,0,,residential,3
2016-03-29,Madavaram,0.299,1,3,0,0,,residential,3
2016-03-30,Madavaram,0.323,2,3,0,0,,residential,3
2016-04-01,Madavaram,0.293,4,4,0,0,,residential,3
2016-04-02,Madavaram,0.305,5,4,1,0,,residential,3
2016-04-03,Madavaram,0.334,6,4,1,0,,residential,3
2016-04-04,Madavaram,0.325,0,4,0,0,,residential,3
2016-04-05,Madavaram,0.31,1,4,0,0,,residential,3
2016-04-06,Madavaram,0.299,2,4,0,0,,residential,3
2016-04-07,Madavaram,0.297,3,4,0,0,,residential,3
2016-04-08,Madavaram,0.308,4,4,0,0,,residential,3
2016-04-09,Madavaram,0.342,5,4,1,0,,residential,3
2016-04-10,Madavaram,0.337,6,4,1,0,,residential,3
2016-04-11,Madavaram,0.302,0,4,0,0,,residential,3
2016-04-12,Madavaram,0.298,1,4,0,0,,residential,3
2016-04-13,Madavaram,0.338,2,4,0,1,Tamil New Year,residential,3
2016-04-14,Madavaram,0.35,3,4,0,1,Tamil New Year,residential,3
2016-04-15,Madavaram,0.338,4,4,0,1,Tamil New Year,residential,3
2016-04-16,Madavaram,0.348,5,4,1,0,,residential,3
2016-04-17,Madavaram,0.332,6,4,1,0,,residential,3
2016-04-18,Madavaram,0.325,0,4,0,0,,residential,3
2016-04-19,Madavaram,0.298,1,4,0,0,,residential,3
2016-04-20,Madavaram,0.325,2,4,0,1,Eid,residential,3
2016-04-21,Madavaram,0.36,3,4,0,1,Eid,residential,3
2016-04-22,Madavaram,0.318,4,4,0,1,Eid,residential,3
2016-04-23,Madavaram,0.317,5,4,1,0,,residential,3
2016-04-24,Madavaram,0.338,6,4,1,0,,residential,3
2016-04-25,Madavaram,0.324,0,4,0,0,,residential,3
2016-04-26,Madavaram,0.287,1,4,0,0,,residential,3
2016-04-27,Madavaram,0.305,2,4,0,0,,residential,3
2016-04-28,Madavaram,0.296,3,4,0,0,,residential,3
2016-04-29,Madavaram,0.299,4,4,0,0,,residential,3
2016-04-30,Madavaram,0.33,5,4,1,0,,residential,3
2016-05-01,Madavaram,0.336,6,5,1,0,,residential,3
2016-05-02,Madavaram,0.312,0,5,0,0,,residential,3
2016-05-03,Madavaram,0.309,1,5,0,0,,residential,3
2016-05-04,Madavaram,0.299,2,5,0,0,,residential,3
2016-05-05,Madavaram,0.302,3,5,0,0,,residential,3
2016-05-06,Madavaram,0.289,4,5,0,0,,residential,3
2016-05-07,Madavaram,0.347,5,5,1,0,,residential,3
2016-05-08,Madavaram,0.331,6,5,1,0,,residential,3
2016-05-09,Madavaram,0.318,0,5,0,0,,residential,3
2016-05-10,Madavaram,0.282,1,5,0,0,,residential,3
2016-05-11,Madavaram,0.289,2,5,0,0,,residential,3
2016-05-12,Madavaram,0.307,3,5,0,0,,residential,3
2016-05-13,Madavaram,0.299,4,5,0,0,,residential,3
2016-05-14,Madavaram,0.307,5,5,1,0,,residential,3
2016-05-15,Madavaram,0.336,6,5,1,0,,residential,3
2016-05-16,Madavaram,0.306,0,5,0,0,,residential,3
2016-05-17,Madavaram,0.309,1,5,0,0,,residential,3
2016-05-18,Madavaram,0.296,2,5,0,0,,residential,3
2016-05-19,Madavaram,0.298,3,5,0,0,,residential,3
2016-05-20,Madavaram,0.307,4,5,0,0,,residential,3
2016-05-21,Madavaram,0.317,5,5,1,0,,residential,3
2016-05-22,Madavaram,0.316,6,5,1,0,,residential,3
2016-05-23,Madavaram,0.309,0,5,0,0,,residential,3
2016-05-24,Madavaram,0.304,1,5,0,0,,residential,3
2016-05-25,Madavaram,0.284,2,5,0,0,,residential,3
2016-05-26,Madavaram,0.281,3,5,0,0,,residential,3
2016-05-27,Madavaram,0.304,4,5,0,0,,residential,3
2016-05-28,Madavaram,0.32,5,5,1,0,,residential,3
2016-05-29,Madavaram,0.322,6,5,1,0,,residential,3
2016-05-30,Madavaram,0.294,0,5,0,0,,residential,3
2016-05-31,Madavaram,0.29,1,5,0,0,,residential,3
2016-06-01,Madavaram,0.268,2,6,0,0,,residential,3
2016-06-02,Madavaram,0.276,3,6,0,0,,residential,3
2016-06-03,Madavaram,0.262,4,6,0,0,,residential,3
2016-06-04,Madavaram,0.31,5,6,1,0,,residential,3
2016-06-05,Madavaram,0.289,6,6,1,0,,residential,3
2016-06-06,Madavaram,0.276,0,6,0,0,,residential,3
2016-06-07,Madavaram,0.28,1,6,0,0,,residential,3
2016-06-08,Madavaram,0.27,2,6,0,0,,residential,3
2016-06-09,Madavaram,0.264,3,6,0,0,,residential,3
2016-06-10,Madavaram,0.267,4,6,0,0,,residential,3
2016-06-11,Madavaram,0.307,5,6,1,0,,residential,3
2016-06-12,Madavaram,0.308,6,6,1,0,,residential,3
2016-06-13,Madavaram,0.275,0,6,0,0,,residential,3
2016-06-14,Madavaram,0.268,1,6,0,0,,residential,3
2016-06-15,Madavaram,0.269,2,6,0,0,,residential,3
2016-06-16,Madavaram,0.26,3,6,0,0,,residential,3
2016-06-17,Madavaram,0.268,4,6,0,0,,residential,3
2016-06-18,Madavaram,0.295,5,6,1,0,,residential,3
2016-06-19,Madavaram,0.305,6,6,1,0,,residential,3
2016-06-20,Madavaram,0.292,0,6,0,0,,residential,3
2016-06-21,Madavaram,0.265,1,6,0,0,,residential,3
2016-06-22,Madavaram,0.266,2,6,0,0,,residential,3
2016-06-23,Madavaram,0.273,3,6,0,0,,residential,3
2016-06-24,Madavaram,0.263,4,6,0,0,,residential,3
2016-06-25,Madavaram,0.3,5,6,1,0,,residential,3
2016-06-26,Madavaram,0.294,6,6,1,0,,residential,3
2016-06-27,Madavaram,0.273,0,6,0,0,,residential,3
2016-06-28,Madavaram,0.26,1,6,0,0,,residential,3
2016-06-29,Madavaram,0.28,2,6,0,0,,residential,3
2016-06-30,Madavaram,0.267,3,6,0,0,,residential,3
2016-07-01,Madavaram,0.281,4,7,0,0,,residential,3
2016-07-02,Madavaram,0.29,5,7,1,0,,residential,3
2016-07-03,Madavaram,0.297,6,7,1,0,,residential,3
2016-07-04,Madavaram,0.302,0,7,0,0,,residential,3
2016-07-05,Madavaram,0.26,1,7,0,0,,residential,3
2016-07-06,Madavaram,0.253,2,7,0,0,,residential,3
2016-07-07,Madavaram,0.278,3,7,0,0,,residential,3
2016-07-08,Madavaram,0.261,4,7,0,0,,residential,3
2016-07-09,Madavaram,0.295,5,7,1,0,,residential,3
2016-07-10,Madavaram,0.29,6,7,1,0,,residential,3
2016-07-11,Madavaram,0.284,0,7,0,0,,residential,3
2016-07-12,Madavaram,0.26,1,7,0,0,,residential,3
2016-07-13,Madavaram,0.267,2,7,0,0,,residential,3
2016-07-14,Madavaram,0.272,3,7,0,0,,residential,3
2016-07-15,Madavaram,0.26,4,7,0,0,,residential,3
2016-07-16,Madavaram,0.289,5,7,1,0,,residential,3
2016-07-17,Madavaram,0.292,6,7,1,0,,residential,3
2016-07-18,Madavaram,0.269,0,7,0,0,,residential,3
2016-07-19,Madavaram,0.265,1,7,0,0,,residential,3
2016-07-20,Madavaram,0.269,2,7,0,0,,residential,3
2016-07-21,Madavaram,0.265,3,7,0,0,,residential,3
2016-07-22,Madavaram,0.266,4,7,0,0,,residential,3
2016-07-23,Madavaram,0.295,5,7,1,0,,residential,3
2016-07-24,Madavaram,0.289,6,7,1,0,,residential,3
2016-07-25,Madavaram,0.287,0,7,0,0,,residential,3
2016-07-26,Madavaram,0.28,1,7,0,0,,residential,3
2016-07-27,Madavaram,0.264,2,7,0,0,,residential,3
2016-07-28,Madavaram,0.272,3,7,0,0,,residential,3
2016-07-29,Madavaram,0.266,4,7,0,0,,residential,3
2016-07-30,Madavaram,0.298,5,7,1,0,,residential,3
2016-07-31,Madavaram,0.309,6,7,1,0,,residential,3
2016-08-01,Madavaram,0.286,0,8,0,0,,residential,3
2016-08-02,Madavaram,0.254,1,8,0,0,,residential,3
2016-08-03,Madavaram,0.272,2,8,0,0,,residential,3
2016-08-04,Madavaram,0.278,3,8,0,0,,residential,3
2016-08-05,Madavaram,0.266,4,8,0,0,,residential,3
2016-08-06,Madavaram,0.304,5,8,1,0,,residential,3
2016-08-07,Madavaram,0.289,6,8,1,0,,residential,3
2016-08-08,Madavaram,0.269,0,8,0,0,,residential,3
2016-08-09,Madavaram,0.269,1,8,0,0,,residential,3
2016-08-10,Madavaram,0.254,2,8,0,0,,residential,3
2016-08-11,Madavaram,0.266,3,8,0,0,,residential,3
2016-08-12,Madavaram,0.278,4,8,0,0,,residential,3
2016-08-13,Madavaram,0.278,5,8,1,0,,residential,3
2016-08-14,Madavaram,0.284,6,8,1,0,,residential,3
2016-08-15,Madavaram,0.3,0,8,0,1,Independence,residential,3
2016-08-16,Madavaram,0.268,1,8,0,0,,residential,3
2016-08-17,Madavaram,0.265,2,8,0,0,,residential,3
2016-08-18,Madavaram,0.279,3,8,0,0,,residential,3
2016-08-19,Madavaram,0.276,4,8,0,0,,residential,3
2016-08-20,Madavaram,0.299,5,8,1,0,,residential,3
2016-08-21,Madavaram,0.296,6,8,1,0,,residential,3
2016-08-22,Madavaram,0.285,0,8,0,0,,residential,3
2016-08-23,Madavaram,0.261,1,8,0,0,,residential,3
2016-08-24,Madavaram,0.275,2,8,0,0,,residential,3
2016-08-25,Madavaram,0.259,3,8,0,0,,residential,3
2016-08-26,Madavaram,0.275,4,8,0,0,,residential,3
2016-08-27,Madavaram,0.305,5,8,1,0,,residential,3
2016-08-28,Madavaram,0.297,6,8,1,0,,residential,3
2016-08-29,Madavaram,0.28,0,8,0,0,,residential,3
2016-08-30,Madavaram,0.271,1,8,0,0,,residential,3
2016-08-31,Madavaram,0.245,2,8,0,0,,residential,3
2016-09-01,Madavaram,0.271,3,9,0,0,,residential,3
2016-09-02,Madavaram,0.267,4,9,0,0,,residential,3
2016-09-03,Madavaram,0.294,5,9,1,0,,residential,3
2016-09-04,Madavaram,0.301,6,9,1,0,,residential,3
2016-09-05,Madavaram,0.281,0,9,0,0,,residential,3
2016-09-06,Madavaram,0.259,1,9,0,0,,residential,3
2016-09-07,Madavaram,0.267,2,9,0,0,,residential,3
2016-09-08,Madavaram,0.3,3,9,0,1,Ganesh Chathurthi,residential,3
2016-09-09,Madavaram,0.332,4,9,0,1,Ganesh Chathurthi,residential,3
2016-09-10,Madavaram,0.4,5,9,1,1,Ganesh Chathurthi,residential,3
2016-09-11,Madavaram,0.375,6,9,1,1,Ganesh Chathurthi,residential,3
2016-09-12,Madavaram,0.304,0,9,0,1,Ganesh Chathurthi,residential,3
2016-09-13,Madavaram,0.269,1,9,0,0,,residential,3
2016-09-14,Madavaram,0.278,2,9,0,0,,residential,3
2016-09-15,Madavaram,0.254,3,9,0,0,,residential,3
2016-09-16,Madavaram,0.27,4,9,0,0,,residential,3
2016-09-17,Madavaram,0.29,5,9,1,0,,residential,3
2016-09-18,Madavaram,0.292,6,9,1,0,,residential,3
2016-09-19,Madavaram,0.274,0,9,0,0,,residential,3
2016-09-20,Madavaram,0.267,1,9,0,0,,residential,3
2016-09-21,Madavaram,0.283,2,9,0,0,,residential,3
2016-09-22,Madavaram,0.258,3,9,0,0,,residential,3
2016-09-23,Madavaram,0.259,4,9,0,0,,residential,3
2016-09-24,Madavaram,0.283,5,9,1,0,,residential,3
2016-09-25,Madavaram,0.31,6,9,1,0,,residential,3
2016-09-26,Madavaram,0.278,0,9,0,0,,residential,3
2016-09-27,Madavaram,0.268,1,9,0,0,,residential,3
2016-09-28,Madavaram,0.265,2,9,0,0,,residential,3
2016-09-29,Madavaram,0.26,3,9,0,0,,residential,3
2016-09-30,Madavaram,0.266,4,9,0,0,,residential,3
2016-10-01,Madavaram,0.333,5,10,1,0,,residential,3
2016-10-02,Madavaram,0.323,6,10,1,0,,residential,3
2016-10-03,Madavaram,0.289,0,10,0,0,,residential,3
2016-10-04,Madavaram,0.324,1,10,0,1,Dussehra,residential,3
2016-10-05,Madavaram,0.344,2,10,0,1,Dussehra,residential,3
2016-10-06,Madavaram,0.301,3,10,0,1,Dussehra,residential,3
2016-10-07,Madavaram,0.291,4,10,0,0,,residential,3
2016-10-08,Madavaram,0.321,5,10,1,0,,residential,3
2016-10-09,Madavaram,0.32,6,10,1,0,,residential,3
2016-10-10,Madavaram,0.292,0,10,0,0,,residential,3
2016-10-11,Madavaram,0.281,1,10,0,0,,residential,3
2016-10-12,Madavaram,0.289,2,10,0,0,,residential,3
2016-10-13,Madavaram,0.286,3,10,0,0,,residential,3
2016-10-14,Madavaram,0.279,4,10,0,0,,residential,3
2016-10-15,Madavaram,0.295,5,10,1,0,,residential,3
2016-10-16,Madavaram,0.311,6,10,1,0,,residential,3
2016-10-17,Madavaram,0.306,0,10,0,0,,residential,3
2016-10-18,Madavaram,0.272,1,10,0,0,,residential,3
2016-10-19,Madavaram,0.288,2,10,0,0,,residential,3
2016-10-20,Madavaram,0.285,3,10,0,0,,residential,3
2016-10-21,Madavaram,0.289,4,10,0,0,,residential,3
2016-10-22,Madavaram,0.361,5,10,1,1,Deepavali,residential,3
2016-10-23,Madavaram,0.385,6,10,1,1,Deepavali,residential,3
2016-10-24,Madavaram,0.395,0,10,0,1,Deepavali,residential,3
2016-10-25,Madavaram,0.352,1,10,0,1,Deepavali,residential,3
2016-10-26,Madavaram,0.328,2,10,0,1,Deepavali,residential,3
2016-10-27,Madavaram,0.278,3,10,0,0,,residential,3
2016-10-28,Madavaram,0.276,4,10,0,0,,residential,3
2016-10-29,Madavaram,0.293,5,10,1,0,,residential,3
2016-10-30,Madavaram,0.327,6,10,1,0,,residential,3
2016-10-31,Madavaram,0.304,0,10,0,0,,residential,3
2016-11-01,Madavaram,0.289,1,11,0,0,,residential,3
2016-11-02,Madavaram,0.29,2,11,0,0,,residential,3
2016-11-03,Madavaram,0.287,3,11,0,0,,residential,3
2016-11-04,Madavaram,0.28,4,11,0,0,,residential,3
2016-11-05,Madavaram,0.309,5,11,1,0,,residential,3
2016-11-06,Madavaram,0.306,6,11,1,0,,residential,3
2016-11-07,Madavaram,0.32,0,11,0,0,,residential,3
2016-11-08,Madavaram,0.287,1,11,0,0,,residential,3
2016-11-09,Madavaram,0.278,2,11,0,0,,residential,3
2016-11-10,Madavaram,0.286,3,11,0,0,,residential,3
2016-11-11,Madavaram,0.274,4,11,0,0,,residential,3
2016-11-12,Madavaram,0.324,5,11,1,0,,residential,3
2016-11-13,Madavaram,0.304,6,11,1,0,,residential,3
2016-11-14,Madavaram,0.301,0,11,0,0,,residential,3
2016-11-15,Madavaram,0.291,1,11,0,0,,residential,3
2016-11-16,Madavaram,0.285,2,11,0,0,,residential,3
2016-11-17,Madavaram,0.283,3,11,0,0,,residential,3
2016-11-18,Madavaram,0.282,4,11,0,0,,residential,3
2016-11-19,Madavaram,0.31,5,11,1,0,,residential,3
2016-11-20,Madavaram,0.305,6,11,1,0,,residential,3
2016-11-21,Madavaram,0.292,0,11,0,0,,residential,3
2016-11-22,Madavaram,0.295,1,11,0,0,,residential,3
2016-11-23,Madavaram,0.281,2,11,0,0,,residential,3
2016-11-24,Madavaram,0.276,3,11,0,0,,residential,3
2016-11-25,Madavaram,0.278,4,11,0,0,,residential,3
2016-11-26,Madavaram,0.321,5,11,1,0,,residential,3
2016-11-27,Madavaram,0.317,6,11,1,0,,residential,3
2016-11-28,Madavaram,0.301,0,11,0,0,,residential,3
2016-11-29,Madavaram,0.28,1,11,0,0,,residential,3
2016-11-30,Madavaram,0.287,2,11,0,0,,residential,3
2016-12-01,Madavaram,0.277,3,12,0,0,,residential,3
2016-12-02,Madavaram,0.28,4,12,0,0,,residential,3
2016-12-03,Madavaram,0.319,5,12,1,0,,residential,3
2016-12-04,Madavaram,0.319,6,12,1,0,,residential,3
2016-12-05,Madavaram,0.288,0,12,0,0,,residential,3
2016-12-06,Madavaram,0.275,1,12,0,0,,residential,3
2016-12-07,Madavaram,0.283,2,12,0,0,,residential,3
2016-12-08,Madavaram,0.297,3,12,0,0,,residential,3
2016-12-09,Madavaram,0.266,4,12,0,0,,residential,3
2016-12-10,Madavaram,0.313,5,12,1,0,,residential,3
2016-12-11,Madavaram,0.298,6,12,1,0,,residential,3
2016-12-12,Madavaram,0.291,0,12,0,0,,residential,3
2016-12-13,Madavaram,0.279,1,12,0,0,,residential,3
2016-12-14,Madavaram,0.279,2,12,0,0,,residential,3
2016-12-15,Madavaram,0.278,3,12,0,0,,residential,3
2016-12-16,Madavaram,0.282,4,12,0,0,,residential,3
2016-12-17,Madavaram,0.305,5,12,1,0,,residential,3
2016-12-18,Madavaram,0.297,6,12,1,0,,residential,3
2016-12-19,Madavaram,0.303,0,12,0,0,,residential,3
2016-12-20,Madavaram,0.289,1,12,0,0,,residential,3
2016-12-21,Madavaram,0.289,2,12,0,0,,residential,3
2016-12-22,Madavaram,0.269,3,12,0,0,,residential,3
2016-12-23,Madavaram,0.285,4,12,0,0,,residential,3
2016-12-24,Madavaram,0.34,5,12,1,1,Christmas,residential,3
2016-12-25,Madavaram,0.346,6,12,1,1,Christmas,residential,3
2016-12-26,Madavaram,0.319,0,12,0,1,Christmas,residential,3
2016-12-27,Madavaram,0.281,1,12,0,0,,residential,3
2016-12-28,Madavaram,0.298,2,12,0,0,,residential,3
2016-12-29,Madavaram,0.298,3,12,0,0,,residential,3
2016-12-30,Madavaram,0.295,4,12,0,1,New Year,residential,3
2016-12-31,Madavaram,0.4,5,12,1,1,New Year,residential,3
2017-01-01,Madavaram,0.302,6,1,1,0,,residential,3
2017-01-02,Madavaram,0.305,0,1,0,0,,residential,3
2017-01-03,Madavaram,0.29,1,1,0,0,,residential,3
2017-01-04,Madavaram,0.274,2,1,0,0,,residential,3
2017-01-05,Madavaram,0.286,3,1,0,0,,residential,3
2017-01-06,Madavaram,0.281,4,1,0,0,,residential,3
2017-01-07,Madavaram,0.316,5,1,1,0,,residential,3
2017-01-08,Madavaram,0.313,6,1,1,0,,residential,3
2017-01-09,Madavaram,0.307,0,1,0,0,,residential,3
2017-01-10,Madavaram,0.283,1,1,0,0,,residential,3
2017-01-11,Madavaram,0.281,2,1,0,0,,residential,3
2017-01-12,Madavaram,0.321,3,1,0,1,Pongal,residential,3
2017-01-13,Madavaram,0.345,4,1,0,1,Pongal,residential,3
2017-01-14,Madavaram,0.412,5,1,1,1,Pongal,residential,3
2017-01-15,Madavaram,0.365,6,1,1,1,Pongal,residential,3
2017-01-16,Madavaram,0.316,0,1,0,1,Pongal,residential,3
2017-01-17,Madavaram,0.277,1,1,0,0,,residential,3
2017-01-18,Madavaram,0.277,2,1,0,0,,residential,3
2017-01-19,Madavaram,0.289,3,1,0,0,,residential,3
2017-01-20,Madavaram,0.29,4,1,0,0,,residential,3
2017-01-21,Madavaram,0.309,5,1,1,0,,residential,3
2017-01-22,Madavaram,0.324,6,1,1,0,,residential,3
2017-01-23,Madavaram,0.308,0,1,0,0,,residential,3
2017-01-24,Madavaram,0.284,1,1,0,0,,residential,3
2017-01-25,Madavaram,0.275,2,1,0,0,,residential,3
2017-01-26,Madavaram,0.325,3,1,0,1,Republic Day,residential,3
2017-01-27,Madavaram,0.282,4,1,0,0,,residential,3
2017-01-28,Madavaram,0.312,5,1,1,0,,residential,3
2017-01-29,Madavaram,0.307,6,1,1,0,,residential,3
2017-01-30,Madavaram,0.288,0,1,0,0,,residential,3
2017-01-31,Madavaram,0.27,1,1,0,0,,residential,3
2017-02-01,Madavaram,0.288,2,2,0,0,,residential,3
2017-02-02,Madavaram,0.276,3,2,0,0,,residential,3
2017-02-03,Madavaram,0.308,4,2,0,0,,residential,3
2017-02-04,Madavaram,0.3,5,2,1,0,,residential,3
2017-02-05,Madavaram,0.299,6,2,1,0,,residential,3
2017-02-06,Madavaram,0.301,0,2,0,0,,residential,3
2017-02-07,Madavaram,0.295,1,2,0,0,,residential,3
2017-02-08,Madavaram,0.283,2,2,0,0,,residential,3
2017-02-09,Madavaram,0.287,3,2,0,0,,residential,3
2017-02-10,Madavaram,0.267,4,2,0,0,,residential,3
2017-02-11,Madavaram,0.304,5,2,1,0,,residential,3
2017-02-12,Madavaram,0.3,6,2,1,0,,residential,3
2017-02-13,Madavaram,0.279,0,2,0,0,,residential,3
2017-02-14,Madavaram,0.283,1,2,0,0,,residential,3
2017-02-15,Madavaram,0.263,2,2,0,0,,residential,3
2017-02-16,Madavaram,0.271,3,2,0,0,,residential,3
2017-02-17,Madavaram,0.278,4,2,0,0,,residential,3
2017-02-18,Madavaram,0.303,5,2,1,0,,residential,3
2017-02-19,Madavaram,0.314,6,2,1,0,,residential,3
2017-02-20,Madavaram,0.299,0,2,0,0,,residential,3
2017-02-21,Madavaram,0.29,1,2,0,0,,residential,3
2017-02-22,Madavaram,0.289,2,2,0,0,,residential,3
2017-02-23,Madavaram,0.292,3,2,0,0,,residential,3
2017-02-24,Madavaram,0.282,4,2,0,0,,residential,3
2017-02-25,Madavaram,0.313,5,2,1,0,,residential,3
2017-02-26,Madavaram,0.315,6,2,1,0,,residential,3
2017-02-27,Madavaram,0.298,0,2,0,0,,residential,3
2017-02-28,Madavaram,0.279,1,2,0,0,,residential,3
2017-03-01,Madavaram,0.293,2,3,0,0,,residential,3
2017-03-02,Madavaram,0.289,3,3,0,0,,residential,3
2017-03-03,Madavaram,0.3,4,3,0,0,,residential,3
2017-03-04,Madavaram,0.325,5,3,1,0,,residential,3
2017-03-05,Madavaram,0.319,6,3,1,0,,residential,3
2017-03-06,Madavaram,0.305,0,3,0,0,,residential,3
2017-03-07,Madavaram,0.286,1,3,0,0,,residential,3
2017-03-08,Madavaram,0.305,2,3,0,0,,residential,3
2017-03-09,Madavaram,0.297,3,3,0,0,,residential,3
2017-03-10,Madavaram,0.289,4,3,0,0,,residential,3
2017-03-11,Madavaram,0.334,5,3,1,0,,residential,3
2017-03-12,Madavaram,0.32,6,3,1,0,,residential,3
2017-03-13,Madavaram,0.298,0,3,0,0,,residential,3
2017-03-14,Madavaram,0.305,1,3,0,0,,residential,3
2017-03-15,Madavaram,0.292,2,3,0,0,,residential,3
2017-03-16,Madavaram,0.293,3,3,0,0,,residential,3
2017-03-17,Madavaram,0.297,4,3,0,0,,residential,3
2017-03-18,Madavaram,0.337,5,3,1,0,,residential,3
2017-03-19,Madavaram,0.326,6,3,1,0,,residential,3
2017-03-20,Madavaram,0.3,0,3,0,0,,residential,3
2017-03-21,Madavaram,0.301,1,3,0,0,,residential,3
2017-03-22,Madavaram,0.292,2,3,0,0,,residential,3
2017-03-23,Madavaram,0.313,3,3,0,0,,residential,3
2017-03-24,Madavaram,0.296,4,3,0,0,,residential,3
2017-03-25,Madavaram,0.304,5,3,1,0,,residential,3
2017-03-26,Madavaram,0.329,6,3,1,0,,residential,3
2017-03-27,Madavaram,0.329,0,3,0,0,,residential,3
2017-03-28,Madavaram,0.31,1,3,0,0,,residential,3
2017-03-29,Madavaram,0.313,2,3,0,0,,residential,3
2017-03-30,Madavaram,0.287,3,3,0,0,,residential,3
2017-03-31,Madavaram,0.304,4,3,0,0,,residential,3
2017-04-01,Madavaram,0.297,5,4,1,0,,residential,3
2017-04-02,Madavaram,0.306,6,4,1,0,,residential,3
2017-04-03,Madavaram,0.279,0,4,0,0,,residential,3
2017-04-04,Madavaram,0.271,1,4,0,0,,residential,3
2017-04-05,Madavaram,0.271,2,4,0,0,,residential,3
2017-04-06,Madavaram,0.284,3,4,0,0,,residential,3
2017-04-07,Madavaram,0.283,4,4,0,0,,residential,3
2017-04-08,Madavaram,0.306,5,4,1,0,,residential,3
2017-04-09,Madavaram,0.291,6,4,1,0,,residential,3
2017-04-10,Madavaram,0.287,0,4,0,0,,residential,3
2017-04-11,Madavaram,0.27,1,4,0,0,,residential,3
2017-04-12,Madavaram,0.283,2,4,0,0,,residential,3
2017-04-13,Madavaram,0.322,3,4,0,1,Tamil New Year,residential,3
2017-04-14,Madavaram,0.356,4,4,0,1,Tamil New Year,residential,3
2017-04-15,Madavaram,0.334,5,4,1,1,Tamil New Year,residential,3
2017-04-16,Madavaram,0.279,6,4,1,0,,residential,3
2017-04-17,Madavaram,0.275,0,4,0,0,,residential,3
2017-04-18,Madavaram,0.288,1,4,0,0,,residential,3
2017-04-19,Madavaram,0.273,2,4,0,0,,residential,3
2017-04-20,Madavaram,0.297,3,4,0,1,Eid,residential,3
2017-04-21,Madavaram,0.348,4,4,0,1,Eid,residential,3
2017-04-22,Madavaram,0.347,5,4,1,1,Eid,residential,3
2017-04-23,Madavaram,0.304,6,4,1,0,,residential,3
2017-04-24,Madavaram,0.287,0,4,0,0,,residential,3
2017-04-25,Madavaram,0.275,1,4,0,0,,residential,3
2017-04-26,Madavaram,0.278,2,4,0,0,,residential,3
2017-04-27,Madavaram,0.289,3,4,0,0,,residential,3
2017-04-28,Madavaram,0.28,4,4,0,0,,residential,3
2017-04-29,Madavaram,0.31,5,4,1,0,,residential,3
2017-04-30,Madavaram,0.314,6,4,1,0,,residential,3
2017-05-01,Madavaram,0.28,0,5,0,0,,residential,3
2017-05-02,Madavaram,0.282,1,5,0,0,,residential,3
2017-05-03,Madavaram,0.274,2,5,0,0,,residential,3
2017-05-04,Madavaram,0.255,3,5,0,0,,residential,3
2017-05-05,Madavaram,0.259,4,5,0,0,,residential,3
2017-05-06,Madavaram,0.295,5,5,1,0,,residential,3
2017-05-07,Madavaram,0.309,6,5,1,0,,residential,3
2017-05-08,Madavaram,0.291,0,5,0,0,,residential,3
2017-05-09,Madavaram,0.278,1,5,0,0,,residential,3
2017-05-10,Madavaram,0.292,2,5,0,0,,residential,3
2017-05-11,Madavaram,0.266,3,5,0,0,,residential,3
2017-05-12,Madavaram,0.276,4,5,0,0,,residential,3
2017-05-13,Madavaram,0.307,5,5,1,0,,residential,3
2017-05-14,Madavaram,0.297,6,5,1,0,,residential,3
2017-05-15,Madavaram,0.29,0,5,0,0,,residential,3
2017-05-16,Madavaram,0.263,1,5,0,0,,residential,3
2017-05-17,Madavaram,0.288,2,5,0,0,,residential,3
2017-05-18,Madavaram,0.271,3,5,0,0,,residential,3
2017-05-19,Madavaram,0.293,4,5,0,0,,residential,3
2017-05-20,Madavaram,0.303,5,5,1,0,,residential,3
2017-05-21,Madavaram,0.313,6,5,1,0,,residential,3
2017-05-22,Madavaram,0.29,0,5,0,0,,residential,3
2017-05-23,Madavaram,0.276,1,5,0,0,,residential,3
2017-05-24,Madavaram,0.271,2,5,0,0,,residential,3
2017-05-25,Madavaram,0.277,3,5,0,0,,residential,3
2017-05-26,Madavaram,0.279,4,5,0,0,,residential,3
2017-05-27,Madavaram,0.297,5,5,1,0,,residential,3
2017-05-28,Madavaram,0.303,6,5,1,0,,residential,3
2017-05-29,Madavaram,0.285,0,5,0,0,,residential,3
2017-05-30,Madavaram,0.295,1,5,0,0,,residential,3
2017-05-31,Madavaram,0.275,2,5,0,0,,residential,3
2017-06-01,Madavaram,0.261,3,6,0,0,,residential,3
2017-06-02,Madavaram,0.248,4,6,0,0,,residential,3
2017-06-03,Madavaram,0.277,5,6,1,0,,residential,3
2017-06-04,Madavaram,0.264,6,6,1,0,,residential,3
2017-06-05,Madavaram,0.259,0,6,0,0,,residential,3
2017-06-06,Madavaram,0.251,1,6,0,0,,residential,3
2017-06-07,Madavaram,0.262,2,6,0,0,,residential,3
2017-06-08,Madavaram,0.252,3,6,0,0,,residential,3
2017-06-09,Madavaram,0.26,4,6,0,0,,residential,3
2017-06-10,Madavaram,0.28,5,6,1,0,,residential,3
2017-06-11,Madavaram,0.288,6,6,1,0,,residential,3
2017-06-12,Madavaram,0.262,0,6,0,0,,residential,3
2017-06-13,Madavaram,0.268,1,6,0,0,,residential,3
2017-06-14,Madavaram,0.246,2,6,0,0,,residential,3
2017-06-15,Madavaram,0.244,3,6,0,0,,residential,3
2017-06-16,Madavaram,0.241,4,6,0,0,,residential,3
2017-06-17,Madavaram,0.294,5,6,1,0,,residential,3
2017-06-18,Madavaram,0.282,6,6,1,0,,residential,3
2017-06-19,Madavaram,0.26,0,6,0,0,,residential,3
2017-06-20,Madavaram,0.259,1,6,0,0,,residential,3
2017-06-21,Madavaram,0.255,2,6,0,0,,residential,3
2017-06-22,Madavaram,0.265,3,6,0,0,,residential,3
2017-06-23,Madavaram,0.238,4,6,0,0,,residential,3
2017-06-24,Madavaram,0.273,5,6,1,0,,residential,3
2017-06-25,Madavaram,0.271,6,6,1,0,,residential,3
2017-06-26,Madavaram,0.247,0,6,0,0,,residential,3
2017-06-27,Madavaram,0.258,1,6,0,0,,residential,3
2017-06-28,Madavaram,0.248,2,6,0,0,,residential,3
2017-06-29,Madavaram,0.255,3,6,0,0,,residential,3
2017-06-30,Madavaram,0.268,4,6,0,0,,residential,3
2017-07-01,Madavaram,0.272,5,7,1,0,,residential,3
2017-07-02,Madavaram,0.271,6,7,1,0,,residential,3
2017-07-03,Madavaram,0.263,0,7,0,0,,residential,3
2017-07-04,Madavaram,0.257,1,7,0,0,,residential,3
2017-07-05,Madavaram,0.246,2,7,0,0,,residential,3
2017-07-06,Madavaram,0.245,3,7,0,0,,residential,3
2017-07-07,Madavaram,0.258,4,7,0,0,,residential,3
2017-07-08,Madavaram,0.278,5,7,1,0,,residential,3
2017-07-09,Madavaram,0.258,6,7,1,0,,residential,3
2017-07-10,Madavaram,0.253,0,7,0,0,,residential,3
2017-07-11,Madavaram,0.261,1,7,0,0,,residential,3
2017-07-12,Madavaram,0.253,2,7,0,0,,residential,3
2017-07-13,Madavaram,0.244,3,7,0,0,,residential,3
2017-07-14,Madavaram,0.249,4,7,0,0,,residential,3
2017-07-15,Madavaram,0.275,5,7,1,0,,residential,3
2017-07-16,Madavaram,0.281,6,7,1,0,,residential,3
2017-07-17,Madavaram,0.252,0,7,0,0,,residential,3
2017-07-18,Madavaram,0.244,1,7,0,0,,residential,3
2017-07-19,Madavaram,0.252,2,7,0,0,,residential,3
2017-07-20,Madavaram,0.249,3,7,0,0,,residential,3
2017-07-21,Madavaram,0.254,4,7,0,0,,residential,3
2017-07-22,Madavaram,0.265,5,7,1,0,,residential,3
2017-07-23,Madavaram,0.278,6,7,1,0,,residential,3
2017-07-24,Madavaram,0.271,0,7,0,0,,residential,3
2017-07-25,Madavaram,0.254,1,7,0,0,,residential,3
2017-07-26,Madavaram,0.251,2,7,0,0,,residential,3
2017-07-27,Madavaram,0.249,3,7,0,0,,residential,3
2017-07-28,Madavaram,0.244,4,7,0,0,,residential,3
2017-07-29,Madavaram,0.274,5,7,1,0,,residential,3
2017-07-30,Madavaram,0.285,6,7,1,0,,residential,3
2017-07-31,Madavaram,0.261,0,7,0,0,,residential,3
2017-08-01,Madavaram,0.243,1,8,0,0,,residential,3
2017-08-02,Madavaram,0.246,2,8,0,0,,residential,3
2017-08-03,Madavaram,0.251,3,8,0,0,,residential,3
2017-08-04,Madavaram,0.247,4,8,0,0,,residential,3
2017-08-05,Madavaram,0.279,5,8,1,0,,residential,3
2017-08-06,Madavaram,0.279,6,8,1,0,,residential,3
2017-08-07,Madavaram,0.269,0,8,0,0,,residential,3
2017-08-08,Madavaram,0.261,1,8,0,0,,residential,3
2017-08-09,Madavaram,0.257,2,8,0,0,,residential,3
2017-08-10,Madavaram,0.243,3,8,0,0,,residential,3
2017-08-11,Madavaram,0.243,4,8,0,0,,residential,3
2017-08-12,Madavaram,0.274,5,8,1,0,,residential,3
2017-08-13,Madavaram,0.271,6,8,1,0,,residential,3
2017-08-14,Madavaram,0.253,0,8,0,0,,residential,3
2017-08-15,Madavaram,0.271,1,8,0,1,Independence,residential,3
2017-08-16,Madavaram,0.246,2,8,0,0,,residential,3
2017-08-17,Madavaram,0.245,3,8,0,0,,residential,3
2017-08-18,Madavaram,0.247,4,8,0,0,,residential,3
2017-08-19,Madavaram,0.285,5,8,1,0,,residential,3
2017-08-20,Madavaram,0.276,6,8,1,0,,residential,3
2017-08-21,Madavaram,0.282,0,8,0,0,,residential,3
2017-08-22,Madavaram,0.251,1,8,0,0,,residential,3
2017-08-23,Madavaram,0.248,2,8,0,0,,residential,3
2017-08-24,Madavaram,0.25,3,8,0,0,,residential,3
2017-08-25,Madavaram,0.252,4,8,0,0,,residential,3
2017-08-26,Madavaram,0.278,5,8,1,0,,residential,3
2017-08-27,Madavaram,0.292,6,8,1,0,,residential,3
2017-08-28,Madavaram,0.256,0,8,0,0,,residential,3
2017-08-29,Madavaram,0.256,1,8,0,0,,residential,3
2017-08-30,Madavaram,0.251,2,8,0,0,,residential,3
2017-08-31,Madavaram,0.238,3,8,0,0,,residential,3
2017-09-01,Madavaram,0.256,4,9,0,0,,residential,3
2017-09-02,Madavaram,0.285,5,9,1,0,,residential,3
2017-09-03,Madavaram,0.268,6,9,1,0,,residential,3
2017-09-04,Madavaram,0.262,0,9,0,0,,residential,3
2017-09-05,Madavaram,0.237,1,9,0,0,,residential,3
2017-09-06,Madavaram,0.24,2,9,0,0,,residential,3
2017-09-07,Madavaram,0.258,3,9,0,0,,residential,3
2017-09-08,Madavaram,0.275,4,9,0,1,Ganesh Chathurthi,residential,3
2017-09-09,Madavaram,0.328,5,9,1,1,Ganesh Chathurthi,residential,3
2017-09-10,Madavaram,0.374,6,9,1,1,Ganesh Chathurthi,residential,3
2017-09-11,Madavaram,0.319,0,9,0,1,Ganesh Chathurthi,residential,3
2017-09-12,Madavaram,0.275,1,9,0,1,Ganesh Chathurthi,residential,3
2017-09-13,Madavaram,0.255,2,9,0,0,,residential,3
2017-09-14,Madavaram,0.241,3,9,0,0,,residential,3
2017-09-15,Madavaram,0.243,4,9,0,0,,residential,3
2017-09-16,Madavaram,0.276,5,9,1,0,,residential,3
2017-09-17,Madavaram,0.283,6,9,1,0,,residential,3
2017-09-18,Madavaram,0.272,0,9,0,0,,residential,3
2017-09-19,Madavaram,0.245,1,9,0,0,,residential,3
2017-09-20,Madavaram,0.257,2,9,0,0,,residential,3
2017-09-21,Madavaram,0.244,3,9,0,0,,residential,3
2017-09-22,Madavaram,0.264,4,9,0,0,,residential,3
2017-09-23,Madavaram,0.266,5,9,1,0,,residential,3
2017-09-24,Madavaram,0.286,6,9,1,0,,residential,3
2017-09-25,Madavaram,0.257,0,9,0,0,,residential,3
2017-09-26,Madavaram,0.265,1,9,0,0,,residential,3
2017-09-27,Madavaram,0.254,2,9,0,0,,residential,3
2017-09-28,Madavaram,0.242,3,9,0,0,,residential,3
2017-09-29,Madavaram,0.246,4,9,0,0,,residential,3
2017-09-30,Madavaram,0.281,5,9,1,0,,residential,3
2017-10-01,Madavaram,0.298,6,10,1,0,,residential,3
2017-10-02,Madavaram,0.276,0,10,0,0,,residential,3
2017-10-03,Madavaram,0.263,1,10,0,0,,residential,3
2017-10-04,Madavaram,0.303,2,10,0,1,Dussehra,residential,3
2017-10-05,Madavaram,0.33,3,10,0,1,Dussehra,residential,3
2017-10-06,Madavaram,0.284,4,10,0,1,Dussehra,residential,3
2017-10-07,Madavaram,0.282,5,10,1,0,,residential,3
2017-10-08,Madavaram,0.291,6,10,1,0,,residential,3
2017-10-09,Madavaram,0.286,0,10,0,0,,residential,3
2017-10-10,Madavaram,0.276,1,10,0,0,,residential,3
2017-10-11,Madavaram,0.269,2,10,0,0,,residential,3
2017-10-12,Madavaram,0.265,3,10,0,0,,residential,3
2017-10-13,Madavaram,0.269,4,10,0,0,,residential,3
2017-10-14,Madavaram,0.284,5,10,1,0,,residential,3
2017-10-15,Madavaram,0.288,6,10,1,0,,residential,3
2017-10-16,Madavaram,0.269,0,10,0,0,,residential,3
2017-10-17,Madavaram,0.253,1,10,0,0,,residential,3
2017-10-18,Madavaram,0.266,2,10,0,0,,residential,3
2017-10-19,Madavaram,0.264,3,10,0,0,,residential,3
2017-10-20,Madavaram,0.268,4,10,0,0,,residential,3
2017-10-21,Madavaram,0.294,5,10,1,0,,residential,3
2017-10-22,Madavaram,0.33,6,10,1,1,Deepavali,residential,3
2017-10-23,Madavaram,0.356,0,10,0,1,Deepavali,residential,3
2017-10-24,Madavaram,0.368,1,10,0,1,Deepavali,residential,3
2017-10-25,Madavaram,0.337,2,10,0,1,Deepavali,residential,3
2017-10-26,Madavaram,0.292,3,10,0,1,Deepavali,residential,3
2017-10-27,Madavaram,0.266,4,10,0,0,,residential,3
2017-10-28,Madavaram,0.295,5,10,1,0,,residential,3
2017-10-29,Madavaram,0.284,6,10,1,0,,residential,3
2017-10-30,Madavaram,0.277,0,10,0,0,,residential,3
2017-10-31,Madavaram,0.258,1,10,0,0,,residential,3
2017-11-01,Madavaram,0.259,2,11,0,0,,residential,3
2017-11-02,Madavaram,0.254,3,11,0,0,,residential,3
2017-11-03,Madavaram,0.273,4,11,0,0,,residential,3
2017-11-04,Madavaram,0.299,5,11,1,0,,residential,3
2017-11-05,Madavaram,0.294,6,11,1,0,,residential,3
2017-11-06,Madavaram,0.293,0,11,0,0,,residential,3
2017-11-07,Madavaram,0.262,1,11,0,0,,residential,3
2017-11-08,Madavaram,0.287,2,11,0,0,,residential,3
2017-11-09,Madavaram,0.261,3,11,0,0,,residential,3
2017-11-10,Madavaram,0.265,4,11,0,0,,residential,3
2017-11-11,Madavaram,0.286,5,11,1,0,,residential,3
2017-11-12,Madavaram,0.293,6,11,1,0,,residential,3
2017-11-13,Madavaram,0.283,0,11,0,0,,residential,3
2017-11-14,Madavaram,0.262,1,11,0,0,,residential,3
2017-11-15,Madavaram,0.277,2,11,0,0,,residential,3
2017-11-16,Madavaram,0.265,3,11,0,0,,residential,3
2017-11-17,Madavaram,0.265,4,11,0,0,,residential,3
2017-11-18,Madavaram,0.281,5,11,1,0,,residential,3
2017-11-19,Madavaram,0.293,6,11,1,0,,residential,3
2017-11-20,Madavaram,0.275,0,11,0,0,,residential,3
2017-11-21,Madavaram,0.258,1,11,0,0,,residential,3
2017-11-22,Madavaram,0.257,2,11,0,0,,residential,3
2017-11-23,Madavaram,0.284,3,11,0,0,,residential,3
2017-11-24,Madavaram,0.261,4,11,0,0,,residential,3
2017-11-25,Madavaram,0.277,5,11,1,0,,residential,3
2017-11-26,Madavaram,0.283,6,11,1,0,,residential,3
2017-11-27,Madavaram,0.276,0,11,0,0,,residential,3
2017-11-28,Madavaram,0.267,1,11,0,0,,residential,3
2017-11-29,Madavaram,0.267,2,11,0,0,,residential,3
2017-11-30,Madavaram,0.268,3,11,0,0,,residential,3
2017-12-01,Madavaram,0.258,4,12,0,0,,residential,3
2017-12-02,Madavaram,0.292,5,12,1,0,,residential,3
2017-12-03,Madavaram,0.282,6,12,1,0,,residential,3
2017-12-04,Madavaram,0.271,0,12,0,0,,residential,3
2017-12-05,Madavaram,0.256,1,12,0,0,,residential,3
2017-12-06,Madavaram,0.254,2,12,0,0,,residential,3
2017-12-07,Madavaram,0.271,3,12,0,0,,residential,3
2017-12-08,Madavaram,0.268,4,12,0,0,,residential,3
2017-12-09,Madavaram,0.298,5,12,1,0,,residential,3
2017-12-10,Madavaram,0.29,6,12,1,0,,residential,3
2017-12-11,Madavaram,0.283,0,12,0,0,,residential,3
2017-12-12,Madavaram,0.249,1,12,0,0,,residential,3
2017-12-13,Madavaram,0.27,2,12,0,0,,residential,3
2017-12-14,Madavaram,0.264,3,12,0,0,,residential,3
2017-12-15,Madavaram,0.268,4,12,0,0,,residential,3
2017-12-16,Madavaram,0.293,5,12,1,0,,residential,3
2017-12-17,Madavaram,0.281,6,12,1,0,,residential,3
2017-12-18,Madavaram,0.264,0,12,0,0,,residential,3
2017-12-19,Madavaram,0.257,1,12,0,0,,residential,3
2017-12-20,Madavaram,0.267,2,12,0,0,,residential,3
2017-12-21,Madavaram,0.268,3,12,0,0,,residential,3
2017-12-22,Madavaram,0.252,4,12,0,0,,residential,3
2017-12-23,Madavaram,0.281,5,12,1,0,,residential,3
2017-12-24,Madavaram,0.304,6,12,1,1,Christmas,residential,3
2017-12-25,Madavaram,0.314,0,12,0,1,Christmas,residential,3
2017-12-26,Madavaram,0.271,1,12,0,1,Christmas,residential,3
2017-12-27,Madavaram,0.252,2,12,0,0,,residential,3
2017-12-28,Madavaram,0.257,3,12,0,0,,residential,3
2017-12-29,Madavaram,0.264,4,12,0,0,,residential,3
2017-12-30,Madavaram,0.307,5,12,1,1,New Year,residential,3
2017-12-31,Madavaram,0.346,6,12,1,1,New Year,residential,3
2018-01-01,Madavaram,0.285,0,1,0,0,,residential,3
2018-01-02,Madavaram,0.253,1,1,0,0,,residential,3
2018-01-03,Madavaram,0.261,2,1,0,0,,residential,3
2018-01-04,Madavaram,0.271,3,1,0,0,,residential,3
2018-01-05,Madavaram,0.26,4,1,0,0,,residential,3
2018-01-06,Madavaram,0.284,5,1,1,0,,residential,3
2018-01-07,Madavaram,0.299,6,1,1,0,,residential,3
2018-01-08,Madavaram,0.274,0,1,0,0,,residential,3
2018-01-09,Madavaram,0.272,1,1,0,0,,residential,3
2018-01-10,Madavaram,0.266,2,1,0,0,,residential,3
2018-01-11,Madavaram,0.26,3,1,0,0,,residential,3
2018-01-12,Madavaram,0.293,4,1,0,1,Pongal,residential,3
2018-01-13,Madavaram,0.351,5,1,1,1,Pongal,residential,3
2018-01-14,Madavaram,0.388,6,1,1,1,Pongal,residential,3
2018-01-15,Madavaram,0.326,0,1,0,1,Pongal,residential,3
2018-01-16,Madavaram,0.29,1,1,0,1,Pongal,residential,3
2018-01-17,Madavaram,0.263,2,1,0,0,,residential,3
2018-01-18,Madavaram,0.269,3,1,0,0,,residential,3
2018-01-19,Madavaram,0.255,4,1,0,0,,residential,3
2018-01-20,Madavaram,0.298,5,1,1,0,,residential,3
2018-01-21,Madavaram,0.293,6,1,1,0,,residential,3
2018-01-22,Madavaram,0.265,0,1,0,0,,residential,3
2018-01-23,Madavaram,0.273,1,1,0,0,,residential,3
2018-01-24,Madavaram,0.281,2,1,0,0,,residential,3
2018-01-25,Madavaram,0.271,3,1,0,0,,residential,3
2018-01-26,Madavaram,0.302,4,1,0,1,Republic Day,residential,3
2018-01-27,Madavaram,0.29,5,1,1,0,,residential,3
2018-01-28,Madavaram,0.275,6,1,1,0,,residential,3
2018-01-29,Madavaram,0.261,0,1,0,0,,residential,3
2018-01-30,Madavaram,0.265,1,1,0,0,,residential,3
2018-01-31,Madavaram,0.258,2,1,0,0,,residential,3
2018-02-01,Madavaram,0.256,3,2,0,0,,residential,3
2018-02-02,Madavaram,0.263,4,2,0,0,,residential,3
2018-02-03,Madavaram,0.295,5,2,1,0,,residential,3
2018-02-04,Madavaram,0.277,6,2,1,0,,residential,3
2018-02-05,Madavaram,0.272,0,2,0,0,,residential,3
2018-02-06,Madavaram,0.275,1,2,0,0,,residential,3
2018-02-07,Madavaram,0.255,2,2,0,0,,residential,3
2018-02-08,Madavaram,0.27,3,2,0,0,,residential,3
2018-02-09,Madavaram,0.259,4,2,0,0,,residential,3
2018-02-10,Madavaram,0.294,5,2,1,0,,residential,3
2018-02-11,Madavaram,0.299,6,2,1,0,,residential,3
2018-02-12,Madavaram,0.282,0,2,0,0,,residential,3
2018-02-13,Madavaram,0.27,1,2,0,0,,residential,3
2018-02-14,Madavaram,0.254,2,2,0,0,,residential,3
2018-02-15,Madavaram,0.272,3,2,0,0,,residential,3
2018-02-16,Madavaram,0.256,4,2,0,0,,residential,3
2018-02-17,Madavaram,0.292,5,2,1,0,,residential,3
2018-02-18,Madavaram,0.292,6,2,1,0,,residential,3
2018-02-19,Madavaram,0.28,0,2,0,0,,residential,3
2018-02-20,Madavaram,0.266,1,2,0,0,,residential,3
2018-02-21,Madavaram,0.256,2,2,0,0,,residential,3
2018-02-22,Madavaram,0.252,3,2,0,0,,residential,3
2018-02-23,Madavaram,0.27,4,2,0,0,,residential,3
2018-02-24,Madavaram,0.291,5,2,1,0,,residential,3
2018-02-25,Madavaram,0.299,6,2,1,0,,residential,3
2018-02-26,Madavaram,0.276,0,2,0,0,,residential,3
2018-02-27,Madavaram,0.252,1,2,0,0,,residential,3
2018-02-28,Madavaram,0.271,2,2,0,0,,residential,3
2018-03-01,Madavaram,0.273,3,3,0,0,,residential,3
2018-03-02,Madavaram,0.279,4,3,0,0,,residential,3
2018-03-03,Madavaram,0.298,5,3,1,0,,residential,3
2018-03-04,Madavaram,0.319,6,3,1,0,,residential,3
2018-03-05,Madavaram,0.282,0,3,0,0,,residential,3
2018-03-06,Madavaram,0.273,1,3,0,0,,residential,3
2018-03-07,Madavaram,0.277,2,3,0,0,,residential,3
2018-03-08,Madavaram,0.267,3,3,0,0,,residential,3
2018-03-09,Madavaram,0.279,4,3,0,0,,residential,3
2018-03-10,Madavaram,0.318,5,3,1,0,,residential,3
2018-03-11,Madavaram,0.299,6,3,1,0,,residential,3
2018-03-12,Madavaram,0.293,0,3,0,0,,residential,3
2018-03-13,Madavaram,0.253,1,3,0,0,,residential,3
2018-03-14,Madavaram,0.276,2,3,0,0,,residential,3
2018-03-15,Madavaram,0.274,3,3,0,0,,residential,3
2018-03-16,Madavaram,0.269,4,3,0,0,,residential,3
2018-03-17,Madavaram,0.314,5,3,1,0,,residential,3
2018-03-18,Madavaram,0.301,6,3,1,0,,residential,3
2018-03-19,Madavaram,0.288,0,3,0,0,,residential,3
2018-03-20,Madavaram,0.273,1,3,0,0,,residential,3
2018-03-21,Madavaram,0.26,2,3,0,0,,residential,3
2018-03-22,Madavaram,0.267,3,3,0,0,,residential,3
2018-03-23,Madavaram,0.284,4,3,0,0,,residential,3
2018-03-24,Madavaram,0.285,5,3,1,0,,residential,3
2018-03-25,Madavaram,0.297,6,3,1,0,,residential,3
2018-03-26,Madavaram,0.286,0,3,0,0,,residential,3
2018-03-27,Madavaram,0.291,1,3,0,0,,residential,3
2018-03-28,Madavaram,0.283,2,3,0,0,,residential,3
2018-03-29,Madavaram,0.272,3,3,0,0,,residential,3
2018-03-30,Madavaram,0.287,4,3,0,0,,residential,3
2018-03-31,Madavaram,0.297,5,3,1,0,,residential,3
2015-04-01,Manali,0.191,2,4,0,0,,industrial,2
2015-04-02,Manali,0.193,3,4,0,0,,industrial,2
2015-04-03,Manali,0.187,4,4,0,0,,industrial,2
2015-04-04,Manali,0.177,5,4,1,0,,industrial,2
2015-04-05,Manali,0.179,6,4,1,0,,industrial,2
2015-04-06,Manali,0.2,0,4,0,0,,industrial,2
2015-04-07,Manali,0.188,1,4,0,0,,industrial,2
2015-04-08,Manali,0.187,2,4,0,0,,industrial,2
2015-04-09,Manali,0.187,3,4,0,0,,industrial,2
2015-04-10,Manali,0.178,4,4,0,0,,industrial,2
2015-04-11,Manali,0.176,5,4,1,0,,industrial,2
2015-04-12,Manali,0.165,6,4,1,0,,industrial,2
2015-04-13,Manali,0.212,0,4,0,1,Tamil New Year,industrial,2
2015-04-14,Manali,0.239,1,4,0,1,Tamil New Year,industrial,2
2015-04-15,Manali,0.212,2,4,0,1,Tamil New Year,industrial,2
2015-04-16,Manali,0.192,3,4,0,0,,industrial,2
2015-04-17,Manali,0.183,4,4,0,0,,industrial,2
2015-04-18,Manali,0.166,5,4,1,0,,industrial,2
2015-04-19,Manali,0.171,6,4,1,0,,industrial,2
2015-04-20,Manali,0.213,0,4,0,1,Eid,industrial,2
2015-04-21,Manali,0.221,1,4,0,1,Eid,industrial,2
2015-04-22,Manali,0.209,2,4,0,1,Eid,industrial,2
2015-04-23,Manali,0.182,3,4,0,0,,industrial,2
2015-04-24,Manali,0.186,4,4,0,0,,industrial,2
2015-04-25,Manali,0.167,5,4,1,0,,industrial,2
2015-04-26,Manali,0.174,6,4,1,0,,industrial,2
2015-04-27,Manali,0.193,0,4,0,0,,industrial,2
2015-04-28,Manali,0.18,1,4,0,0,,industrial,2
2015-04-29,Manali,0.183,2,4,0,0,,industrial,2
2015-04-30,Manali,0.183,3,4,0,0,,industrial,2
2015-05-01,Manali,0.183,4,5,0,0,,industrial,2
2015-05-02,Manali,0.181,5,5,1,0,,industrial,2
2015-05-03,Manali,0.172,6,5,1,0,,industrial,2
2015-05-04,Manali,0.192,0,5,0,0,,industrial,2
2015-05-05,Manali,0.173,1,5,0,0,,industrial,2
2015-05-06,Manali,0.179,2,5,0,0,,industrial,2
2015-05-07,Manali,0.183,3,5,0,0,,industrial,2
2015-05-08,Manali,0.18,4,5,0,0,,industrial,2
2015-05-09,Manali,0.179,5,5,1,0,,industrial,2
2015-05-10,Manali,0.171,6,5,1,0,,industrial,2
2015-05-11,Manali,0.201,0,5,0,0,,industrial,2
2015-05-12,Manali,0.184,1,5,0,0,,industrial,2
2015-05-13,Manali,0.184,2,5,0,0,,industrial,2
2015-05-14,Manali,0.184,3,5,0,0,,industrial,2
2015-05-15,Manali,0.184,4,5,0,0,,industrial,2
2015-05-16,Manali,0.181,5,5,1,0,,industrial,2
2015-05-17,Manali,0.16,6,5,1,0,,industrial,2
2015-05-18,Manali,0.182,0,5,0,0,,industrial,2
2015-05-19,Manali,0.181,1,5,0,0,,industrial,2
2015-05-20,Manali,0.184,2,5,0,0,,industrial,2
2015-05-21,Manali,0.188,3,5,0,0,,industrial,2
2015-05-22,Manali,0.187,4,5,0,0,,industrial,2
2015-05-23,Manali,0.17,5,5,1,0,,industrial,2
2015-05-24,Manali,0.177,6,5,1,0,,industrial,2
2015-05-25,Manali,0.199,0,5,0,0,,industrial,2
2015-05-26,Manali,0.185,1,5,0,0,,industrial,2
2015-05-27,Manali,0.189,2,5,0,0,,industrial,2
2015-05-28,Manali,0.186,3,5,0,0,,industrial,2
2015-05-29,Manali,0.181,4,5,0,0,,industrial,2
2015-05-30,Manali,0.176,5,5,1,0,,industrial,2
2015-05-31,Manali,0.173,6,5,1,0,,industrial,2
2015-06-01,Manali,0.175,0,6,0,0,,industrial,2
2015-06-02,Manali,0.174,1,6,0,0,,industrial,2
2015-06-03,Manali,0.154,2,6,0,0,,industrial,2
2015-06-04,Manali,0.159,3,6,0,0,,industrial,2
2015-06-05,Manali,0.161,4,6,0,0,,industrial,2
2015-06-06,Manali,0.154,5,6,1,0,,industrial,2
2015-06-07,Manali,0.155,6,6,1,0,,industrial,2
2015-06-08,Manali,0.167,0,6,0,0,,industrial,2
2015-06-09,Manali,0.162,1,6,0,0,,industrial,2
2015-06-10,Manali,0.162,2,6,0,0,,industrial,2
2015-06-11,Manali,0.179,3,6,0,0,,industrial,2
2015-06-12,Manali,0.176,4,6,0,0,,industrial,2
2015-06-13,Manali,0.154,5,6,1,0,,industrial,2
2015-06-14,Manali,0.154,6,6,1,0,,industrial,2
2015-06-15,Manali,0.169,0,6,0,0,,industrial,2
2015-06-16,Manali,0.157,1,6,0,0,,industrial,2
2015-06-17,Manali,0.166,2,6,0,0,,industrial,2
2015-06-18,Manali,0.162,3,6,0,0,,industrial,2
2015-06-19,Manali,0.166,4,6,0,0,,industrial,2
2015-06-20,Manali,0.148,5,6,1,0,,industrial,2
2015-06-21,Manali,0.152,6,6,1,0,,industrial,2
2015-06-22,Manali,0.176,0,6,0,0,,industrial,2
2015-06-23,Manali,0.168,1,6,0,0,,industrial,2
2015-06-24,Manali,0.169,2,6,0,0,,industrial,2
2015-06-25,Manali,0.16,3,6,0,0,,industrial,2
2015-06-26,Manali,0.171,4,6,0,0,,industrial,2
2015-06-27,Manali,0.152,5,6,1,0,,industrial,2
2015-06-28,Manali,0.159,6,6,1,0,,industrial,2
2015-06-29,Manali,0.175,0,6,0,0,,industrial,2
2015-06-30,Manali,0.16,1,6,0,0,,industrial,2
2015-07-01,Manali,0.165,2,7,0,0,,industrial,2
2015-07-02,Manali,0.168,3,7,0,0,,industrial,2
2015-07-03,Manali,0.17,4,7,0,0,,industrial,2
2015-07-04,Manali,0.155,5,7,1,0,,industrial,2
2015-07-05,Manali,0.163,6,7,1,0,,industrial,2
2015-07-06,Manali,0.18,0,7,0,0,,industrial,2
2015-07-07,Manali,0.165,1,7,0,0,,industrial,2
2015-07-08,Manali,0.17,2,7,0,0,,industrial,2
2015-07-09,Manali,0.176,3,7,0,0,,industrial,2
2015-07-10,Manali,0.176,4,7,0,0,,industrial,2
2015-07-11,Manali,0.15,5,7,1,0,,industrial,2
2015-07-12,Manali,0.151,6,7,1,0,,industrial,2
2015-07-13,Manali,0.183,0,7,0,0,,industrial,2
2015-07-14,Manali,0.161,1,7,0,0,,industrial,2
2015-07-15,Manali,0.16,2,7,0,0,,industrial,2
2015-07-16,Manali,0.164,3,7,0,0,,industrial,2
2015-07-17,Manali,0.169,4,7,0,0,,industrial,2
2015-07-18,Manali,0.155,5,7,1,0,,industrial,2
2015-07-19,Manali,0.153,6,7,1,0,,industrial,2
2015-07-20,Manali,0.171,0,7,0,0,,industrial,2
2015-07-21,Manali,0.163,1,7,0,0,,industrial,2
2015-07-22,Manali,0.162,2,7,0,0,,industrial,2
2015-07-23,Manali,0.178,3,7,0,0,,industrial,2
2015-07-24,Manali,0.168,4,7,0,0,,industrial,2
2015-07-25,Manali,0.16,5,7,1,0,,industrial,2
2015-07-26,Manali,0.153,6,7,1,0,,industrial,2
2015-07-27,Manali,0.174,0,7,0,0,,industrial,2
2015-07-28,Manali,0.163,1,7,0,0,,industrial,2
2015-07-29,Manali,0.153,2,7,0,0,,industrial,2
2015-07-30,Manali,0.16,3,7,0,0,,industrial,2
2015-07-31,Manali,0.158,4,7,0,0,,industrial,2
2015-08-01,Manali,0.145,5,8,1,0,,industrial,2
2015-08-02,Manali,0.15,6,8,1,0,,industrial,2
2015-08-03,Manali,0.182,0,8,0,0,,industrial,2
2015-08-04,Manali,0.166,1,8,0,0,,industrial,2
2015-08-05,Manali,0.173,2,8,0,0,,industrial,2
2015-08-06,Manali,0.169,3,8,0,0,,industrial,2
2015-08-07,Manali,0.17,4,8,0,0,,industrial,2
2015-08-08,Manali,0.152,5,8,1,0,,industrial,2
2015-08-09,Manali,0.158,6,8,1,0,,industrial,2
2015-08-10,Manali,0.179,0,8,0,0,,industrial,2
2015-08-11,Manali,0.164,1,8,0,0,,industrial,2
2015-08-12,Manali,0.169,2,8,0,0,,industrial,2
2015-08-13,Manali,0.169,3,8,0,0,,industrial,2
2015-08-14,Manali,0.164,4,8,0,0,,industrial,2
2015-08-15,Manali,0.166,5,8,1,1,Independence,industrial,2
2015-08-16,Manali,0.15,6,8,1,0,,industrial,2
2015-08-17,Manali,0.175,0,8,0,0,,industrial,2
2015-08-18,Manali,0.168,1,8,0,0,,industrial,2
2015-08-19,Manali,0.163,2,8,0,0,,industrial,2
2015-08-20,Manali,0.167,3,8,0,0,,industrial,2
2015-08-21,Manali,0.169,4,8,0,0,,industrial,2
2015-08-22,Manali,0.159,5,8,1,0,,industrial,2
2015-08-23,Manali,0.163,6,8,1,0,,industrial,2
2015-08-24,Manali,0.182,0,8,0,0,,industrial,2
2015-08-25,Manali,0.162,1,8,0,0,,industrial,2
2015-08-26,Manali,0.175,2,8,0,0,,industrial,2
2015-08-27,Manali,0.164,3,8,0,0,,industrial,2
2015-08-28,Manali,0.172,4,8,0,0,,industrial,2
2015-08-29,Manali,0.156,5,8,1,0,,industrial,2
2015-08-30,Manali,0.154,6,8,1,0,,industrial,2
2015-08-31,Manali,0.165,0,8,0,0,,industrial,2
2015-09-01,Manali,0.166,1,9,0,0,,industrial,2
2015-09-02,Manali,0.159,2,9,0,0,,industrial,2
2015-09-03,Manali,0.171,3,9,0,0,,industrial,2
2015-09-04,Manali,0.174,4,9,0,0,,industrial,2
2015-09-05,Manali,0.152,5,9,1,0,,industrial,2
2015-09-06,Manali,0.157,6,9,1,0,,industrial,2
2015-09-07,Manali,0.171,0,9,0,0,,industrial,2
2015-09-08,Manali,0.183,1,9,0,1,Ganesh Chathurthi,industrial,2
2015-09-09,Manali,0.21,2,9,0,1,Ganesh Chathurthi,industrial,2
2015-09-10,Manali,0.225,3,9,0,1,Ganesh Chathurthi,industrial,2
2015-09-11,Manali,0.216,4,9,0,1,Ganesh Chathurthi,industrial,2
2015-09-12,Manali,0.171,5,9,1,1,Ganesh Chathurthi,industrial,2
2015-09-13,Manali,0.16,6,9,1,0,,industrial,2
2015-09-14,Manali,0.175,0,9,0,0,,industrial,2
2015-09-15,Manali,0.171,1,9,0,0,,industrial,2
2015-09-16,Manali,0.164,2,9,0,0,,industrial,2
2015-09-17,Manali,0.166,3,9,0,0,,industrial,2
2015-09-18,Manali,0.166,4,9,0,0,,industrial,2
2015-09-19,Manali,0.152,5,9,1,0,,industrial,2
2015-09-20,Manali,0.159,6,9,1,0,,industrial,2
2015-09-21,Manali,0.178,0,9,0,0,,industrial,2
2015-09-22,Manali,0.17,1,9,0,0,,industrial,2
2015-09-23,Manali,0.174,2,9,0,0,,industrial,2
2015-09-24,Manali,0.174,3,9,0,0,,industrial,2
2015-09-25,Manali,0.165,4,9,0,0,,industrial,2
2015-09-26,Manali,0.157,5,9,1,0,,industrial,2
2015-09-27,Manali,0.153,6,9,1,0,,industrial,2
2015-09-28,Manali,0.175,0,9,0,0,,industrial,2
2015-09-29,Manali,0.164,1,9,0,0,,industrial,2
2015-09-30,Manali,0.175,2,9,0,0,,industrial,2
2015-10-01,Manali,0.177,3,10,0,0,,industrial,2
2015-10-02,Manali,0.174,4,10,0,0,,industrial,2
2015-10-03,Manali,0.17,5,10,1,0,,industrial,2
2015-10-04,Manali,0.172,6,10,1,1,Dussehra,industrial,2
2015-10-05,Manali,0.216,0,10,0,1,Dussehra,industrial,2
2015-10-06,Manali,0.202,1,10,0,1,Dussehra,industrial,2
2015-10-07,Manali,0.176,2,10,0,0,,industrial,2
2015-10-08,Manali,0.177,3,10,0,0,,industrial,2
2015-10-09,Manali,0.168,4,10,0,0,,industrial,2
2015-10-10,Manali,0.164,5,10,1,0,,industrial,2
2015-10-11,Manali,0.174,6,10,1,0,,industrial,2
2015-10-12,Manali,0.189,0,10,0,0,,industrial,2
2015-10-13,Manali,0.176,1,10,0,0,,industrial,2
2015-10-14,Manali,0.173,2,10,0,0,,industrial,2
2015-10-15,Manali,0.173,3,10,0,0,,industrial,2
2015-10-16,Manali,0.164,4,10,0,0,,industrial,2
2015-10-17,Manali,0.165,5,10,1,0,,industrial,2
2015-10-18,Manali,0.168,6,10,1,0,,industrial,2
2015-10-19,Manali,0.175,0,10,0,0,,industrial,2
2015-10-20,Manali,0.172,1,10,0,0,,industrial,2
2015-10-21,Manali,0.169,2,10,0,0,,industrial,2
2015-10-22,Manali,0.193,3,10,0,1,Deepavali,industrial,2
2015-10-23,Manali,0.222,4,10,0,1,Deepavali,industrial,2
2015-10-24,Manali,0.215,5,10,1,1,Deepavali,industrial,2
2015-10-25,Manali,0.211,6,10,1,1,Deepavali,industrial,2
2015-10-26,Manali,0.213,0,10,0,1,Deepavali,industrial,2
2015-10-27,Manali,0.174,1,10,0,0,,industrial,2
2015-10-28,Manali,0.162,2,10,0,0,,industrial,2
2015-10-29,Manali,0.17,3,10,0,0,,industrial,2
2015-10-30,Manali,0.182,4,10,0,0,,industrial,2
2015-10-31,Manali,0.15,5,10,1,0,,industrial,2
2015-11-01,Manali,0.162,6,11,1,0,,industrial,2
2015-11-02,Manali,0.178,0,11,0,0,,industrial,2
2015-11-03,Manali,0.18,1,11,0,0,,industrial,2
2015-11-04,Manali,0.172,2,11,0,0,,industrial,2
2015-11-05,Manali,0.177,3,11,0,0,,industrial,2
2015-11-06,Manali,0.178,4,11,0,0,,industrial,2
2015-11-07,Manali,0.173,5,11,1,0,,industrial,2
2015-11-08,Manali,0.163,6,11,1,0,,industrial,2
2015-11-09,Manali,0.186,0,11,0,0,,industrial,2
2015-11-10,Manali,0.168,1,11,0,0,,industrial,2
2015-11-11,Manali,0.182,2,11,0,0,,industrial,2
2015-11-12,Manali,0.171,3,11,0,0,,industrial,2
2015-11-13,Manali,0.172,4,11,0,0,,industrial,2
2015-11-14,Manali,0.164,5,11,1,0,,industrial,2
2015-11-15,Manali,0.156,6,11,1,0,,industrial,2
2015-11-16,Manali,0.185,0,11,0,0,,industrial,2
2015-11-17,Manali,0.18,1,11,0,0,,industrial,2
2015-11-18,Manali,0.177,2,11,0,0,,industrial,2
2015-11-19,Manali,0.167,3,11,0,0,,industrial,2
2015-11-20,Manali,0.175,4,11,0,0,,industrial,2
2015-11-21,Manali,0.168,5,11,1,0,,industrial,2
2015-11-22,Manali,0.155,6,11,1,0,,industrial,2
2015-11-23,Manali,0.178,0,11,0,0,,industrial,2
2015-11-24,Manali,0.18,1,11,0,0,,industrial,2
2015-11-25,Manali,0.177,2,11,0,0,,industrial,2
2015-11-26,Manali,0.178,3,11,0,0,,industrial,2
2015-11-27,Manali,0.185,4,11,0,0,,industrial,2
2015-11-28,Manali,0.166,5,11,1,0,,industrial,2
2015-11-29,Manali,0.167,6,11,1,0,,industrial,2
2015-11-30,Manali,0.199,0,11,0,0,,industrial,2
2015-12-01,Manali,0.174,1,12,0,0,,industrial,2
2015-12-02,Manali,0.171,2,12,0,0,,industrial,2
2015-12-03,Manali,0.178,3,12,0,0,,industrial,2
2015-12-04,Manali,0.178,4,12,0,0,,industrial,2
2015-12-05,Manali,0.161,5,12,1,0,,industrial,2
2015-12-06,Manali,0.159,6,12,1,0,,industrial,2
2015-12-07,Manali,0.197,0,12,0,0,,industrial,2
2015-12-08,Manali,0.177,1,12,0,0,,industrial,2
2015-12-09,Manali,0.171,2,12,0,0,,industrial,2
2015-12-10,Manali,0.18,3,12,0,0,,industrial,2
2015-12-11,Manali,0.175,4,12,0,0,,industrial,2
2015-12-12,Manali,0.163,5,12,1,0,,industrial,2
2015-12-13,Manali,0.167,6,12,1,0,,industrial,2
2015-12-14,Manali,0.177,0,12,0,0,,industrial,2
2015-12-15,Manali,0.177,1,12,0,0,,industrial,2
2015-12-16,Manali,0.185,2,12,0,0,,industrial,2
2015-12-17,Manali,0.178,3,12,0,0,,industrial,2
2015-12-18,Manali,0.173,4,12,0,0,,industrial,2
2015-12-19,Manali,0.161,5,12,1,0,,industrial,2
2015-12-20,Manali,0.162,6,12,1,0,,industrial,2
2015-12-21,Manali,0.183,0,12,0,0,,industrial,2
2015-12-22,Manali,0.173,1,12,0,0,,industrial,2
2015-12-23,Manali,0.18,2,12,0,0,,industrial,2
2015-12-24,Manali,0.179,3,12,0,1,Christmas,industrial,2
2015-12-25,Manali,0.207,4,12,0,1,Christmas,industrial,2
2015-12-26,Manali,0.174,5,12,1,1,Christmas,industrial,2
2015-12-27,Manali,0.166,6,12,1,0,,industrial,2
2015-12-28,Manali,0.178,0,12,0,0,,industrial,2
2015-12-29,Manali,0.182,1,12,0,0,,industrial,2
2015-12-30,Manali,0.2,2,12,0,1,New Year,industrial,2
2015-12-31,Manali,0.216,3,12,0,1,New Year,industrial,2
2016-01-01,Manali,0.167,4,1,0,0,,industrial,2
2016-01-02,Manali,0.168,5,1,1,0,,industrial,2
2016-01-03,Manali,0.166,6,1,1,0,,industrial,2
2016-01-04,Manali,0.175,0,1,0,0,,industrial,2
2016-01-05,Manali,0.175,1,1,0,0,,industrial,2
2016-01-06,Manali,0.177,2,1,0,0,,industrial,2
2016-01-07,Manali,0.178,3,1,0,0,,industrial,2
2016-01-08,Manali,0.176,4,1,0,0,,industrial,2
2016-01-09,Manali,0.165,5,1,1,0,,industrial,2
2016-01-10,Manali,0.171,6,1,1,0,,industrial,2
2016-01-11,Manali,0.191,0,1,0,0,,industrial,2
2016-01-12,Manali,0.176,1,1,0,1,Pongal,industrial,2
2016-01-13,Manali,0.208,2,1,0,1,Pongal,industrial,2
2016-01-14,Manali,0.227,3,1,0,1,Pongal,industrial,2
2016-01-15,Manali,0.199,4,1,0,1,Pongal,industrial,2
2016-01-16,Manali,0.181,5,1,1,1,Pongal,industrial,2
2016-01-17,Manali,0.17,6,1,1,0,,industrial,2
2016-01-18,Manali,0.178,0,1,0,0,,industrial,2
2016-01-19,Manali,0.177,1,1,0,0,,industrial,2
2016-01-20,Manali,0.171,2,1,0,0,,industrial,2
2016-01-21,Manali,0.172,3,1,0,0,,industrial,2
2016-01-22,Manali,0.183,4,1,0,0,,industrial,2
2016-01-23,Manali,0.161,5,1,1,0,,industrial,2
2016-01-24,Manali,0.166,6,1,1,0,,industrial,2
2016-01-25,Manali,0.174,0,1,0,0,,industrial,2
2016-01-26,Manali,0.204,1,1,0,1,Republic Day,industrial,2
2016-01-27,Manali,0.179,2,1,0,0,,industrial,2
2016-01-28,Manali,0.174,3,1,0,0,,industrial,2
2016-01-29,Manali,0.178,4,1,0,0,,industrial,2
2016-01-30,Manali,0.157,5,1,1,0,,industrial,2
2016-01-31,Manali,0.17,6,1,1,0,,industrial,2
2016-02-01,Manali,0.182,0,2,0,0,,industrial,2
2016-02-02,Manali,0.174,1,2,0,0,,industrial,2
2016-02-03,Manali,0.173,2,2,0,0,,industrial,2
2016-02-04,Manali,0.172,3,2,0,0,,industrial,2
2016-02-05,Manali,0.179,4,2,0,0,,industrial,2
2016-02-06,Manali,0.165,5,2,1,0,,industrial,2
2016-02-07,Manali,0.167,6,2,1,0,,industrial,2
2016-02-08,Manali,0.184,0,2,0,0,,industrial,2
2016-02-09,Manali,0.178,1,2,0,0,,industrial,2
2016-02-10,Manali,0.173,2,2,0,0,,industrial,2
2016-02-11,Manali,0.187,3,2,0,0,,industrial,2
2016-02-12,Manali,0.167,4,2,0,0,,industrial,2
2016-02-13,Manali,0.17,5,2,1,0,,industrial,2
2016-02-14,Manali,0.171,6,2,1,0,,industrial,2
2016-02-15,Manali,0.179,0,2,0,0,,industrial,2
2016-02-16,Manali,0.187,1,2,0,0,,industrial,2
2016-02-17,Manali,0.181,2,2,0,0,,industrial,2
2016-02-18,Manali,0.18,3,2,0,0,,industrial,2
2016-02-19,Manali,0.175,4,2,0,0,,industrial,2
2016-02-20,Manali,0.163,5,2,1,0,,industrial,2
2016-02-21,Manali,0.163,6,2,1,0,,industrial,2
2016-02-22,Manali,0.186,0,2,0,0,,industrial,2
2016-02-23,Manali,0.183,1,2,0,0,,industrial,2
2016-02-24,Manali,0.176,2,2,0,0,,industrial,2
2016-02-25,Manali,0.171,3,2,0,0,,industrial,2
2016-02-26,Manali,0.18,4,2,0,0,,industrial,2
2016-02-27,Manali,0.168,5,2,1,0,,industrial,2
2016-02-28,Manali,0.167,6,2,1,0,,industrial,2
2016-02-29,Manali,0.188,0,2,0,0,,industrial,2
2016-03-01,Manali,0.183,1,3,0,0,,industrial,2
2016-03-02,Manali,0.179,2,3,0,0,,industrial,2
2016-03-03,Manali,0.179,3,3,0,0,,industrial,2
2016-03-04,Manali,0.175,4,3,0,0,,industrial,2
2016-03-05,Manali,0.173,5,3,1,0,,industrial,2
2016-03-06,Manali,0.172,6,3,1,0,,industrial,2
2016-03-07,Manali,0.191,0,3,0,0,,industrial,2
2016-03-08,Manali,0.168,1,3,0,0,,industrial,2
2016-03-09,Manali,0.177,2,3,0,0,,industrial,2
2016-03-10,Manali,0.19,3,3,0,0,,industrial,2
2016-03-11,Manali,0.18,4,3,0,0,,industrial,2
2016-03-12,Manali,0.174,5,3,1,0,,industrial,2
2016-03-13,Manali,0.165,6,3,1,0,,industrial,2
2016-03-14,Manali,0.202,0,3,0,0,,industrial,2
2016-03-15,Manali,0.183,1,3,0,0,,industrial,2
2016-03-16,Manali,0.186,2,3,0,0,,industrial,2
2016-03-17,Manali,0.197,3,3,0,0,,industrial,2
2016-03-18,Manali,0.192,4,3,0,0,,industrial,2
2016-03-19,Manali,0.171,5,3,1,0,,industrial,2
2016-03-20,Manali,0.169,6,3,1,0,,industrial,2
2016-03-21,Manali,0.191,0,3,0,0,,industrial,2
2016-03-22,Manali,0.187,1,3,0,0,,industrial,2
2016-03-23,Manali,0.184,2,3,0,0,,industrial,2
2016-03-24,Manali,0.182,3,3,0,0,,industrial,2
2016-03-25,Manali,0.192,4,3,0,0,,industrial,2
2016-03-26,Manali,0.172,5,3,1,0,,industrial,2
2016-03-27,Manali,0.184,6,3,1,0,,industrial,2
2016-03-28,Manali,0.194,0,3,0,0,,industrial,2
2016-03-29,Manali,0.194,1,3,0,0,,industrial,2
2016-03-30,Manali,0.186,2,3,0,0,,industrial,2
2016-04-01,Manali,0.145,4,4,0,0,,industrial,2
2016-04-02,Manali,0.129,5,4,1,0,,industrial,2
2016-04-03,Manali,0.128,6,4,1,0,,industrial,2
2016-04-04,Manali,0.15,0,4,0,0,,industrial,2
2016-04-05,Manali,0.145,1,4,0,0,,industrial,2
2016-04-06,Manali,0.141,2,4,0,0,,industrial,2
2016-04-07,Manali,0.136,3,4,0,0,,industrial,2
2016-04-08,Manali,0.135,4,4,0,0,,industrial,2
2016-04-09,Manali,0.126,5,4,1,0,,industrial,2
2016-04-10,Manali,0.125,6,4,1,0,,industrial,2
2016-04-11,Manali,0.148,0,4,0,0,,industrial,2
2016-04-12,Manali,0.146,1,4,0,0,,industrial,2
2016-04-13,Manali,0.159,2,4,0,1,Tamil New Year,industrial,2
2016-04-14,Manali,0.164,3,4,0,1,Tamil New Year,industrial,2
2016-04-15,Manali,0.158,4,4,0,1,Tamil New Year,industrial,2
2016-04-16,Manali,0.131,5,4,1,0,,industrial,2
2016-04-17,Manali,0.14,6,4,1,0,,industrial,2
2016-04-18,Manali,0.142,0,4,0,0,,industrial,2
2016-04-19,Manali,0.139,1,4,0,0,,industrial,2
2016-04-20,Manali,0.163,2,4,0,1,Eid,industrial,2
2016-04-21,Manali,0.171,3,4,0,1,Eid,industrial,2
2016-04-22,Manali,0.158,4,4,0,1,Eid,industrial,2
2016-04-23,Manali,0.132,5,4,1,0,,industrial,2
2016-04-24,Manali,0.133,6,4,1,0,,industrial,2
2016-04-25,Manali,0.151,0,4,0,0,,industrial,2
2016-04-26,Manali,0.138,1,4,0,0,,industrial,2
2016-04-27,Manali,0.145,2,4,0,0,,industrial,2
2016-04-28,Manali,0.135,3,4,0,0,,industrial,2
2016-04-29,Manali,0.142,4,4,0,0,,industrial,2
2016-04-30,Manali,0.133,5,4,1,0,,industrial,2
2016-05-01,Manali,0.129,6,5,1,0,,industrial,2
2016-05-02,Manali,0.148,0,5,0,0,,industrial,2
2016-05-03,Manali,0.138,1,5,0,0,,industrial,2
2016-05-04,Manali,0.136,2,5,0,0,,industrial,2
2016-05-05,Manali,0.139,3,5,0,0,,industrial,2
2016-05-06,Manali,0.136,4,5,0,0,,industrial,2
2016-05-07,Manali,0.133,5,5,1,0,,industrial,2
2016-05-08,Manali,0.127,6,5,1,0,,industrial,2
2016-05-09,Manali,0.151,0,5,0,0,,industrial,2
2016-05-10,Manali,0.136,1,5,0,0,,industrial,2
2016-05-11,Manali,0.139,2,5,0,0,,industrial,2
2016-05-12,Manali,0.138,3,5,0,0,,industrial,2
2016-05-13,Manali,0.147,4,5,0,0,,industrial,2
2016-05-14,Manali,0.133,5,5,1,0,,industrial,2
2016-05-15,Manali,0.131,6,5,1,0,,industrial,2
2016-05-16,Manali,0.15,0,5,0,0,,industrial,2
2016-05-17,Manali,0.132,1,5,0,0,,industrial,2
2016-05-18,Manali,0.141,2,5,0,0,,industrial,2
2016-05-19,Manali,0.149,3,5,0,0,,industrial,2
2016-05-20,Manali,0.142,4,5,0,0,,industrial,2
2016-05-21,Manali,0.132,5,5,1,0,,industrial,2
2016-05-22,Manali,0.134,6,5,1,0,,industrial,2
2016-05-23,Manali,0.152,0,5,0,0,,industrial,2
2016-05-24,Manali,0.133,1,5,0,0,,industrial,2
2016-05-25,Manali,0.134,2,5,0,0,,industrial,2
2016-05-26,Manali,0.142,3,5,0,0,,industrial,2
2016-05-27,Manali,0.138,4,5,0,0,,industrial,2
2016-05-28,Manali,0.137,5,5,1,0,,industrial,2
2016-05-29,Manali,0.131,6,5,1,0,,industrial,2
2016-05-30,Manali,0.139,0,5,0,0,,industrial,2
2016-05-31,Manali,0.136,1,5,0,0,,industrial,2
2016-06-01,Manali,0.117,2,6,0,0,,industrial,2
2016-06-02,Manali,0.127,3,6,0,0,,industrial,2
2016-06-03,Manali,0.127,4,6,0,0,,industrial,2
2016-06-04,Manali,0.118,5,6,1,0,,industrial,2
2016-06-05,Manali,0.123,6,6,1,0,,industrial,2
2016-06-06,Manali,0.139,0,6,0,0,,industrial,2
2016-06-07,Manali,0.127,1,6,0,0,,industrial,2
2016-06-08,Manali,0.119,2,6,0,0,,industrial,2
2016-06-09,Manali,0.13,3,6,0,0,,industrial,2
2016-06-10,Manali,0.13,4,6,0,0,,industrial,2
2016-06-11,Manali,0.12,5,6,1,0,,industrial,2
2016-06-12,Manali,0.123,6,6,1,0,,industrial,2
2016-06-13,Manali,0.129,0,6,0,0,,industrial,2
2016-06-14,Manali,0.135,1,6,0,0,,industrial,2
2016-06-15,Manali,0.124,2,6,0,0,,industrial,2
2016-06-16,Manali,0.13,3,6,0,0,,industrial,2
2016-06-17,Manali,0.121,4,6,0,0,,industrial,2
2016-06-18,Manali,0.116,5,6,1,0,,industrial,2
2016-06-19,Manali,0.125,6,6,1,0,,industrial,2
2016-06-20,Manali,0.133,0,6,0,0,,industrial,2
2016-06-21,Manali,0.131,1,6,0,0,,industrial,2
2016-06-22,Manali,0.128,2,6,0,0,,industrial,2
2016-06-23,Manali,0.127,3,6,0,0,,industrial,2
2016-06-24,Manali,0.133,4,6,0,0,,industrial,2
2016-06-25,Manali,0.118,5,6,1,0,,industrial,2
2016-06-26,Manali,0.113,6,6,1,0,,industrial,2
2016-06-27,Manali,0.131,0,6,0,0,,industrial,2
2016-06-28,Manali,0.13,1,6,0,0,,industrial,2
2016-06-29,Manali,0.129,2,6,0,0,,industrial,2
2016-06-30,Manali,0.122,3,6,0,0,,industrial,2
2016-07-01,Manali,0.125,4,7,0,0,,industrial,2
2016-07-02,Manali,0.117,5,7,1,0,,industrial,2
2016-07-03,Manali,0.118,6,7,1,0,,industrial,2
2016-07-04,Manali,0.128,0,7,0,0,,industrial,2
2016-07-05,Manali,0.125,1,7,0,0,,industrial,2
2016-07-06,Manali,0.125,2,7,0,0,,industrial,2
2016-07-07,Manali,0.13,3,7,0,0,,industrial,2
2016-07-08,Manali,0.131,4,7,0,0,,industrial,2
2016-07-09,Manali,0.119,5,7,1,0,,industrial,2
2016-07-10,Manali,0.118,6,7,1,0,,industrial,2
2016-07-11,Manali,0.134,0,7,0,0,,industrial,2
2016-07-12,Manali,0.124,1,7,0,0,,industrial,2
2016-07-13,Manali,0.123,2,7,0,0,,industrial,2
2016-07-14,Manali,0.124,3,7,0,0,,industrial,2
2016-07-15,Manali,0.125,4,7,0,0,,industrial,2
2016-07-16,Manali,0.115,5,7,1,0,,industrial,2
2016-07-17,Manali,0.12,6,7,1,0,,industrial,2
2016-07-18,Manali,0.137,0,7,0,0,,industrial,2
2016-07-19,Manali,0.121,1,7,0,0,,industrial,2
2016-07-20,Manali,0.128,2,7,0,0,,industrial,2
2016-07-21,Manali,0.127,3,7,0,0,,industrial,2
2016-07-22,Manali,0.129,4,7,0,0,,industrial,2
2016-07-23,Manali,0.119,5,7,1,0,,industrial,2
2016-07-24,Manali,0.114,6,7,1,0,,industrial,2
2016-07-25,Manali,0.129,0,7,0,0,,industrial,2
2016-07-26,Manali,0.128,1,7,0,0,,industrial,2
2016-07-27,Manali,0.131,2,7,0,0,,industrial,2
2016-07-28,Manali,0.119,3,7,0,0,,industrial,2
2016-07-29,Manali,0.129,4,7,0,0,,industrial,2
2016-07-30,Manali,0.124,5,7,1,0,,industrial,2
2016-07-31,Manali,0.119,6,7,1,0,,industrial,2
2016-08-01,Manali,0.136,0,8,0,0,,industrial,2
2016-08-02,Manali,0.125,1,8,0,0,,industrial,2
2016-08-03,Manali,0.127,2,8,0,0,,industrial,2
2016-08-04,Manali,0.121,3,8,0,0,,industrial,2
2016-08-05,Manali,0.119,4,8,0,0,,industrial,2
2016-08-06,Manali,0.123,5,8,1,0,,industrial,2
2016-08-07,Manali,0.116,6,8,1,0,,industrial,2
2016-08-08,Manali,0.132,0,8,0,0,,industrial,2
2016-08-09,Manali,0.122,1,8,0,0,,industrial,2
2016-08-10,Manali,0.122,2,8,0,0,,industrial,2
2016-08-11,Manali,0.127,3,8,0,0,,industrial,2
2016-08-12,Manali,0.125,4,8,0,0,,industrial,2
2016-08-13,Manali,0.121,5,8,1,0,,industrial,2
2016-08-14,Manali,0.121,6,8,1,0,,industrial,2
2016-08-15,Manali,0.149,0,8,0,1,Independence,industrial,2
2016-08-16,Manali,0.128,1,8,0,0,,industrial,2
2016-08-17,Manali,0.134,2,8,0,0,,industrial,2
2016-08-18,Manali,0.123,3,8,0,0,,industrial,2
2016-08-19,Manali,0.127,4,8,0,0,,industrial,2
2016-08-20,Manali,0.123,5,8,1,0,,industrial,2
2016-08-21,Manali,0.124,6,8,1,0,,industrial,2
2016-08-22,Manali,0.128,0,8,0,0,,industrial,2
2016-08-23,Manali,0.126,1,8,0,0,,industrial,2
2016-08-24,Manali,0.133,2,8,0,0,,industrial,2
2016-08-25,Manali,0.129,3,8,0,0,,industrial,2
2016-08-26,Manali,0.128,4,8,0,0,,industrial,2
2016-08-27,Manali,0.118,5,8,1,0,,industrial,2
2016-08-28,Manali,0.118,6,8,1,0,,industrial,2
2016-08-29,Manali,0.135,0,8,0,0,,industrial,2
2016-08-30,Manali,0.127,1,8,0,0,,industrial,2
2016-08-31,Manali,0.127,2,8,0,0,,industrial,2
2016-09-01,Manali,0.128,3,9,0,0,,industrial,2
2016-09-02,Manali,0.125,4,9,0,0,,industrial,2
2016-09-03,Manali,0.121,5,9,1,0,,industrial,2
2016-09-04,Manali,0.13,6,9,1,0,,industrial,2
2016-09-05,Manali,0.127,0,9,0,0,,industrial,2
2016-09-06,Manali,0.129,1,9,0,0,,industrial,2
2016-09-07,Manali,0.125,2,9,0,0,,industrial,2
2016-09-08,Manali,0.145,3,9,0,1,Ganesh Chathurthi,industrial,2
2016-09-09,Manali,0.158,4,9,0,1,Ganesh Chathurthi,industrial,2
2016-09-10,Manali,0.165,5,9,1,1,Ganesh Chathurthi,industrial,2
2016-09-11,Manali,0.152,6,9,1,1,Ganesh Chathurthi,industrial,2
2016-09-12,Manali,0.15,0,9,0,1,Ganesh Chathurthi,industrial,2
2016-09-13,Manali,0.132,1,9,0,0,,industrial,2
2016-09-14,Manali,0.119,2,9,0,0,,industrial,2
2016-09-15,Manali,0.134,3,9,0,0,,industrial,2
2016-09-16,Manali,0.129,4,9,0,0,,industrial,2
2016-09-17,Manali,0.123,5,9,1,0,,industrial,2
2016-09-18,Manali,0.115,6,9,1,0,,industrial,2
2016-09-19,Manali,0.131,0,9,0,0,,industrial,2
2016-09-20,Manali,0.128,1,9,0,0,,industrial,2
2016-09-21,Manali,0.127,2,9,0,0,,industrial,2
2016-09-22,Manali,0.129,3,9,0,0,,industrial,2
2016-09-23,Manali,0.132,4,9,0,0,,industrial,2
2016-09-24,Manali,0.113,5,9,1,0,,industrial,2
2016-09-25,Manali,0.123,6,9,1,0,,industrial,2
2016-09-26,Manali,0.134,0,9,0,0,,industrial,2
2016-09-27,Manali,0.127,1,9,0,0,,industrial,2
2016-09-28,Manali,0.122,2,9,0,0,,industrial,2
2016-09-29,Manali,0.129,3,9,0,0,,industrial,2
2016-09-30,Manali,0.118,4,9,0,0,,industrial,2
2016-10-01,Manali,0.128,5,10,1,0,,industrial,2
2016-10-02,Manali,0.12,6,10,1,0,,industrial,2
2016-10-03,Manali,0.141,0,10,0,0,,industrial,2
2016-10-04,Manali,0.15,1,10,0,1,Dussehra,industrial,2
2016-10-05,Manali,0.174,2,10,0,1,Dussehra,industrial,2
2016-10-06,Manali,0.15,3,10,0,1,Dussehra,industrial,2
2016-10-07,Manali,0.131,4,10,0,0,,industrial,2
2016-10-08,Manali,0.124,5,10,1,0,,industrial,2
2016-10-09,Manali,0.13,6,10,1,0,,industrial,2
2016-10-10,Manali,0.143,0,10,0,0,,industrial,2
2016-10-11,Manali,0.133,1,10,0,0,,industrial,2
2016-10-12,Manali,0.133,2,10,0,0,,industrial,2
2016-10-13,Manali,0.128,3,10,0,0,,industrial,2
2016-10-14,Manali,0.136,4,10,0,0,,industrial,2
2016-10-15,Manali,0.119,5,10,1,0,,industrial,2
2016-10-16,Manali,0.128,6,10,1,0,,industrial,2
2016-10-17,Manali,0.142,0,10,0,0,,industrial,2
2016-10-18,Manali,0.144,1,10,0,0,,industrial,2
2016-10-19,Manali,0.13,2,10,0,0,,industrial,2
2016-10-20,Manali,0.134,3,10,0,0,,industrial,2
2016-10-21,Manali,0.141,4,10,0,0,,industrial,2
2016-10-22,Manali,0.147,5,10,1,1,Deepavali,industrial,2
2016-10-23,Manali,0.156,6,10,1,1,Deepavali,industrial,2
2016-10-24,Manali,0.199,0,10,0,1,Deepavali,industrial,2
2016-10-25,Manali,0.17,1,10,0,1,Deepavali,industrial,2
2016-10-26,Manali,0.153,2,10,0,1,Deepavali,industrial,2
2016-10-27,Manali,0.131,3,10,0,0,,industrial,2
2016-10-28,Manali,0.134,4,10,0,0,,industrial,2
2016-10-29,Manali,0.12,5,10,1,0,,industrial,2
2016-10-30,Manali,0.126,6,10,1,0,,industrial,2
2016-10-31,Manali,0.143,0,10,0,0,,industrial,2
2016-11-01,Manali,0.133,1,11,0,0,,industrial,2
2016-11-02,Manali,0.128,2,11,0,0,,industrial,2
2016-11-03,Manali,0.138,3,11,0,0,,industrial,2
2016-11-04,Manali,0.136,4,11,0,0,,industrial,2
2016-11-05,Manali,0.123,5,11,1,0,,industrial,2
2016-11-06,Manali,0.124,6,11,1,0,,industrial,2
2016-11-07,Manali,0.135,0,11,0,0,,industrial,2
2016-11-08,Manali,0.13,1,11,0,0,,industrial,2
2016-11-09,Manali,0.132,2,11,0,0,,industrial,2
2016-11-10,Manali,0.139,3,11,0,0,,industrial,2
2016-11-11,Manali,0.132,4,11,0,0,,industrial,2
2016-11-12,Manali,0.128,5,11,1,0,,industrial,2
2016-11-13,Manali,0.123,6,11,1,0,,industrial,2
2016-11-14,Manali,0.142,0,11,0,0,,industrial,2
2016-11-15,Manali,0.134,1,11,0,0,,industrial,2
2016-11-16,Manali,0.138,2,11,0,0,,industrial,2
2016-11-17,Manali,0.132,3,11,0,0,,industrial,2
2016-11-18,Manali,0.128,4,11,0,0,,industrial,2
2016-11-19,Manali,0.12,5,11,1,0,,industrial,2
2016-11-20,Manali,0.124,6,11,1,0,,industrial,2
2016-11-21,Manali,0.136,0,11,0,0,,industrial,2
2016-11-22,Manali,0.136,1,11,0,0,,industrial,2
2016-11-23,Manali,0.132,2,11,0,0,,industrial,2
2016-11-24,Manali,0.144,3,11,0,0,,industrial,2
2016-11-25,Manali,0.127,4,11,0,0,,industrial,2
2016-11-26,Manali,0.126,5,11,1,0,,industrial,2
2016-11-27,Manali,0.121,6,11,1,0,,industrial,2
2016-11-28,Manali,0.139,0,11,0,0,,industrial,2
2016-11-29,Manali,0.135,1,11,0,0,,industrial,2
2016-11-30,Manali,0.125,2,11,0,0,,industrial,2
2016-12-01,Manali,0.135,3,12,0,0,,industrial,2
2016-12-02,Manali,0.142,4,12,0,0,,industrial,2
2016-12-03,Manali,0.124,5,12,1,0,,industrial,2
2016-12-04,Manali,0.126,6,12,1,0,,industrial,2
2016-12-05,Manali,0.145,0,12,0,0,,industrial,2
2016-12-06,Manali,0.134,1,12,0,0,,industrial,2
2016-12-07,Manali,0.132,2,12,0,0,,industrial,2
2016-12-08,Manali,0.125,3,12,0,0,,industrial,2
2016-12-09,Manali,0.137,4,12,0,0,,industrial,2
2016-12-10,Manali,0.125,5,12,1,0,,industrial,2
2016-12-11,Manali,0.122,6,12,1,0,,industrial,2
2016-12-12,Manali,0.141,0,12,0,0,,industrial,2
2016-12-13,Manali,0.132,1,12,0,0,,industrial,2
2016-12-14,Manali,0.132,2,12,0,0,,industrial,2
2016-12-15,Manali,0.137,3,12,0,0,,industrial,2
2016-12-16,Manali,0.129,4,12,0,0,,industrial,2
2016-12-17,Manali,0.129,5,12,1,0,,industrial,2
2016-12-18,Manali,0.12,6,12,1,0,,industrial,2
2016-12-19,Manali,0.138,0,12,0,0,,industrial,2
2016-12-20,Manali,0.142,1,12,0,0,,industrial,2
2016-12-21,Manali,0.139,2,12,0,0,,industrial,2
2016-12-22,Manali,0.135,3,12,0,0,,industrial,2
2016-12-23,Manali,0.13,4,12,0,0,,industrial,2
2016-12-24,Manali,0.133,5,12,1,1,Christmas,industrial,2
2016-12-25,Manali,0.145,6,12,1,1,Christmas,industrial,2
2016-12-26,Manali,0.152,0,12,0,1,Christmas,industrial,2
2016-12-27,Manali,0.134,1,12,0,0,,industrial,2
2016-12-28,Manali,0.134,2,12,0,0,,industrial,2
2016-12-29,Manali,0.133,3,12,0,0,,industrial,2
2016-12-30,Manali,0.141,4,12,0,1,New Year,industrial,2
2016-12-31,Manali,0.148,5,12,1,1,New Year,industrial,2
2017-01-01,Manali,0.129,6,1,1,0,,industrial,2
2017-01-02,Manali,0.135,0,1,0,0,,industrial,2
2017-01-03,Manali,0.133,1,1,0,0,,industrial,2
2017-01-04,Manali,0.131,2,1,0,0,,industrial,2
2017-01-05,Manali,0.135,3,1,0,0,,industrial,2
2017-01-06,Manali,0.133,4,1,0,0,,industrial,2
2017-01-07,Manali,0.131,5,1,1,0,,industrial,2
2017-01-08,Manali,0.127,6,1,1,0,,industrial,2
2017-01-09,Manali,0.135,0,1,0,0,,industrial,2
2017-01-10,Manali,0.137,1,1,0,0,,industrial,2
2017-01-11,Manali,0.131,2,1,0,0,,industrial,2
2017-01-12,Manali,0.145,3,1,0,1,Pongal,industrial,2
2017-01-13,Manali,0.163,4,1,0,1,Pongal,industrial,2
2017-01-14,Manali,0.161,5,1,1,1,Pongal,industrial,2
2017-01-15,Manali,0.155,6,1,1,1,Pongal,industrial,2
2017-01-16,Manali,0.151,0,1,0,1,Pongal,industrial,2
2017-01-17,Manali,0.132,1,1,0,0,,industrial,2
2017-01-18,Manali,0.132,2,1,0,0,,industrial,2
2017-01-19,Manali,0.132,3,1,0,0,,industrial,2
2017-01-20,Manali,0.139,4,1,0,0,,industrial,2
2017-01-21,Manali,0.128,5,1,1,0,,industrial,2
2017-01-22,Manali,0.132,6,1,1,0,,industrial,2
2017-01-23,Manali,0.151,0,1,0,0,,industrial,2
2017-01-24,Manali,0.13,1,1,0,0,,industrial,2
2017-01-25,Manali,0.135,2,1,0,0,,industrial,2
2017-01-26,Manali,0.142,3,1,0,1,Republic Day,industrial,2
2017-01-27,Manali,0.131,4,1,0,0,,industrial,2
2017-01-28,Manali,0.123,5,1,1,0,,industrial,2
2017-01-29,Manali,0.122,6,1,1,0,,industrial,2
2017-01-30,Manali,0.137,0,1,0,0,,industrial,2
2017-01-31,Manali,0.134,1,1,0,0,,industrial,2
2017-02-01,Manali,0.129,2,2,0,0,,industrial,2
2017-02-02,Manali,0.138,3,2,0,0,,industrial,2
2017-02-03,Manali,0.131,4,2,0,0,,industrial,2
2017-02-04,Manali,0.136,5,2,1,0,,industrial,2
2017-02-05,Manali,0.124,6,2,1,0,,industrial,2
2017-02-06,Manali,0.141,0,2,0,0,,industrial,2
2017-02-07,Manali,0.129,1,2,0,0,,industrial,2
2017-02-08,Manali,0.141,2,2,0,0,,industrial,2
2017-02-09,Manali,0.139,3,2,0,0,,industrial,2
2017-02-10,Manali,0.135,4,2,0,0,,industrial,2
2017-02-11,Manali,0.12,5,2,1,0,,industrial,2
2017-02-12,Manali,0.126,6,2,1,0,,industrial,2
2017-02-13,Manali,0.136,0,2,0,0,,industrial,2
2017-02-14,Manali,0.14,1,2,0,0,,industrial,2
2017-02-15,Manali,0.138,2,2,0,0,,industrial,2
2017-02-16,Manali,0.135,3,2,0,0,,industrial,2
2017-02-17,Manali,0.124,4,2,0,0,,industrial,2
2017-02-18,Manali,0.122,5,2,1,0,,industrial,2
2017-02-19,Manali,0.128,6,2,1,0,,industrial,2
2017-02-20,Manali,0.146,0,2,0,0,,industrial,2
2017-02-21,Manali,0.139,1,2,0,0,,industrial,2
2017-02-22,Manali,0.128,2,2,0,0,,industrial,2
2017-02-23,Manali,0.135,3,2,0,0,,industrial,2
2017-02-24,Manali,0.138,4,2,0,0,,industrial,2
2017-02-25,Manali,0.119,5,2,1,0,,industrial,2
2017-02-26,Manali,0.125,6,2,1,0,,industrial,2
2017-02-27,Manali,0.142,0,2,0,0,,industrial,2
2017-02-28,Manali,0.133,1,2,0,0,,industrial,2
2017-03-01,Manali,0.133,2,3,0,0,,industrial,2
2017-03-02,Manali,0.14,3,3,0,0,,industrial,2
2017-03-03,Manali,0.14,4,3,0,0,,industrial,2
2017-03-04,Manali,0.131,5,3,1,0,,industrial,2
2017-03-05,Manali,0.13,6,3,1,0,,industrial,2
2017-03-06,Manali,0.146,0,3,0,0,,industrial,2
2017-03-07,Manali,0.141,1,3,0,0,,industrial,2
2017-03-08,Manali,0.143,2,3,0,0,,industrial,2
2017-03-09,Manali,0.14,3,3,0,0,,industrial,2
2017-03-10,Manali,0.139,4,3,0,0,,industrial,2
2017-03-11,Manali,0.132,5,3,1,0,,industrial,2
2017-03-12,Manali,0.124,6,3,1,0,,industrial,2
2017-03-13,Manali,0.15,0,3,0,0,,industrial,2
2017-03-14,Manali,0.141,1,3,0,0,,industrial,2
2017-03-15,Manali,0.141,2,3,0,0,,industrial,2
2017-03-16,Manali,0.145,3,3,0,0,,industrial,2
2017-03-17,Manali,0.133,4,3,0,0,,industrial,2
2017-03-18,Manali,0.124,5,3,1,0,,industrial,2
2017-03-19,Manali,0.133,6,3,1,0,,industrial,2
2017-03-20,Manali,0.148,0,3,0,0,,industrial,2
2017-03-21,Manali,0.142,1,3,0,0,,industrial,2
2017-03-22,Manali,0.139,2,3,0,0,,industrial,2
2017-03-23,Manali,0.144,3,3,0,0,,industrial,2
2017-03-24,Manali,0.145,4,3,0,0,,industrial,2
2017-03-25,Manali,0.134,5,3,1,0,,industrial,2
2017-03-26,Manali,0.131,6,3,1,0,,industrial,2
2017-03-27,Manali,0.139,0,3,0,0,,industrial,2
2017-03-28,Manali,0.144,1,3,0,0,,industrial,2
2017-03-29,Manali,0.146,2,3,0,0,,industrial,2
2017-03-30,Manali,0.144,3,3,0,0,,industrial,2
2017-03-31,Manali,0.137,4,3,0,0,,industrial,2
2017-04-01,Manali,0.1,5,4,1,0,,industrial,2
2017-04-02,Manali,0.1,6,4,1,0,,industrial,2
2017-04-03,Manali,0.1,0,4,0,0,,industrial,2
2017-04-04,Manali,0.1,1,4,0,0,,industrial,2
2017-04-05,Manali,0.1,2,4,0,0,,industrial,2
2017-04-06,Manali,0.1,3,4,0,0,,industrial,2
2017-04-07,Manali,0.1,4,4,0,0,,industrial,2
2017-04-08,Manali,0.1,5,4,1,0,,industrial,2
2017-04-09,Manali,0.1,6,4,1,0,,industrial,2
2017-04-10,Manali,0.1,0,4,0,0,,industrial,2
2017-04-11,Manali,0.1,1,4,0,0,,industrial,2
2017-04-12,Manali,0.1,2,4,0,0,,industrial,2
2017-04-13,Manali,0.1,3,4,0,1,Tamil New Year,industrial,2
2017-04-14,Manali,0.113,4,4,0,1,Tamil New Year,industrial,2
2017-04-15,Manali,0.1,5,4,1,1,Tamil New Year,industrial,2
2017-04-16,Manali,0.1,6,4,1,0,,industrial,2
2017-04-17,Manali,0.1,0,4,0,0,,industrial,2
2017-04-18,Manali,0.1,1,4,0,0,,industrial,2
2017-04-19,Manali,0.1,2,4,0,0,,industrial,2
2017-04-20,Manali,0.1,3,4,0,1,Eid,industrial,2
2017-04-21,Manali,0.1,4,4,0,1,Eid,industrial,2
2017-04-22,Manali,0.1,5,4,1,1,Eid,industrial,2
2017-04-23,Manali,0.1,6,4,1,0,,industrial,2
2017-04-24,Manali,0.1,0,4,0,0,,industrial,2
2017-04-25,Manali,0.1,1,4,0,0,,industrial,2
2017-04-26,Manali,0.1,2,4,0,0,,industrial,2
2017-04-27,Manali,0.1,3,4,0,0,,industrial,2
2017-04-28,Manali,0.1,4,4,0,0,,industrial,2
2017-04-29,Manali,0.1,5,4,1,0,,industrial,2
2017-04-30,Manali,0.1,6,4,1,0,,industrial,2
2017-05-01,Manali,0.1,0,5,0,0,,industrial,2
2017-05-02,Manali,0.1,1,5,0,0,,industrial,2
2017-05-03,Manali,0.1,2,5,0,0,,industrial,2
2017-05-04,Manali,0.1,3,5,0,0,,industrial,2
2017-05-05,Manali,0.1,4,5,0,0,,industrial,2
2017-05-06,Manali,0.1,5,5,1,0,,industrial,2
2017-05-07,Manali,0.1,6,5,1,0,,industrial,2
2017-05-08,Manali,0.1,0,5,0,0,,industrial,2
2017-05-09,Manali,0.1,1,5,0,0,,industrial,2
2017-05-10,Manali,0.1,2,5,0,0,,industrial,2
2017-05-11,Manali,0.1,3,5,0,0,,industrial,2
2017-05-12,Manali,0.1,4,5,0,0,,industrial,2
2017-05-13,Manali,0.1,5,5,1,0,,industrial,2
2017-05-14,Manali,0.1,6,5,1,0,,industrial,2
2017-05-15,Manali,0.1,0,5,0,0,,industrial,2
2017-05-16,Manali,0.1,1,5,0,0,,industrial,2
2017-05-17,Manali,0.1,2,5,0,0,,industrial,2
2017-05-18,Manali,0.1,3,5,0,0,,industrial,2
2017-05-19,Manali,0.1,4,5,0,0,,industrial,2
2017-05-20,Manali,0.1,5,5,1,0,,industrial,2
2017-05-21,Manali,0.1,6,5,1,0,,industrial,2
2017-05-22,Manali,0.1,0,5,0,0,,industrial,2
2017-05-23,Manali,0.1,1,5,0,0,,industrial,2
2017-05-24,Manali,0.1,2,5,0,0,,industrial,2
2017-05-25,Manali,0.1,3,5,0,0,,industrial,2
2017-05-26,Manali,0.1,4,5,0,0,,industrial,2
2017-05-27,Manali,0.1,5,5,1,0,,industrial,2
2017-05-28,Manali,0.1,6,5,1,0,,industrial,2
2017-05-29,Manali,0.1,0,5,0,0,,industrial,2
2017-05-30,Manali,0.1,1,5,0,0,,industrial,2
2017-05-31,Manali,0.1,2,5,0,0,,industrial,2
2017-06-01,Manali,0.1,3,6,0,0,,industrial,2
2017-06-02,Manali,0.1,4,6,0,0,,industrial,2
2017-06-03,Manali,0.1,5,6,1,0,,industrial,2
2017-06-04,Manali,0.1,6,6,1,0,,industrial,2
2017-06-05,Manali,0.1,0,6,0,0,,industrial,2
2017-06-06,Manali,0.1,1,6,0,0,,industrial,2
2017-06-07,Manali,0.1,2,6,0,0,,industrial,2
2017-06-08,Manali,0.1,3,6,0,0,,industrial,2
2017-06-09,Manali,0.1,4,6,0,0,,industrial,2
2017-06-10,Manali,0.1,5,6,1,0,,industrial,2
2017-06-11,Manali,0.1,6,6,1,0,,industrial,2
2017-06-12,Manali,0.1,0,6,0,0,,industrial,2
2017-06-13,Manali,0.1,1,6,0,0,,industrial,2
2017-06-14,Manali,0.1,2,6,0,0,,industrial,2
2017-06-15,Manali,0.1,3,6,0,0,,industrial,2
2017-06-16,Manali,0.1,4,6,0,0,,industrial,2
2017-06-17,Manali,0.1,5,6,1,0,,industrial,2
2017-06-18,Manali,0.1,6,6,1,0,,industrial,2
2017-06-19,Manali,0.1,0,6,0,0,,industrial,2
2017-06-20,Manali,0.1,1,6,0,0,,industrial,2
2017-06-21,Manali,0.1,2,6,0,0,,industrial,2
2017-06-22,Manali,0.1,3,6,0,0,,industrial,2
2017-06-23,Manali,0.1,4,6,0,0,,industrial,2
2017-06-24,Manali,0.1,5,6,1,0,,industrial,2
2017-06-25,Manali,0.1,6,6,1,0,,industrial,2
2017-06-26,Manali,0.1,0,6,0,0,,industrial,2
2017-06-27,Manali,0.1,1,6,0,0,,industrial,2
2017-06-28,Manali,0.1,2,6,0,0,,industrial,2
2017-06-29,Manali,0.1,3,6,0,0,,industrial,2
2017-06-30,Manali,0.1,4,6,0,0,,industrial,2
2017-07-01,Manali,0.1,5,7,1,0,,industrial,2
2017-07-02,Manali,0.1,6,7,1,0,,industrial,2
2017-07-03,Manali,0.1,0,7,0,0,,industrial,2
2017-07-04,Manali,0.1,1,7,0,0,,industrial,2
2017-07-05,Manali,0.1,2,7,0,0,,industrial,2
2017-07-06,Manali,0.1,3,7,0,0,,industrial,2
2017-07-07,Manali,0.1,4,7,0,0,,industrial,2
2017-07-08,Manali,0.1,5,7,1,0,,industrial,2
2017-07-09,Manali,0.1,6,7,1,0,,industrial,2
2017-07-10,Manali,0.1,0,7,0,0,,industrial,2
2017-07-11,Manali,0.1,1,7,0,0,,industrial,2
2017-07-12,Manali,0.1,2,7,0,0,,industrial,2
2017-07-13,Manali,0.1,3,7,0,0,,industrial,2
2017-07-14,Manali,0.1,4,7,0,0,,industrial,2
2017-07-15,Manali,0.1,5,7,1,0,,industrial,2
2017-07-16,Manali,0.1,6,7,1,0,,industrial,2
2017-07-17,Manali,0.1,0,7,0,0,,industrial,2
2017-07-18,Manali,0.1,1,7,0,0,,industrial,2
2017-07-19,Manali,0.1,2,7,0,0,,industrial,2
2017-07-20,Manali,0.1,3,7,0,0,,industrial,2
2017-07-21,Manali,0.1,4,7,0,0,,industrial,2
2017-07-22,Manali,0.1,5,7,1,0,,industrial,2
2017-07-23,Manali,0.1,6,7,1,0,,industrial,2
2017-07-24,Manali,0.1,0,7,0,0,,industrial,2
2017-07-25,Manali,0.1,1,7,0,0,,industrial,2
2017-07-26,Manali,0.1,2,7,0,0,,industrial,2
2017-07-27,Manali,0.1,3,7,0,0,,industrial,2
2017-07-28,Manali,0.1,4,7,0,0,,industrial,2
2017-07-29,Manali,0.1,5,7,1,0,,industrial,2
2017-07-30,Manali,0.1,6,7,1,0,,industrial,2
2017-07-31,Manali,0.1,0,7,0,0,,industrial,2
2017-08-01,Manali,0.1,1,8,0,0,,industrial,2
2017-08-02,Manali,0.1,2,8,0,0,,industrial,2
2017-08-03,Manali,0.1,3,8,0,0,,industrial,2
2017-08-04,Manali,0.1,4,8,0,0,,industrial,2
2017-08-05,Manali,0.1,5,8,1,0,,industrial,2
2017-08-06,Manali,0.1,6,8,1,0,,industrial,2
2017-08-07,Manali,0.1,0,8,0,0,,industrial,2
2017-08-08,Manali,0.1,1,8,0,0,,industrial,2
2017-08-09,Manali,0.1,2,8,0,0,,industrial,2
2017-08-10,Manali,0.1,3,8,0,0,,industrial,2
2017-08-11,Manali,0.1,4,8,0,0,,industrial,2
2017-08-12,Manali,0.1,5,8,1,0,,industrial,2
2017-08-13,Manali,0.1,6,8,1,0,,industrial,2
2017-08-14,Manali,0.1,0,8,0,0,,industrial,2
2017-08-15,Manali,0.1,1,8,0,1,Independence,industrial,2
2017-08-16,Manali,0.1,2,8,0,0,,industrial,2
2017-08-17,Manali,0.1,3,8,0,0,,industrial,2
2017-08-18,Manali,0.1,4,8,0,0,,industrial,2
2017-08-19,Manali,0.1,5,8,1,0,,industrial,2
2017-08-20,Manali,0.1,6,8,1,0,,industrial,2
2017-08-21,Manali,0.1,0,8,0,0,,industrial,2
2017-08-22,Manali,0.1,1,8,0,0,,industrial,2
2017-08-23,Manali,0.1,2,8,0,0,,industrial,2
2017-08-24,Manali,0.1,3,8,0,0,,industrial,2
2017-08-25,Manali,0.1,4,8,0,0,,industrial,2
2017-08-26,Manali,0.1,5,8,1,0,,industrial,2
2017-08-27,Manali,0.1,6,8,1,0,,industrial,2
2017-08-28,Manali,0.1,0,8,0,0,,industrial,2
2017-08-29,Manali,0.1,1,8,0,0,,industrial,2
2017-08-30,Manali,0.1,2,8,0,0,,industrial,2
2017-08-31,Manali,0.1,3,8,0,0,,industrial,2
2017-09-01,Manali,0.1,4,9,0,0,,industrial,2
2017-09-02,Manali,0.1,5,9,1,0,,industrial,2
2017-09-03,Manali,0.1,6,9,1,0,,industrial,2
2017-09-04,Manali,0.1,0,9,0,0,,industrial,2
2017-09-05,Manali,0.1,1,9,0,0,,industrial,2
2017-09-06,Manali,0.1,2,9,0,0,,industrial,2
2017-09-07,Manali,0.1,3,9,0,0,,industrial,2
2017-09-08,Manali,0.1,4,9,0,1,Ganesh Chathurthi,industrial,2
2017-09-09,Manali,0.1,5,9,1,1,Ganesh Chathurthi,industrial,2
2017-09-10,Manali,0.1,6,9,1,1,Ganesh Chathurthi,industrial,2
2017-09-11,Manali,0.1,0,9,0,1,Ganesh Chathurthi,industrial,2
2017-09-12,Manali,0.1,1,9,0,1,Ganesh Chathurthi,industrial,2
2017-09-13,Manali,0.1,2,9,0,0,,industrial,2
2017-09-14,Manali,0.1,3,9,0,0,,industrial,2
2017-09-15,Manali,0.1,4,9,0,0,,industrial,2
2017-09-16,Manali,0.1,5,9,1,0,,industrial,2
2017-09-17,Manali,0.1,6,9,1,0,,industrial,2
2017-09-18,Manali,0.1,0,9,0,0,,industrial,2
2017-09-19,Manali,0.1,1,9,0,0,,industrial,2
2017-09-20,Manali,0.1,2,9,0,0,,industrial,2
2017-09-21,Manali,0.1,3,9,0,0,,industrial,2
2017-09-22,Manali,0.1,4,9,0,0,,industrial,2
2017-09-23,Manali,0.1,5,9,1,0,,industrial,2
2017-09-24,Manali,0.1,6,9,1,0,,industrial,2
2017-09-25,Manali,0.1,0,9,0,0,,industrial,2
2017-09-26,Manali,0.1,1,9,0,0,,industrial,2
2017-09-27,Manali,0.1,2,9,0,0,,industrial,2
2017-09-28,Manali,0.1,3,9,0,0,,industrial,2
2017-09-29,Manali,0.1,4,9,0,0,,industrial,2
2017-09-30,Manali,0.1,5,9,1,0,,industrial,2
2017-10-01,Manali,0.1,6,10,1,0,,industrial,2
2017-10-02,Manali,0.1,0,10,0,0,,industrial,2
2017-10-03,Manali,0.1,1,10,0,0,,industrial,2
2017-10-04,Manali,0.1,2,10,0,1,Dussehra,industrial,2
2017-10-05,Manali,0.105,3,10,0,1,Dussehra,industrial,2
2017-10-06,Manali,0.1,4,10,0,1,Dussehra,industrial,2
2017-10-07,Manali,0.1,5,10,1,0,,industrial,2
2017-10-08,Manali,0.1,6,10,1,0,,industrial,2
2017-10-09,Manali,0.1,0,10,0,0,,industrial,2
2017-10-10,Manali,0.1,1,10,0,0,,industrial,2
2017-10-11,Manali,0.1,2,10,0,0,,industrial,2
2017-10-12,Manali,0.1,3,10,0,0,,industrial,2
2017-10-13,Manali,0.1,4,10,0,0,,industrial,2
2017-10-14,Manali,0.1,5,10,1,0,,industrial,2
2017-10-15,Manali,0.1,6,10,1,0,,industrial,2
2017-10-16,Manali,0.1,0,10,0,0,,industrial,2
2017-10-17,Manali,0.1,1,10,0,0,,industrial,2
2017-10-18,Manali,0.1,2,10,0,0,,industrial,2
2017-10-19,Manali,0.1,3,10,0,0,,industrial,2
2017-10-20,Manali,0.1,4,10,0,0,,industrial,2
2017-10-21,Manali,0.1,5,10,1,0,,industrial,2
2017-10-22,Manali,0.1,6,10,1,1,Deepavali,industrial,2
2017-10-23,Manali,0.114,0,10,0,1,Deepavali,industrial,2
2017-10-24,Manali,0.113,1,10,0,1,Deepavali,industrial,2
2017-10-25,Manali,0.106,2,10,0,1,Deepavali,industrial,2
2017-10-26,Manali,0.1,3,10,0,1,Deepavali,industrial,2
2017-10-27,Manali,0.1,4,10,0,0,,industrial,2
2017-10-28,Manali,0.1,5,10,1,0,,industrial,2
2017-10-29,Manali,0.1,6,10,1,0,,industrial,2
2017-10-30,Manali,0.1,0,10,0,0,,industrial,2
2017-10-31,Manali,0.1,1,10,0,0,,industrial,2
2017-11-01,Manali,0.1,2,11,0,0,,industrial,2
2017-11-02,Manali,0.1,3,11,0,0,,industrial,2
2017-11-03,Manali,0.1,4,11,0,0,,industrial,2
2017-11-04,Manali,0.1,5,11,1,0,,industrial,2
2017-11-05,Manali,0.1,6,11,1,0,,industrial,2
2017-11-06,Manali,0.1,0,11,0,0,,industrial,2
2017-11-07,Manali,0.1,1,11,0,0,,industrial,2
2017-11-08,Manali,0.1,2,11,0,0,,industrial,2
2017-11-09,Manali,0.1,3,11,0,0,,industrial,2
2017-11-10,Manali,0.1,4,11,0,0,,industrial,2
2017-11-11,Manali,0.1,5,11,1,0,,industrial,2
2017-11-12,Manali,0.1,6,11,1,0,,industrial,2
2017-11-13,Manali,0.1,0,11,0,0,,industrial,2
2017-11-14,Manali,0.1,1,11,0,0,,industrial,2
2017-11-15,Manali,0.1,2,11,0,0,,industrial,2
2017-11-16,Manali,0.1,3,11,0,0,,industrial,2
2017-11-17,Manali,0.1,4,11,0,0,,industrial,2
2017-11-18,Manali,0.1,5,11,1,0,,industrial,2
2017-11-19,Manali,0.1,6,11,1,0,,industrial,2
2017-11-20,Manali,0.1,0,11,0,0,,industrial,2
2017-11-21,Manali,0.1,1,11,0,0,,industrial,2
2017-11-22,Manali,0.1,2,11,0,0,,industrial,2
2017-11-23,Manali,0.1,3,11,0,0,,industrial,2
2017-11-24,Manali,0.1,4,11,0,0,,industrial,2
2017-11-25,Manali,0.1,5,11,1,0,,industrial,2
2017-11-26,Manali,0.1,6,11,1,0,,industrial,2
2017-11-27,Manali,0.1,0,11,0,0,,industrial,2
2017-11-28,Manali,0.1,1,11,0,0,,industrial,2
2017-11-29,Manali,0.1,2,11,0,0,,industrial,2
2017-11-30,Manali,0.1,3,11,0,0,,industrial,2
2017-12-01,Manali,0.1,4,12,0,0,,industrial,2
2017-12-02,Manali,0.1,5,12,1,0,,industrial,2
2017-12-03,Manali,0.1,6,12,1,0,,industrial,2
2017-12-04,Manali,0.1,0,12,0,0,,industrial,2
2017-12-05,Manali,0.1,1,12,0,0,,industrial,2
2017-12-06,Manali,0.1,2,12,0,0,,industrial,2
2017-12-07,Manali,0.1,3,12,0,0,,industrial,2
2017-12-08,Manali,0.1,4,12,0,0,,industrial,2
2017-12-09,Manali,0.1,5,12,1,0,,industrial,2
2017-12-10,Manali,0.1,6,12,1,0,,industrial,2
2017-12-11,Manali,0.1,0,12,0,0,,industrial,2
2017-12-12,Manali,0.1,1,12,0,0,,industrial,2
2017-12-13,Manali,0.1,2,12,0,0,,industrial,2
2017-12-14,Manali,0.1,3,12,0,0,,industrial,2
2017-12-15,Manali,0.1,4,12,0,0,,industrial,2
2017-12-16,Manali,0.1,5,12,1,0,,industrial,2
2017-12-17,Manali,0.1,6,12,1,0,,industrial,2
2017-12-18,Manali,0.1,0,12,0,0,,industrial,2
2017-12-19,Manali,0.1,1,12,0,0,,industrial,2
2017-12-20,Manali,0.1,2,12,0,0,,industrial,2
2017-12-21,Manali,0.1,3,12,0,0,,industrial,2
2017-12-22,Manali,0.1,4,12,0,0,,industrial,2
2017-12-23,Manali,0.1,5,12,1,0,,industrial,2
2017-12-24,Manali,0.1,6,12,1,1,Christmas,industrial,2
2017-12-25,Manali,0.102,0,12,0,1,Christmas,industrial,2
2017-12-26,Manali,0.1,1,12,0,1,Christmas,industrial,2
2017-12-27,Manali,0.1,2,12,0,0,,industrial,2
2017-12-28,Manali,0.1,3,12,0,0,,industrial,2
2017-12-29,Manali,0.1,4,12,0,0,,industrial,2
2017-12-30,Manali,0.1,5,12,1,1,New Year,industrial,2
2017-12-31,Manali,0.1,6,12,1,1,New Year,industrial,2
2018-01-01,Manali,0.1,0,1,0,0,,industrial,2
2018-01-02,Manali,0.1,1,1,0,0,,industrial,2
2018-01-03,Manali,0.1,2,1,0,0,,industrial,2
2018-01-04,Manali,0.1,3,1,0,0,,industrial,2
2018-01-05,Manali,0.1,4,1,0,0,,industrial,2
2018-01-06,Manali,0.1,5,1,1,0,,industrial,2
2018-01-07,Manali,0.1,6,1,1,0,,industrial,2
2018-01-08,Manali,0.1,0,1,0,0,,industrial,2
2018-01-09,Manali,0.1,1,1,0,0,,industrial,2
2018-01-10,Manali,0.1,2,1,0,0,,industrial,2
2018-01-11,Manali,0.1,3,1,0,0,,industrial,2
2018-01-12,Manali,0.1,4,1,0,1,Pongal,industrial,2
2018-01-13,Manali,0.1,5,1,1,1,Pongal,industrial,2
2018-01-14,Manali,0.1,6,1,1,1,Pongal,industrial,2
2018-01-15,Manali,0.105,0,1,0,1,Pongal,industrial,2
2018-01-16,Manali,0.1,1,1,0,1,Pongal,industrial,2
2018-01-17,Manali,0.1,2,1,0,0,,industrial,2
2018-01-18,Manali,0.1,3,1,0,0,,industrial,2
2018-01-19,Manali,0.1,4,1,0,0,,industrial,2
2018-01-20,Manali,0.1,5,1,1,0,,industrial,2
2018-01-21,Manali,0.1,6,1,1,0,,industrial,2
2018-01-22,Manali,0.1,0,1,0,0,,industrial,2
2018-01-23,Manali,0.1,1,1,0,0,,industrial,2
2018-01-24,Manali,0.1,2,1,0,0,,industrial,2
2018-01-25,Manali,0.1,3,1,0,0,,industrial,2
2018-01-26,Manali,0.1,4,1,0,1,Republic Day,industrial,2
2018-01-27,Manali,0.1,5,1,1,0,,industrial,2
2018-01-28,Manali,0.1,6,1,1,0,,industrial,2
2018-01-29,Manali,0.1,0,1,0,0,,industrial,2
2018-01-30,Manali,0.1,1,1,0,0,,industrial,2
2018-01-31,Manali,0.1,2,1,0,0,,industrial,2
2018-02-01,Manali,0.1,3,2,0,0,,industrial,2
2018-02-02,Manali,0.1,4,2,0,0,,industrial,2
2018-02-03,Manali,0.1,5,2,1,0,,industrial,2
2018-02-04,Manali,0.1,6,2,1,0,,industrial,2
2018-02-05,Manali,0.1,0,2,0,0,,industrial,2
2018-02-06,Manali,0.1,1,2,0,0,,industrial,2
2018-02-07,Manali,0.1,2,2,0,0,,industrial,2
2018-02-08,Manali,0.1,3,2,0,0,,industrial,2
2018-02-09,Manali,0.1,4,2,0,0,,industrial,2
2018-02-10,Manali,0.1,5,2,1,0,,industrial,2
2018-02-11,Manali,0.1,6,2,1,0,,industrial,2
2018-02-12,Manali,0.1,0,2,0,0,,industrial,2
2018-02-13,Manali,0.1,1,2,0,0,,industrial,2
2018-02-14,Manali,0.1,2,2,0,0,,industrial,2
2018-02-15,Manali,0.1,3,2,0,0,,industrial,2
2018-02-16,Manali,0.1,4,2,0,0,,industrial,2
2018-02-17,Manali,0.1,5,2,1,0,,industrial,2
2018-02-18,Manali,0.1,6,2,1,0,,industrial,2
2018-02-19,Manali,0.1,0,2,0,0,,industrial,2
2018-02-20,Manali,0.1,1,2,0,0,,industrial,2
2018-02-21,Manali,0.1,2,2,0,0,,industrial,2
2018-02-22,Manali,0.1,3,2,0,0,,industrial,2
2018-02-23,Manali,0.1,4,2,0,0,,industrial,2
2018-02-24,Manali,0.1,5,2,1,0,,industrial,2
2018-02-25,Manali,0.1,6,2,1,0,,industrial,2
2018-02-26,Manali,0.1,0,2,0,0,,industrial,2
2018-02-27,Manali,0.1,1,2,0,0,,industrial,2
2018-02-28,Manali,0.1,2,2,0,0,,industrial,2
2018-03-01,Manali,0.1,3,3,0,0,,industrial,2
2018-03-02,Manali,0.1,4,3,0,0,,industrial,2
2018-03-03,Manali,0.1,5,3,1,0,,industrial,2
2018-03-04,Manali,0.1,6,3,1,0,,industrial,2
2018-03-05,Manali,0.1,0,3,0,0,,industrial,2
2018-03-06,Manali,0.1,1,3,0,0,,industrial,2
2018-03-07,Manali,0.1,2,3,0,0,,industrial,2
2018-03-08,Manali,0.1,3,3,0,0,,industrial,2
2018-03-09,Manali,0.1,4,3,0,0,,industrial,2
2018-03-10,Manali,0.1,5,3,1,0,,industrial,2
2018-03-11,Manali,0.1,6,3,1,0,,industrial,2
2018-03-12,Manali,0.1,0,3,0,0,,industrial,2
2018-03-13,Manali,0.1,1,3,0,0,,industrial,2
2018-03-14,Manali,0.1,2,3,0,0,,industrial,2
2018-03-15,Manali,0.1,3,3,0,0,,industrial,2
2018-03-16,Manali,0.1,4,3,0,0,,industrial,2
2018-03-17,Manali,0.1,5,3,1,0,,industrial,2
2018-03-18,Manali,0.1,6,3,1,0,,industrial,2
2018-03-19,Manali,0.1,0,3,0,0,,industrial,2
2018-03-20,Manali,0.1,1,3,0,0,,industrial,2
2018-03-21,Manali,0.1,2,3,0,0,,industrial,2
2018-03-22,Manali,0.1,3,3,0,0,,industrial,2
2018-03-23,Manali,0.1,4,3,0,0,,industrial,2
2018-03-24,Manali,0.1,5,3,1,0,,industrial,2
2018-03-25,Manali,0.1,6,3,1,0,,industrial,2
2018-03-26,Manali,0.1,0,3,0,0,,industrial,2
2018-03-27,Manali,0.1,1,3,0,0,,industrial,2
2018-03-28,Manali,0.1,2,3,0,0,,industrial,2
2018-03-29,Manali,0.1,3,3,0,0,,industrial,2
2018-03-30,Manali,0.1,4,3,0,0,,industrial,2
2018-03-31,Manali,0.1,5,3,1,0,,industrial,2
2015-04-01,Perungudi,0.769,2,4,0,0,,industrial,14
2015-04-02,Perungudi,0.736,3,4,0,0,,industrial,14
2015-04-03,Perungudi,0.749,4,4,0,0,,industrial,14
2015-04-04,Perungudi,0.71,5,4,1,0,,industrial,14
2015-04-05,Perungudi,0.694,6,4,1,0,,industrial,14
2015-04-06,Perungudi,0.783,0,4,0,0,,industrial,14
2015-04-07,Perungudi,0.791,1,4,0,0,,industrial,14
2015-04-08,Perungudi,0.752,2,4,0,0,,industrial,14
2015-04-09,Perungudi,0.748,3,4,0,0,,industrial,14
2015-04-10,Perungudi,0.753,4,4,0,0,,industrial,14
2015-04-11,Perungudi,0.717,5,4,1,0,,industrial,14
2015-04-12,Perungudi,0.685,6,4,1,0,,industrial,14
2015-04-13,Perungudi,0.905,0,4,0,1,Tamil New Year,industrial,14
2015-04-14,Perungudi,0.953,1,4,0,1,Tamil New Year,industrial,14
2015-04-15,Perungudi,0.805,2,4,0,1,Tamil New Year,industrial,14
2015-04-16,Perungudi,0.797,3,4,0,0,,industrial,14
2015-04-17,Perungudi,0.79,4,4,0,0,,industrial,14
2015-04-18,Perungudi,0.69,5,4,1,0,,industrial,14
2015-04-19,Perungudi,0.684,6,4,1,0,,industrial,14
2015-04-20,Perungudi,0.88,0,4,0,1,Eid,industrial,14
2015-04-21,Perungudi,0.869,1,4,0,1,Eid,industrial,14
2015-04-22,Perungudi,0.866,2,4,0,1,Eid,industrial,14
2015-04-23,Perungudi,0.746,3,4,0,0,,industrial,14
2015-04-24,Perungudi,0.793,4,4,0,0,,industrial,14
2015-04-25,Perungudi,0.69,5,4,1,0,,industrial,14
2015-04-26,Perungudi,0.705,6,4,1,0,,industrial,14
2015-04-27,Perungudi,0.825,0,4,0,0,,industrial,14
2015-04-28,Perungudi,0.749,1,4,0,0,,industrial,14
2015-04-29,Perungudi,0.763,2,4,0,0,,industrial,14
2015-04-30,Perungudi,0.781,3,4,0,0,,industrial,14
2015-05-01,Perungudi,0.744,4,5,0,0,,industrial,14
2015-05-02,Perungudi,0.681,5,5,1,0,,industrial,14
2015-05-03,Perungudi,0.676,6,5,1,0,,industrial,14
2015-05-04,Perungudi,0.808,0,5,0,0,,industrial,14
2015-05-05,Perungudi,0.765,1,5,0,0,,industrial,14
2015-05-06,Perungudi,0.781,2,5,0,0,,industrial,14
2015-05-07,Perungudi,0.75,3,5,0,0,,industrial,14
2015-05-08,Perungudi,0.724,4,5,0,0,,industrial,14
2015-05-09,Perungudi,0.657,5,5,1,0,,industrial,14
2015-05-10,Perungudi,0.768,6,5,1,0,,industrial,14
2015-05-11,Perungudi,0.807,0,5,0,0,,industrial,14
2015-05-12,Perungudi,0.76,1,5,0,0,,industrial,14
2015-05-13,Perungudi,0.763,2,5,0,0,,industrial,14
2015-05-14,Perungudi,0.724,3,5,0,0,,industrial,14
2015-05-15,Perungudi,0.739,4,5,0,0,,industrial,14
2015-05-16,Perungudi,0.744,5,5,1,0,,industrial,14
2015-05-17,Perungudi,0.721,6,5,1,0,,industrial,14
2015-05-18,Perungudi,0.776,0,5,0,0,,industrial,14
2015-05-19,Perungudi,0.729,1,5,0,0,,industrial,14
2015-05-20,Perungudi,0.745,2,5,0,0,,industrial,14
2015-05-21,Perungudi,0.749,3,5,0,0,,industrial,14
2015-05-22,Perungudi,0.803,4,5,0,0,,industrial,14
2015-05-23,Perungudi,0.703,5,5,1,0,,industrial,14
2015-05-24,Perungudi,0.682,6,5,1,0,,industrial,14
2015-05-25,Perungudi,0.793,0,5,0,0,,industrial,14
2015-05-26,Perungudi,0.763,1,5,0,0,,industrial,14
2015-05-27,Perungudi,0.728,2,5,0,0,,industrial,14
2015-05-28,Perungudi,0.766,3,5,0,0,,industrial,14
2015-05-29,Perungudi,0.784,4,5,0,0,,industrial,14
2015-05-30,Perungudi,0.71,5,5,1,0,,industrial,14
2015-05-31,Perungudi,0.69,6,5,1,0,,industrial,14
2015-06-01,Perungudi,0.707,0,6,0,0,,industrial,14
2015-06-02,Perungudi,0.65,1,6,0,0,,industrial,14
2015-06-03,Perungudi,0.682,2,6,0,0,,industrial,14
2015-06-04,Perungudi,0.691,3,6,0,0,,industrial,14
2015-06-05,Perungudi,0.666,4,6,0,0,,industrial,14
2015-06-06,Perungudi,0.677,5,6,1,0,,industrial,14
2015-06-07,Perungudi,0.655,6,6,1,0,,industrial,14
2015-06-08,Perungudi,0.68,0,6,0,0,,industrial,14
2015-06-09,Perungudi,0.648,1,6,0,0,,industrial,14
2015-06-10,Perungudi,0.664,2,6,0,0,,industrial,14
2015-06-11,Perungudi,0.717,3,6,0,0,,industrial,14
2015-06-12,Perungudi,0.703,4,6,0,0,,industrial,14
2015-06-13,Perungudi,0.671,5,6,1,0,,industrial,14
2015-06-14,Perungudi,0.64,6,6,1,0,,industrial,14
2015-06-15,Perungudi,0.714,0,6,0,0,,industrial,14
2015-06-16,Perungudi,0.659,1,6,0,0,,industrial,14
2015-06-17,Perungudi,0.692,2,6,0,0,,industrial,14
2015-06-18,Perungudi,0.68,3,6,0,0,,industrial,14
2015-06-19,Perungudi,0.68,4,6,0,0,,industrial,14
2015-06-20,Perungudi,0.671,5,6,1,0,,industrial,14
2015-06-21,Perungudi,0.638,6,6,1,0,,industrial,14
2015-06-22,Perungudi,0.747,0,6,0,0,,industrial,14
2015-06-23,Perungudi,0.652,1,6,0,0,,industrial,14
2015-06-24,Perungudi,0.74,2,6,0,0,,industrial,14
2015-06-25,Perungudi,0.677,3,6,0,0,,industrial,14
2015-06-26,Perungudi,0.699,4,6,0,0,,industrial,14
2015-06-27,Perungudi,0.657,5,6,1,0,,industrial,14
2015-06-28,Perungudi,0.63,6,6,1,0,,industrial,14
2015-06-29,Perungudi,0.736,0,6,0,0,,industrial,14
2015-06-30,Perungudi,0.702,1,6,0,0,,industrial,14
2015-07-01,Perungudi,0.67,2,7,0,0,,industrial,14
2015-07-02,Perungudi,0.67,3,7,0,0,,industrial,14
2015-07-03,Perungudi,0.685,4,7,0,0,,industrial,14
2015-07-04,Perungudi,0.638,5,7,1,0,,industrial,14
2015-07-05,Perungudi,0.667,6,7,1,0,,industrial,14
2015-07-06,Perungudi,0.734,0,7,0,0,,industrial,14
2015-07-07,Perungudi,0.683,1,7,0,0,,industrial,14
2015-07-08,Perungudi,0.697,2,7,0,0,,industrial,14
2015-07-09,Perungudi,0.642,3,7,0,0,,industrial,14
2015-07-10,Perungudi,0.672,4,7,0,0,,industrial,14
2015-07-11,Perungudi,0.646,5,7,1,0,,industrial,14
2015-07-12,Perungudi,0.661,6,7,1,0,,industrial,14
2015-07-13,Perungudi,0.723,0,7,0,0,,industrial,14
2015-07-14,Perungudi,0.714,1,7,0,0,,industrial,14
2015-07-15,Perungudi,0.702,2,7,0,0,,industrial,14
2015-07-16,Perungudi,0.674,3,7,0,0,,industrial,14
2015-07-17,Perungudi,0.682,4,7,0,0,,industrial,14
2015-07-18,Perungudi,0.648,5,7,1,0,,industrial,14
2015-07-19,Perungudi,0.631,6,7,1,0,,industrial,14
2015-07-20,Perungudi,0.752,0,7,0,0,,industrial,14
2015-07-21,Perungudi,0.662,1,7,0,0,,industrial,14
2015-07-22,Perungudi,0.691,2,7,0,0,,industrial,14
2015-07-23,Perungudi,0.7,3,7,0,0,,industrial,14
2015-07-24,Perungudi,0.678,4,7,0,0,,industrial,14
2015-07-25,Perungudi,0.63,5,7,1,0,,industrial,14
2015-07-26,Perungudi,0.639,6,7,1,0,,industrial,14
2015-07-27,Perungudi,0.736,0,7,0,0,,industrial,14
2015-07-28,Perungudi,0.674,1,7,0,0,,industrial,14
2015-07-29,Perungudi,0.663,2,7,0,0,,industrial,14
2015-07-30,Perungudi,0.708,3,7,0,0,,industrial,14
2015-07-31,Perungudi,0.693,4,7,0,0,,industrial,14
2015-08-01,Perungudi,0.659,5,8,1,0,,industrial,14
2015-08-02,Perungudi,0.655,6,8,1,0,,industrial,14
2015-08-03,Perungudi,0.766,0,8,0,0,,industrial,14
2015-08-04,Perungudi,0.707,1,8,0,0,,industrial,14
2015-08-05,Perungudi,0.67,2,8,0,0,,industrial,14
2015-08-06,Perungudi,0.694,3,8,0,0,,industrial,14
2015-08-07,Perungudi,0.673,4,8,0,0,,industrial,14
2015-08-08,Perungudi,0.631,5,8,1,0,,industrial,14
2015-08-09,Perungudi,0.613,6,8,1,0,,industrial,14
2015-08-10,Perungudi,0.713,0,8,0,0,,industrial,14
2015-08-11,Perungudi,0.696,1,8,0,0,,industrial,14
2015-08-12,Perungudi,0.683,2,8,0,0,,industrial,14
2015-08-13,Perungudi,0.662,3,8,0,0,,industrial,14
2015-08-14,Perungudi,0.653,4,8,0,0,,industrial,14
2015-08-15,Perungudi,0.749,5,8,1,1,Independence,industrial,14
2015-08-16,Perungudi,0.646,6,8,1,0,,industrial,14
2015-08-17,Perungudi,0.701,0,8,0,0,,industrial,14
2015-08-18,Perungudi,0.694,1,8,0,0,,industrial,14
2015-08-19,Perungudi,0.729,2,8,0,0,,industrial,14
2015-08-20,Perungudi,0.697,3,8,0,0,,industrial,14
2015-08-21,Perungudi,0.627,4,8,0,0,,industrial,14
2015-08-22,Perungudi,0.691,5,8,1,0,,industrial,14
2015-08-23,Perungudi,0.605,6,8,1,0,,industrial,14
2015-08-24,Perungudi,0.714,0,8,0,0,,industrial,14
2015-08-25,Perungudi,0.661,1,8,0,0,,industrial,14
2015-08-26,Perungudi,0.669,2,8,0,0,,industrial,14
2015-08-27,Perungudi,0.69,3,8,0,0,,industrial,14
2015-08-28,Perungudi,0.642,4,8,0,0,,industrial,14
2015-08-29,Perungudi,0.638,5,8,1,0,,industrial,14
2015-08-30,Perungudi,0.662,6,8,1,0,,industrial,14
2015-08-31,Perungudi,0.701,0,8,0,0,,industrial,14
2015-09-01,Perungudi,0.656,1,9,0,0,,industrial,14
2015-09-02,Perungudi,0.682,2,9,0,0,,industrial,14
2015-09-03,Perungudi,0.678,3,9,0,0,,industrial,14
2015-09-04,Perungudi,0.672,4,9,0,0,,industrial,14
2015-09-05,Perungudi,0.617,5,9,1,0,,industrial,14
2015-09-06,Perungudi,0.65,6,9,1,0,,industrial,14
2015-09-07,Perungudi,0.732,0,9,0,0,,industrial,14
2015-09-08,Perungudi,0.74,1,9,0,1,Ganesh Chathurthi,industrial,14
2015-09-09,Perungudi,0.821,2,9,0,1,Ganesh Chathurthi,industrial,14
2015-09-10,Perungudi,0.928,3,9,0,1,Ganesh Chathurthi,industrial,14
2015-09-11,Perungudi,0.82,4,9,0,1,Ganesh Chathurthi,industrial,14
2015-09-12,Perungudi,0.719,5,9,1,1,Ganesh Chathurthi,industrial,14
2015-09-13,Perungudi,0.668,6,9,1,0,,industrial,14
2015-09-14,Perungudi,0.717,0,9,0,0,,industrial,14
2015-09-15,Perungudi,0.66,1,9,0,0,,industrial,14
2015-09-16,Perungudi,0.693,2,9,0,0,,industrial,14
2015-09-17,Perungudi,0.681,3,9,0,0,,industrial,14
2015-09-18,Perungudi,0.681,4,9,0,0,,industrial,14
2015-09-19,Perungudi,0.649,5,9,1,0,,industrial,14
2015-09-20,Perungudi,0.653,6,9,1,0,,industrial,14
2015-09-21,Perungudi,0.72,0,9,0,0,,industrial,14
2015-09-22,Perungudi,0.683,1,9,0,0,,industrial,14
2015-09-23,Perungudi,0.727,2,9,0,0,,industrial,14
2015-09-24,Perungudi,0.709,3,9,0,0,,industrial,14
2015-09-25,Perungudi,0.702,4,9,0,0,,industrial,14
2015-09-26,Perungudi,0.643,5,9,1,0,,industrial,14
2015-09-27,Perungudi,0.621,6,9,1,0,,industrial,14
2015-09-28,Perungudi,0.743,0,9,0,0,,industrial,14
2015-09-29,Perungudi,0.687,1,9,0,0,,industrial,14
2015-09-30,Perungudi,0.673,2,9,0,0,,industrial,14
2015-10-01,Perungudi,0.715,3,10,0,0,,industrial,14
2015-10-02,Perungudi,0.7,4,10,0,0,,industrial,14
2015-10-03,Perungudi,0.695,5,10,1,0,,industrial,14
2015-10-04,Perungudi,0.773,6,10,1,1,Dussehra,industrial,14
2015-10-05,Perungudi,0.951,0,10,0,1,Dussehra,industrial,14
2015-10-06,Perungudi,0.81,1,10,0,1,Dussehra,industrial,14
2015-10-07,Perungudi,0.706,2,10,0,0,,industrial,14
2015-10-08,Perungudi,0.675,3,10,0,0,,industrial,14
2015-10-09,Perungudi,0.69,4,10,0,0,,industrial,14
2015-10-10,Perungudi,0.659,5,10,1,0,,industrial,14
2015-10-11,Perungudi,0.656,6,10,1,0,,industrial,14
2015-10-12,Perungudi,0.763,0,10,0,0,,industrial,14
2015-10-13,Perungudi,0.738,1,10,0,0,,industrial,14
2015-10-14,Perungudi,0.718,2,10,0,0,,industrial,14
2015-10-15,Perungudi,0.751,3,10,0,0,,industrial,14
2015-10-16,Perungudi,0.704,4,10,0,0,,industrial,14
2015-10-17,Perungudi,0.671,5,10,1,0,,industrial,14
2015-10-18,Perungudi,0.673,6,10,1,0,,industrial,14
2015-10-19,Perungudi,0.781,0,10,0,0,,industrial,14
2015-10-20,Perungudi,0.723,1,10,0,0,,industrial,14
2015-10-21,Perungudi,0.723,2,10,0,0,,industrial,14
2015-10-22,Perungudi,0.776,3,10,0,1,Deepavali,industrial,14
2015-10-23,Perungudi,0.888,4,10,0,1,Deepavali,industrial,14
2015-10-24,Perungudi,0.974,5,10,1,1,Deepavali,industrial,14
2015-10-25,Perungudi,0.8,6,10,1,1,Deepavali,industrial,14
2015-10-26,Perungudi,0.892,0,10,0,1,Deepavali,industrial,14
2015-10-27,Perungudi,0.731,1,10,0,0,,industrial,14
2015-10-28,Perungudi,0.704,2,10,0,0,,industrial,14
2015-10-29,Perungudi,0.703,3,10,0,0,,industrial,14
2015-10-30,Perungudi,0.762,4,10,0,0,,industrial,14
2015-10-31,Perungudi,0.702,5,10,1,0,,industrial,14
2015-11-01,Perungudi,0.671,6,11,1,0,,industrial,14
2015-11-02,Perungudi,0.76,0,11,0,0,,industrial,14
2015-11-03,Perungudi,0.707,1,11,0,0,,industrial,14
2015-11-04,Perungudi,0.723,2,11,0,0,,industrial,14
2015-11-05,Perungudi,0.706,3,11,0,0,,industrial,14
2015-11-06,Perungudi,0.719,4,11,0,0,,industrial,14
2015-11-07,Perungudi,0.71,5,11,1,0,,industrial,14
2015-11-08,Perungudi,0.672,6,11,1,0,,industrial,14
2015-11-09,Perungudi,0.733,0,11,0,0,,industrial,14
2015-11-10,Perungudi,0.691,1,11,0,0,,industrial,14
2015-11-11,Perungudi,0.723,2,11,0,0,,industrial,14
2015-11-12,Perungudi,0.704,3,11,0,0,,industrial,14
2015-11-13,Perungudi,0.726,4,11,0,0,,industrial,14
2015-11-14,Perungudi,0.641,5,11,1,0,,industrial,14
2015-11-15,Perungudi,0.688,6,11,1,0,,industrial,14
2015-11-16,Perungudi,0.733,0,11,0,0,,industrial,14
2015-11-17,Perungudi,0.722,1,11,0,0,,industrial,14
2015-11-18,Perungudi,0.713,2,11,0,0,,industrial,14
2015-11-19,Perungudi,0.758,3,11,0,0,,industrial,14
2015-11-20,Perungudi,0.724,4,11,0,0,,industrial,14
2015-11-21,Perungudi,0.713,5,11,1,0,,industrial,14
2015-11-22,Perungudi,0.685,6,11,1,0,,industrial,14
2015-11-23,Perungudi,0.789,0,11,0,0,,industrial,14
2015-11-24,Perungudi,0.716,1,11,0,0,,industrial,14
2015-11-25,Perungudi,0.728,2,11,0,0,,industrial,14
2015-11-26,Perungudi,0.747,3,11,0,0,,industrial,14
2015-11-27,Perungudi,0.74,4,11,0,0,,industrial,14
2015-11-28,Perungudi,0.684,5,11,1,0,,industrial,14
2015-11-29,Perungudi,0.667,6,11,1,0,,industrial,14
2015-11-30,Perungudi,0.753,0,11,0,0,,industrial,14
2015-12-01,Perungudi,0.745,1,12,0,0,,industrial,14
2015-12-02,Perungudi,0.75,2,12,0,0,,industrial,14
2015-12-03,Perungudi,0.708,3,12,0,0,,industrial,14
2015-12-04,Perungudi,0.704,4,12,0,0,,industrial,14
2015-12-05,Perungudi,0.655,5,12,1,0,,industrial,14
2015-12-06,Perungudi,0.69,6,12,1,0,,industrial,14
2015-12-07,Perungudi,0.735,0,12,0,0,,industrial,14
2015-12-08,Perungudi,0.738,1,12,0,0,,industrial,14
2015-12-09,Perungudi,0.732,2,12,0,0,,industrial,14
2015-12-10,Perungudi,0.709,3,12,0,0,,industrial,14
2015-12-11,Perungudi,0.754,4,12,0,0,,industrial,14
2015-12-12,Perungudi,0.644,5,12,1,0,,industrial,14
2015-12-13,Perungudi,0.707,6,12,1,0,,industrial,14
2015-12-14,Perungudi,0.764,0,12,0,0,,industrial,14
2015-12-15,Perungudi,0.676,1,12,0,0,,industrial,14
2015-12-16,Perungudi,0.755,2,12,0,0,,industrial,14
2015-12-17,Perungudi,0.742,3,12,0,0,,industrial,14
2015-12-18,Perungudi,0.711,4,12,0,0,,industrial,14
2015-12-19,Perungudi,0.654,5,12,1,0,,industrial,14
2015-12-20,Perungudi,0.642,6,12,1,0,,industrial,14
2015-12-21,Perungudi,0.811,0,12,0,0,,industrial,14
2015-12-22,Perungudi,0.701,1,12,0,0,,industrial,14
2015-12-23,Perungudi,0.693,2,12,0,0,,industrial,14
2015-12-24,Perungudi,0.781,3,12,0,1,Christmas,industrial,14
2015-12-25,Perungudi,0.788,4,12,0,1,Christmas,industrial,14
2015-12-26,Perungudi,0.703,5,12,1,1,Christmas,industrial,14
2015-12-27,Perungudi,0.694,6,12,1,0,,industrial,14
2015-12-28,Perungudi,0.767,0,12,0,0,,industrial,14
2015-12-29,Perungudi,0.712,1,12,0,0,,industrial,14
2015-12-30,Perungudi,0.793,2,12,0,1,New Year,industrial,14
2015-12-31,Perungudi,0.853,3,12,0,1,New Year,industrial,14
2016-01-01,Perungudi,0.719,4,1,0,0,,industrial,14
2016-01-02,Perungudi,0.658,5,1,1,0,,industrial,14
2016-01-03,Perungudi,0.662,6,1,1,0,,industrial,14
2016-01-04,Perungudi,0.743,0,1,0,0,,industrial,14
2016-01-05,Perungudi,0.705,1,1,0,0,,industrial,14
2016-01-06,Perungudi,0.743,2,1,0,0,,industrial,14
2016-01-07,Perungudi,0.737,3,1,0,0,,industrial,14
2016-01-08,Perungudi,0.7,4,1,0,0,,industrial,14
2016-01-09,Perungudi,0.65,5,1,1,0,,industrial,14
2016-01-10,Perungudi,0.671,6,1,1,0,,industrial,14
2016-01-11,Perungudi,0.805,0,1,0,0,,industrial,14
2016-01-12,Perungudi,0.768,1,1,0,1,Pongal,industrial,14
2016-01-13,Perungudi,0.86,2,1,0,1,Pongal,industrial,14
2016-01-14,Perungudi,0.939,3,1,0,1,Pongal,industrial,14
2016-01-15,Perungudi,0.862,4,1,0,1,Pongal,industrial,14
2016-01-16,Perungudi,0.731,5,1,1,1,Pongal,industrial,14
2016-01-17,Perungudi,0.697,6,1,1,0,,industrial,14
2016-01-18,Perungudi,0.767,0,1,0,0,,industrial,14
2016-01-19,Perungudi,0.739,1,1,0,0,,industrial,14
2016-01-20,Perungudi,0.733,2,1,0,0,,industrial,14
2016-01-21,Perungudi,0.74,3,1,0,0,,industrial,14
2016-01-22,Perungudi,0.755,4,1,0,0,,industrial,14
2016-01-23,Perungudi,0.701,5,1,1,0,,industrial,14
2016-01-24,Perungudi,0.721,6,1,1,0,,industrial,14
2016-01-25,Perungudi,0.784,0,1,0,0,,industrial,14
2016-01-26,Perungudi,0.777,1,1,0,1,Republic Day,industrial,14
2016-01-27,Perungudi,0.739,2,1,0,0,,industrial,14
2016-01-28,Perungudi,0.736,3,1,0,0,,industrial,14
2016-01-29,Perungudi,0.762,4,1,0,0,,industrial,14
2016-01-30,Perungudi,0.654,5,1,1,0,,industrial,14
2016-01-31,Perungudi,0.685,6,1,1,0,,industrial,14
2016-02-01,Perungudi,0.741,0,2,0,0,,industrial,14
2016-02-02,Perungudi,0.732,1,2,0,0,,industrial,14
2016-02-03,Perungudi,0.716,2,2,0,0,,industrial,14
2016-02-04,Perungudi,0.731,3,2,0,0,,industrial,14
2016-02-05,Perungudi,0.69,4,2,0,0,,industrial,14
2016-02-06,Perungudi,0.69,5,2,1,0,,industrial,14
2016-02-07,Perungudi,0.678,6,2,1,0,,industrial,14
2016-02-08,Perungudi,0.76,0,2,0,0,,industrial,14
2016-02-09,Perungudi,0.763,1,2,0,0,,industrial,14
2016-02-10,Perungudi,0.712,2,2,0,0,,industrial,14
2016-02-11,Perungudi,0.728,3,2,0,0,,industrial,14
2016-02-12,Perungudi,0.723,4,2,0,0,,industrial,14
2016-02-13,Perungudi,0.678,5,2,1,0,,industrial,14
2016-02-14,Perungudi,0.719,6,2,1,0,,industrial,14
2016-02-15,Perungudi,0.758,0,2,0,0,,industrial,14
2016-02-16,Perungudi,0.708,1,2,0,0,,industrial,14
2016-02-17,Perungudi,0.761,2,2,0,0,,industrial,14
2016-02-18,Perungudi,0.714,3,2,0,0,,industrial,14
2016-02-19,Perungudi,0.686,4,2,0,0,,industrial,14
2016-02-20,Perungudi,0.659,5,2,1,0,,industrial,14
2016-02-21,Perungudi,0.649,6,2,1,0,,industrial,14
2016-02-22,Perungudi,0.716,0,2,0,0,,industrial,14
2016-02-23,Perungudi,0.713,1,2,0,0,,industrial,14
2016-02-24,Perungudi,0.719,2,2,0,0,,industrial,14
2016-02-25,Perungudi,0.746,3,2,0,0,,industrial,14
2016-02-26,Perungudi,0.734,4,2,0,0,,industrial,14
2016-02-27,Perungudi,0.686,5,2,1,0,,industrial,14
2016-02-28,Perungudi,0.656,6,2,1,0,,industrial,14
2016-02-29,Perungudi,0.777,0,2,0,0,,industrial,14
2016-03-01,Perungudi,0.788,1,3,0,0,,industrial,14
2016-03-02,Perungudi,0.766,2,3,0,0,,industrial,14
2016-03-03,Perungudi,0.766,3,3,0,0,,industrial,14
2016-03-04,Perungudi,0.728,4,3,0,0,,industrial,14
2016-03-05,Perungudi,0.73,5,3,1,0,,industrial,14
2016-03-06,Perungudi,0.745,6,3,1,0,,industrial,14
2016-03-07,Perungudi,0.802,0,3,0,0,,industrial,14
2016-03-08,Perungudi,0.743,1,3,0,0,,industrial,14
2016-03-09,Perungudi,0.753,2,3,0,0,,industrial,14
2016-03-10,Perungudi,0.747,3,3,0,0,,industrial,14
2016-03-11,Perungudi,0.748,4,3,0,0,,industrial,14
2016-03-12,Perungudi,0.721,5,3,1,0,,industrial,14
2016-03-13,Perungudi,0.713,6,3,1,0,,industrial,14
2016-03-14,Perungudi,0.818,0,3,0,0,,industrial,14
2016-03-15,Perungudi,0.765,1,3,0,0,,industrial,14
2016-03-16,Perungudi,0.737,2,3,0,0,,industrial,14
2016-03-17,Perungudi,0.745,3,3,0,0,,industrial,14
2016-03-18,Perungudi,0.744,4,3,0,0,,industrial,14
2016-03-19,Perungudi,0.703,5,3,1,0,,industrial,14
2016-03-20,Perungudi,0.745,6,3,1,0,,industrial,14
2016-03-21,Perungudi,0.841,0,3,0,0,,industrial,14
2016-03-22,Perungudi,0.776,1,3,0,0,,industrial,14
2016-03-23,Perungudi,0.759,2,3,0,0,,industrial,14
2016-03-24,Perungudi,0.726,3,3,0,0,,industrial,14
2016-03-25,Perungudi,0.762,4,3,0,0,,industrial,14
2016-03-26,Perungudi,0.691,5,3,1,0,,industrial,14
2016-03-27,Perungudi,0.742,6,3,1,0,,industrial,14
2016-03-28,Perungudi,0.756,0,3,0,0,,industrial,14
2016-03-29,Perungudi,0.765,1,3,0,0,,industrial,14
2016-03-30,Perungudi,0.737,2,3,0,0,,industrial,14
2016-04-01,Perungudi,0.742,4,4,0,0,,industrial,14
2016-04-02,Perungudi,0.708,5,4,1,0,,industrial,14
2016-04-03,Perungudi,0.715,6,4,1,0,,industrial,14
2016-04-04,Perungudi,0.778,0,4,0,0,,industrial,14
2016-04-05,Perungudi,0.759,1,4,0,0,,industrial,14
2016-04-06,Perungudi,0.727,2,4,0,0,,industrial,14
2016-04-07,Perungudi,0.748,3,4,0,0,,industrial,14
2016-04-08,Perungudi,0.765,4,4,0,0,,industrial,14
2016-04-09,Perungudi,0.701,5,4,1,0,,industrial,14
2016-04-10,Perungudi,0.683,6,4,1,0,,industrial,14
2016-04-11,Perungudi,0.773,0,4,0,0,,industrial,14
2016-04-12,Perungudi,0.765,1,4,0,0,,industrial,14
2016-04-13,Perungudi,0.808,2,4,0,1,Tamil New Year,industrial,14
2016-04-14,Perungudi,0.901,3,4,0,1,Tamil New Year,industrial,14
2016-04-15,Perungudi,0.85,4,4,0,1,Tamil New Year,industrial,14
2016-04-16,Perungudi,0.685,5,4,1,0,,industrial,14
2016-04-17,Perungudi,0.664,6,4,1,0,,industrial,14
2016-04-18,Perungudi,0.811,0,4,0,0,,industrial,14
2016-04-19,Perungudi,0.718,1,4,0,0,,industrial,14
2016-04-20,Perungudi,0.812,2,4,0,1,Eid,industrial,14
2016-04-21,Perungudi,0.874,3,4,0,1,Eid,industrial,14
2016-04-22,Perungudi,0.809,4,4,0,1,Eid,industrial,14
2016-04-23,Perungudi,0.676,5,4,1,0,,industrial,14
2016-04-24,Perungudi,0.709,6,4,1,0,,industrial,14
2016-04-25,Perungudi,0.782,0,4,0,0,,industrial,14
2016-04-26,Perungudi,0.764,1,4,0,0,,industrial,14
2016-04-27,Perungudi,0.729,2,4,0,0,,industrial,14
2016-04-28,Perungudi,0.79,3,4,0,0,,industrial,14
2016-04-29,Perungudi,0.7,4,4,0,0,,industrial,14
2016-04-30,Perungudi,0.661,5,4,1,0,,industrial,14
2016-05-01,Perungudi,0.73,6,5,1,0,,industrial,14
2016-05-02,Perungudi,0.79,0,5,0,0,,industrial,14
2016-05-03,Perungudi,0.75,1,5,0,0,,industrial,14
2016-05-04,Perungudi,0.752,2,5,0,0,,industrial,14
2016-05-05,Perungudi,0.755,3,5,0,0,,industrial,14
2016-05-06,Perungudi,0.749,4,5,0,0,,industrial,14
2016-05-07,Perungudi,0.674,5,5,1,0,,industrial,14
2016-05-08,Perungudi,0.711,6,5,1,0,,industrial,14
2016-05-09,Perungudi,0.795,0,5,0,0,,industrial,14
2016-05-10,Perungudi,0.774,1,5,0,0,,industrial,14
2016-05-11,Perungudi,0.781,2,5,0,0,,industrial,14
2016-05-12,Perungudi,0.75,3,5,0,0,,industrial,14
2016-05-13,Perungudi,0.715,4,5,0,0,,industrial,14
2016-05-14,Perungudi,0.731,5,5,1,0,,industrial,14
2016-05-15,Perungudi,0.673,6,5,1,0,,industrial,14
2016-05-16,Perungudi,0.787,0,5,0,0,,industrial,14
2016-05-17,Perungudi,0.736,1,5,0,0,,industrial,14
2016-05-18,Perungudi,0.733,2,5,0,0,,industrial,14
2016-05-19,Perungudi,0.759,3,5,0,0,,industrial,14
2016-05-20,Perungudi,0.748,4,5,0,0,,industrial,14
2016-05-21,Perungudi,0.705,5,5,1,0,,industrial,14
2016-05-22,Perungudi,0.677,6,5,1,0,,industrial,14
2016-05-23,Perungudi,0.775,0,5,0,0,,industrial,14
2016-05-24,Perungudi,0.725,1,5,0,0,,industrial,14
2016-05-25,Perungudi,0.738,2,5,0,0,,industrial,14
2016-05-26,Perungudi,0.74,3,5,0,0,,industrial,14
2016-05-27,Perungudi,0.783,4,5,0,0,,industrial,14
2016-05-28,Perungudi,0.689,5,5,1,0,,industrial,14
2016-05-29,Perungudi,0.65,6,5,1,0,,industrial,14
2016-05-30,Perungudi,0.812,0,5,0,0,,industrial,14
2016-05-31,Perungudi,0.752,1,5,0,0,,industrial,14
2016-06-01,Perungudi,0.669,2,6,0,0,,industrial,14
2016-06-02,Perungudi,0.663,3,6,0,0,,industrial,14
2016-06-03,Perungudi,0.652,4,6,0,0,,industrial,14
2016-06-04,Perungudi,0.664,5,6,1,0,,industrial,14
2016-06-05,Perungudi,0.629,6,6,1,0,,industrial,14
2016-06-06,Perungudi,0.668,0,6,0,0,,industrial,14
2016-06-07,Perungudi,0.678,1,6,0,0,,industrial,14
2016-06-08,Perungudi,0.696,2,6,0,0,,industrial,14
2016-06-09,Perungudi,0.675,3,6,0,0,,industrial,14
2016-06-10,Perungudi,0.653,4,6,0,0,,industrial,14
2016-06-11,Perungudi,0.609,5,6,1,0,,industrial,14
2016-06-12,Perungudi,0.611,6,6,1,0,,industrial,14
2016-06-13,Perungudi,0.737,0,6,0,0,,industrial,14
2016-06-14,Perungudi,0.67,1,6,0,0,,industrial,14
2016-06-15,Perungudi,0.638,2,6,0,0,,industrial,14
2016-06-16,Perungudi,0.679,3,6,0,0,,industrial,14
2016-06-17,Perungudi,0.674,4,6,0,0,,industrial,14
2016-06-18,Perungudi,0.619,5,6,1,0,,industrial,14
2016-06-19,Perungudi,0.609,6,6,1,0,,industrial,14
2016-06-20,Perungudi,0.683,0,6,0,0,,industrial,14
2016-06-21,Perungudi,0.693,1,6,0,0,,industrial,14
2016-06-22,Perungudi,0.676,2,6,0,0,,industrial,14
2016-06-23,Perungudi,0.681,3,6,0,0,,industrial,14
2016-06-24,Perungudi,0.676,4,6,0,0,,industrial,14
2016-06-25,Perungudi,0.634,5,6,1,0,,industrial,14
2016-06-26,Perungudi,0.619,6,6,1,0,,industrial,14
2016-06-27,Perungudi,0.701,0,6,0,0,,industrial,14
2016-06-28,Perungudi,0.695,1,6,0,0,,industrial,14
2016-06-29,Perungudi,0.7,2,6,0,0,,industrial,14
2016-06-30,Perungudi,0.647,3,6,0,0,,industrial,14
2016-07-01,Perungudi,0.667,4,7,0,0,,industrial,14
2016-07-02,Perungudi,0.644,5,7,1,0,,industrial,14
2016-07-03,Perungudi,0.663,6,7,1,0,,industrial,14
2016-07-04,Perungudi,0.743,0,7,0,0,,industrial,14
2016-07-05,Perungudi,0.655,1,7,0,0,,industrial,14
2016-07-06,Perungudi,0.697,2,7,0,0,,industrial,14
2016-07-07,Perungudi,0.673,3,7,0,0,,industrial,14
2016-07-08,Perungudi,0.693,4,7,0,0,,industrial,14
2016-07-09,Perungudi,0.643,5,7,1,0,,industrial,14
2016-07-10,Perungudi,0.604,6,7,1,0,,industrial,14
2016-07-11,Perungudi,0.717,0,7,0,0,,industrial,14
2016-07-12,Perungudi,0.692,1,7,0,0,,industrial,14
2016-07-13,Perungudi,0.671,2,7,0,0,,industrial,14
2016-07-14,Perungudi,0.667,3,7,0,0,,industrial,14
2016-07-15,Perungudi,0.64,4,7,0,0,,industrial,14
2016-07-16,Perungudi,0.641,5,7,1,0,,industrial,14
2016-07-17,Perungudi,0.632,6,7,1,0,,industrial,14
2016-07-18,Perungudi,0.686,0,7,0,0,,industrial,14
2016-07-19,Perungudi,0.665,1,7,0,0,,industrial,14
2016-07-20,Perungudi,0.675,2,7,0,0,,industrial,14
2016-07-21,Perungudi,0.66,3,7,0,0,,industrial,14
2016-07-22,Perungudi,0.672,4,7,0,0,,industrial,14
2016-07-23,Perungudi,0.595,5,7,1,0,,industrial,14
2016-07-24,Perungudi,0.653,6,7,1,0,,industrial,14
2016-07-25,Perungudi,0.705,0,7,0,0,,industrial,14
2016-07-26,Perungudi,0.649,1,7,0,0,,industrial,14
2016-07-27,Perungudi,0.622,2,7,0,0,,industrial,14
2016-07-28,Perungudi,0.692,3,7,0,0,,industrial,14
2016-07-29,Perungudi,0.683,4,7,0,0,,industrial,14
2016-07-30,Perungudi,0.632,5,7,1,0,,industrial,14
2016-07-31,Perungudi,0.644,6,7,1,0,,industrial,14
2016-08-01,Perungudi,0.723,0,8,0,0,,industrial,14
2016-08-02,Perungudi,0.675,1,8,0,0,,industrial,14
2016-08-03,Perungudi,0.666,2,8,0,0,,industrial,14
2016-08-04,Perungudi,0.663,3,8,0,0,,industrial,14
2016-08-05,Perungudi,0.68,4,8,0,0,,industrial,14
2016-08-06,Perungudi,0.654,5,8,1,0,,industrial,14
2016-08-07,Perungudi,0.626,6,8,1,0,,industrial,14
2016-08-08,Perungudi,0.736,0,8,0,0,,industrial,14
2016-08-09,Perungudi,0.679,1,8,0,0,,industrial,14
2016-08-10,Perungudi,0.679,2,8,0,0,,industrial,14
2016-08-11,Perungudi,0.72,3,8,0,0,,industrial,14
2016-08-12,Perungudi,0.705,4,8,0,0,,industrial,14
2016-08-13,Perungudi,0.659,5,8,1,0,,industrial,14
2016-08-14,Perungudi,0.613,6,8,1,0,,industrial,14
2016-08-15,Perungudi,0.827,0,8,0,1,Independence,industrial,14
2016-08-16,Perungudi,0.67,1,8,0,0,,industrial,14
2016-08-17,Perungudi,0.667,2,8,0,0,,industrial,14
2016-08-18,Perungudi,0.628,3,8,0,0,,industrial,14
2016-08-19,Perungudi,0.678,4,8,0,0,,industrial,14
2016-08-20,Perungudi,0.607,5,8,1,0,,industrial,14
2016-08-21,Perungudi,0.636,6,8,1,0,,industrial,14
2016-08-22,Perungudi,0.681,0,8,0,0,,industrial,14
2016-08-23,Perungudi,0.708,1,8,0,0,,industrial,14
2016-08-24,Perungudi,0.683,2,8,0,0,,industrial,14
2016-08-25,Perungudi,0.717,3,8,0,0,,industrial,14
2016-08-26,Perungudi,0.651,4,8,0,0,,industrial,14
2016-08-27,Perungudi,0.657,5,8,1,0,,industrial,14
2016-08-28,Perungudi,0.594,6,8,1,0,,industrial,14
2016-08-29,Perungudi,0.709,0,8,0,0,,industrial,14
2016-08-30,Perungudi,0.659,1,8,0,0,,industrial,14
2016-08-31,Perungudi,0.662,2,8,0,0,,industrial,14
2016-09-01,Perungudi,0.661,3,9,0,0,,industrial,14
2016-09-02,Perungudi,0.653,4,9,0,0,,industrial,14
2016-09-03,Perungudi,0.604,5,9,1,0,,industrial,14
2016-09-04,Perungudi,0.62,6,9,1,0,,industrial,14
2016-09-05,Perungudi,0.708,0,9,0,0,,industrial,14
2016-09-06,Perungudi,0.695,1,9,0,0,,industrial,14
2016-09-07,Perungudi,0.677,2,9,0,0,,industrial,14
2016-09-08,Perungudi,0.776,3,9,0,1,Ganesh Chathurthi,industrial,14
2016-09-09,Perungudi,0.791,4,9,0,1,Ganesh Chathurthi,industrial,14
2016-09-10,Perungudi,0.837,5,9,1,1,Ganesh Chathurthi,industrial,14
2016-09-11,Perungudi,0.791,6,9,1,1,Ganesh Chathurthi,industrial,14
2016-09-12,Perungudi,0.795,0,9,0,1,Ganesh Chathurthi,industrial,14
2016-09-13,Perungudi,0.654,1,9,0,0,,industrial,14
2016-09-14,Perungudi,0.69,2,9,0,0,,industrial,14
2016-09-15,Perungudi,0.661,3,9,0,0,,industrial,14
2016-09-16,Perungudi,0.656,4,9,0,0,,industrial,14
2016-09-17,Perungudi,0.637,5,9,1,0,,industrial,14
2016-09-18,Perungudi,0.628,6,9,1,0,,industrial,14
2016-09-19,Perungudi,0.694,0,9,0,0,,industrial,14
2016-09-20,Perungudi,0.66,1,9,0,0,,industrial,14
2016-09-21,Perungudi,0.65,2,9,0,0,,industrial,14
2016-09-22,Perungudi,0.664,3,9,0,0,,industrial,14
2016-09-23,Perungudi,0.694,4,9,0,0,,industrial,14
2016-09-24,Perungudi,0.632,5,9,1,0,,industrial,14
2016-09-25,Perungudi,0.646,6,9,1,0,,industrial,14
2016-09-26,Perungudi,0.716,0,9,0,0,,industrial,14
2016-09-27,Perungudi,0.659,1,9,0,0,,industrial,14
2016-09-28,Perungudi,0.638,2,9,0,0,,industrial,14
2016-09-29,Perungudi,0.653,3,9,0,0,,industrial,14
2016-09-30,Perungudi,0.658,4,9,0,0,,industrial,14
2016-10-01,Perungudi,0.646,5,10,1,0,,industrial,14
2016-10-02,Perungudi,0.68,6,10,1,0,,industrial,14
2016-10-03,Perungudi,0.764,0,10,0,0,,industrial,14
2016-10-04,Perungudi,0.848,1,10,0,1,Dussehra,industrial,14
2016-10-05,Perungudi,0.863,2,10,0,1,Dussehra,industrial,14
2016-10-06,Perungudi,0.833,3,10,0,1,Dussehra,industrial,14
2016-10-07,Perungudi,0.741,4,10,0,0,,industrial,14
2016-10-08,Perungudi,0.656,5,10,1,0,,industrial,14
2016-10-09,Perungudi,0.67,6,10,1,0,,industrial,14
2016-10-10,Perungudi,0.77,0,10,0,0,,industrial,14
2016-10-11,Perungudi,0.706,1,10,0,0,,industrial,14
2016-10-12,Perungudi,0.704,2,10,0,0,,industrial,14
2016-10-13,Perungudi,0.694,3,10,0,0,,industrial,14
2016-10-14,Perungudi,0.657,4,10,0,0,,industrial,14
2016-10-15,Perungudi,0.662,5,10,1,0,,industrial,14
2016-10-16,Perungudi,0.647,6,10,1,0,,industrial,14
2016-10-17,Perungudi,0.718,0,10,0,0,,industrial,14
2016-10-18,Perungudi,0.716,1,10,0,0,,industrial,14
2016-10-19,Perungudi,0.676,2,10,0,0,,industrial,14
2016-10-20,Perungudi,0.724,3,10,0,0,,industrial,14
2016-10-21,Perungudi,0.717,4,10,0,0,,industrial,14
2016-10-22,Perungudi,0.74,5,10,1,1,Deepavali,industrial,14
2016-10-23,Perungudi,0.836,6,10,1,1,Deepavali,industrial,14
2016-10-24,Perungudi,1.002,0,10,0,1,Deepavali,industrial,14
2016-10-25,Perungudi,0.915,1,10,0,1,Deepavali,industrial,14
2016-10-26,Perungudi,0.806,2,10,0,1,Deepavali,industrial,14
2016-10-27,Perungudi,0.712,3,10,0,0,,industrial,14
2016-10-28,Perungudi,0.717,4,10,0,0,,industrial,14
2016-10-29,Perungudi,0.648,5,10,1,0,,industrial,14
2016-10-30,Perungudi,0.631,6,10,1,0,,industrial,14
2016-10-31,Perungudi,0.764,0,10,0,0,,industrial,14
2016-11-01,Perungudi,0.721,1,11,0,0,,industrial,14
2016-11-02,Perungudi,0.695,2,11,0,0,,industrial,14
2016-11-03,Perungudi,0.716,3,11,0,0,,industrial,14
2016-11-04,Perungudi,0.734,4,11,0,0,,industrial,14
2016-11-05,Perungudi,0.683,5,11,1,0,,industrial,14
2016-11-06,Perungudi,0.65,6,11,1,0,,industrial,14
2016-11-07,Perungudi,0.709,0,11,0,0,,industrial,14
2016-11-08,Perungudi,0.679,1,11,0,0,,industrial,14
2016-11-09,Perungudi,0.7,2,11,0,0,,industrial,14
2016-11-10,Perungudi,0.738,3,11,0,0,,industrial,14
2016-11-11,Perungudi,0.691,4,11,0,0,,industrial,14
2016-11-12,Perungudi,0.649,5,11,1,0,,industrial,14
2016-11-13,Perungudi,0.649,6,11,1,0,,industrial,14
2016-11-14,Perungudi,0.73,0,11,0,0,,industrial,14
2016-11-15,Perungudi,0.707,1,11,0,0,,industrial,14
2016-11-16,Perungudi,0.68,2,11,0,0,,industrial,14
2016-11-17,Perungudi,0.73,3,11,0,0,,industrial,14
2016-11-18,Perungudi,0.704,4,11,0,0,,industrial,14
2016-11-19,Perungudi,0.71,5,11,1,0,,industrial,14
2016-11-20,Perungudi,0.638,6,11,1,0,,industrial,14
2016-11-21,Perungudi,0.778,0,11,0,0,,industrial,14
2016-11-22,Perungudi,0.736,1,11,0,0,,industrial,14
2016-11-23,Perungudi,0.698,2,11,0,0,,industrial,14
2016-11-24,Perungudi,0.698,3,11,0,0,,industrial,14
2016-11-25,Perungudi,0.687,4,11,0,0,,industrial,14
2016-11-26,Perungudi,0.643,5,11,1,0,,industrial,14
2016-11-27,Perungudi,0.661,6,11,1,0,,industrial,14
2016-11-28,Perungudi,0.743,0,11,0,0,,industrial,14
2016-11-29,Perungudi,0.673,1,11,0,0,,industrial,14
2016-11-30,Perungudi,0.755,2,11,0,0,,industrial,14
2016-12-01,Perungudi,0.701,3,12,0,0,,industrial,14
2016-12-02,Perungudi,0.708,4,12,0,0,,industrial,14
2016-12-03,Perungudi,0.648,5,12,1,0,,industrial,14
2016-12-04,Perungudi,0.656,6,12,1,0,,industrial,14
2016-12-05,Perungudi,0.734,0,12,0,0,,industrial,14
2016-12-06,Perungudi,0.707,1,12,0,0,,industrial,14
2016-12-07,Perungudi,0.707,2,12,0,0,,industrial,14
2016-12-08,Perungudi,0.724,3,12,0,0,,industrial,14
2016-12-09,Perungudi,0.712,4,12,0,0,,industrial,14
2016-12-10,Perungudi,0.675,5,12,1,0,,industrial,14
2016-12-11,Perungudi,0.661,6,12,1,0,,industrial,14
2016-12-12,Perungudi,0.747,0,12,0,0,,industrial,14
2016-12-13,Perungudi,0.702,1,12,0,0,,industrial,14
2016-12-14,Perungudi,0.728,2,12,0,0,,industrial,14
2016-12-15,Perungudi,0.714,3,12,0,0,,industrial,14
2016-12-16,Perungudi,0.703,4,12,0,0,,industrial,14
2016-12-17,Perungudi,0.657,5,12,1,0,,industrial,14
2016-12-18,Perungudi,0.659,6,12,1,0,,industrial,14
2016-12-19,Perungudi,0.743,0,12,0,0,,industrial,14
2016-12-20,Perungudi,0.706,1,12,0,0,,industrial,14
2016-12-21,Perungudi,0.695,2,12,0,0,,industrial,14
2016-12-22,Perungudi,0.723,3,12,0,0,,industrial,14
2016-12-23,Perungudi,0.724,4,12,0,0,,industrial,14
2016-12-24,Perungudi,0.748,5,12,1,1,Christmas,industrial,14
2016-12-25,Perungudi,0.746,6,12,1,1,Christmas,industrial,14
2016-12-26,Perungudi,0.814,0,12,0,1,Christmas,industrial,14
2016-12-27,Perungudi,0.666,1,12,0,0,,industrial,14
2016-12-28,Perungudi,0.724,2,12,0,0,,industrial,14
2016-12-29,Perungudi,0.676,3,12,0,0,,industrial,14
2016-12-30,Perungudi,0.755,4,12,0,1,New Year,industrial,14
2016-12-31,Perungudi,0.801,5,12,1,1,New Year,industrial,14
2017-01-01,Perungudi,0.649,6,1,1,0,,industrial,14
2017-01-02,Perungudi,0.725,0,1,0,0,,industrial,14
2017-01-03,Perungudi,0.697,1,1,0,0,,industrial,14
2017-01-04,Perungudi,0.722,2,1,0,0,,industrial,14
2017-01-05,Perungudi,0.687,3,1,0,0,,industrial,14
2017-01-06,Perungudi,0.706,4,1,0,0,,industrial,14
2017-01-07,Perungudi,0.653,5,1,1,0,,industrial,14
2017-01-08,Perungudi,0.677,6,1,1,0,,industrial,14
2017-01-09,Perungudi,0.761,0,1,0,0,,industrial,14
2017-01-10,Perungudi,0.668,1,1,0,0,,industrial,14
2017-01-11,Perungudi,0.729,2,1,0,0,,industrial,14
2017-01-12,Perungudi,0.763,3,1,0,1,Pongal,industrial,14
2017-01-13,Perungudi,0.854,4,1,0,1,Pongal,industrial,14
2017-01-14,Perungudi,0.835,5,1,1,1,Pongal,industrial,14
2017-01-15,Perungudi,0.802,6,1,1,1,Pongal,industrial,14
2017-01-16,Perungudi,0.879,0,1,0,1,Pongal,industrial,14
2017-01-17,Perungudi,0.71,1,1,0,0,,industrial,14
2017-01-18,Perungudi,0.697,2,1,0,0,,industrial,14
2017-01-19,Perungudi,0.702,3,1,0,0,,industrial,14
2017-01-20,Perungudi,0.676,4,1,0,0,,industrial,14
2017-01-21,Perungudi,0.69,5,1,1,0,,industrial,14
2017-01-22,Perungudi,0.667,6,1,1,0,,industrial,14
2017-01-23,Perungudi,0.719,0,1,0,0,,industrial,14
2017-01-24,Perungudi,0.685,1,1,0,0,,industrial,14
2017-01-25,Perungudi,0.707,2,1,0,0,,industrial,14
2017-01-26,Perungudi,0.799,3,1,0,1,Republic Day,industrial,14
2017-01-27,Perungudi,0.682,4,1,0,0,,industrial,14
2017-01-28,Perungudi,0.683,5,1,1,0,,industrial,14
2017-01-29,Perungudi,0.659,6,1,1,0,,industrial,14
2017-01-30,Perungudi,0.721,0,1,0,0,,industrial,14
2017-01-31,Perungudi,0.697,1,1,0,0,,industrial,14
2017-02-01,Perungudi,0.744,2,2,0,0,,industrial,14
2017-02-02,Perungudi,0.677,3,2,0,0,,industrial,14
2017-02-03,Perungudi,0.691,4,2,0,0,,industrial,14
2017-02-04,Perungudi,0.68,5,2,1,0,,industrial,14
2017-02-05,Perungudi,0.665,6,2,1,0,,industrial,14
2017-02-06,Perungudi,0.725,0,2,0,0,,industrial,14
2017-02-07,Perungudi,0.727,1,2,0,0,,industrial,14
2017-02-08,Perungudi,0.728,2,2,0,0,,industrial,14
2017-02-09,Perungudi,0.714,3,2,0,0,,industrial,14
2017-02-10,Perungudi,0.694,4,2,0,0,,industrial,14
2017-02-11,Perungudi,0.652,5,2,1,0,,industrial,14
2017-02-12,Perungudi,0.667,6,2,1,0,,industrial,14
2017-02-13,Perungudi,0.713,0,2,0,0,,industrial,14
2017-02-14,Perungudi,0.735,1,2,0,0,,industrial,14
2017-02-15,Perungudi,0.743,2,2,0,0,,industrial,14
2017-02-16,Perungudi,0.702,3,2,0,0,,industrial,14
2017-02-17,Perungudi,0.714,4,2,0,0,,industrial,14
2017-02-18,Perungudi,0.684,5,2,1,0,,industrial,14
2017-02-19,Perungudi,0.7,6,2,1,0,,industrial,14
2017-02-20,Perungudi,0.777,0,2,0,0,,industrial,14
2017-02-21,Perungudi,0.67,1,2,0,0,,industrial,14
2017-02-22,Perungudi,0.7,2,2,0,0,,industrial,14
2017-02-23,Perungudi,0.717,3,2,0,0,,industrial,14
2017-02-24,Perungudi,0.696,4,2,0,0,,industrial,14
2017-02-25,Perungudi,0.696,5,2,1,0,,industrial,14
2017-02-26,Perungudi,0.693,6,2,1,0,,industrial,14
2017-02-27,Perungudi,0.724,0,2,0,0,,industrial,14
2017-02-28,Perungudi,0.703,1,2,0,0,,industrial,14
2017-03-01,Perungudi,0.726,2,3,0,0,,industrial,14
2017-03-02,Perungudi,0.738,3,3,0,0,,industrial,14
2017-03-03,Perungudi,0.737,4,3,0,0,,industrial,14
2017-03-04,Perungudi,0.714,5,3,1,0,,industrial,14
2017-03-05,Perungudi,0.675,6,3,1,0,,industrial,14
2017-03-06,Perungudi,0.718,0,3,0,0,,industrial,14
2017-03-07,Perungudi,0.706,1,3,0,0,,industrial,14
2017-03-08,Perungudi,0.719,2,3,0,0,,industrial,14
2017-03-09,Perungudi,0.728,3,3,0,0,,industrial,14
2017-03-10,Perungudi,0.746,4,3,0,0,,industrial,14
2017-03-11,Perungudi,0.671,5,3,1,0,,industrial,14
2017-03-12,Perungudi,0.669,6,3,1,0,,industrial,14
2017-03-13,Perungudi,0.758,0,3,0,0,,industrial,14
2017-03-14,Perungudi,0.717,1,3,0,0,,industrial,14
2017-03-15,Perungudi,0.73,2,3,0,0,,industrial,14
2017-03-16,Perungudi,0.729,3,3,0,0,,industrial,14
2017-03-17,Perungudi,0.758,4,3,0,0,,industrial,14
2017-03-18,Perungudi,0.673,5,3,1,0,,industrial,14
2017-03-19,Perungudi,0.687,6,3,1,0,,industrial,14
2017-03-20,Perungudi,0.767,0,3,0,0,,industrial,14
2017-03-21,Perungudi,0.76,1,3,0,0,,industrial,14
2017-03-22,Perungudi,0.739,2,3,0,0,,industrial,14
2017-03-23,Perungudi,0.766,3,3,0,0,,industrial,14
2017-03-24,Perungudi,0.717,4,3,0,0,,industrial,14
2017-03-25,Perungudi,0.693,5,3,1,0,,industrial,14
2017-03-26,Perungudi,0.682,6,3,1,0,,industrial,14
2017-03-27,Perungudi,0.751,0,3,0,0,,industrial,14
2017-03-28,Perungudi,0.741,1,3,0,0,,industrial,14
2017-03-29,Perungudi,0.781,2,3,0,0,,industrial,14
2017-03-30,Perungudi,0.723,3,3,0,0,,industrial,14
2017-03-31,Perungudi,0.739,4,3,0,0,,industrial,14
2017-04-01,Perungudi,0.716,5,4,1,0,,industrial,14
2017-04-02,Perungudi,0.712,6,4,1,0,,industrial,14
2017-04-03,Perungudi,0.817,0,4,0,0,,industrial,14
2017-04-04,Perungudi,0.786,1,4,0,0,,industrial,14
2017-04-05,Perungudi,0.787,2,4,0,0,,industrial,14
2017-04-06,Perungudi,0.791,3,4,0,0,,industrial,14
2017-04-07,Perungudi,0.757,4,4,0,0,,industrial,14
2017-04-08,Perungudi,0.731,5,4,1,0,,industrial,14
2017-04-09,Perungudi,0.756,6,4,1,0,,industrial,14
2017-04-10,Perungudi,0.803,0,4,0,0,,industrial,14
2017-04-11,Perungudi,0.788,1,4,0,0,,industrial,14
2017-04-12,Perungudi,0.804,2,4,0,0,,industrial,14
2017-04-13,Perungudi,0.875,3,4,0,1,Tamil New Year,industrial,14
2017-04-14,Perungudi,1.006,4,4,0,1,Tamil New Year,industrial,14
2017-04-15,Perungudi,0.8,5,4,1,1,Tamil New Year,industrial,14
2017-04-16,Perungudi,0.765,6,4,1,0,,industrial,14
2017-04-17,Perungudi,0.846,0,4,0,0,,industrial,14
2017-04-18,Perungudi,0.798,1,4,0,0,,industrial,14
2017-04-19,Perungudi,0.824,2,4,0,0,,industrial,14
2017-04-20,Perungudi,0.868,3,4,0,1,Eid,industrial,14
2017-04-21,Perungudi,0.938,4,4,0,1,Eid,industrial,14
2017-04-22,Perungudi,0.853,5,4,1,1,Eid,industrial,14
2017-04-23,Perungudi,0.786,6,4,1,0,,industrial,14
2017-04-24,Perungudi,0.819,0,4,0,0,,industrial,14
2017-04-25,Perungudi,0.794,1,4,0,0,,industrial,14
2017-04-26,Perungudi,0.822,2,4,0,0,,industrial,14
2017-04-27,Perungudi,0.795,3,4,0,0,,industrial,14
2017-04-28,Perungudi,0.811,4,4,0,0,,industrial,14
2017-04-29,Perungudi,0.762,5,4,1,0,,industrial,14
2017-04-30,Perungudi,0.732,6,4,1,0,,industrial,14
2017-05-01,Perungudi,0.847,0,5,0,0,,industrial,14
2017-05-02,Perungudi,0.797,1,5,0,0,,industrial,14
2017-05-03,Perungudi,0.768,2,5,0,0,,industrial,14
2017-05-04,Perungudi,0.773,3,5,0,0,,industrial,14
2017-05-05,Perungudi,0.781,4,5,0,0,,industrial,14
2017-05-06,Perungudi,0.766,5,5,1,0,,industrial,14
2017-05-07,Perungudi,0.767,6,5,1,0,,industrial,14
2017-05-08,Perungudi,0.856,0,5,0,0,,industrial,14
2017-05-09,Perungudi,0.807,1,5,0,0,,industrial,14
2017-05-10,Perungudi,0.807,2,5,0,0,,industrial,14
2017-05-11,Perungudi,0.803,3,5,0,0,,industrial,14
2017-05-12,Perungudi,0.807,4,5,0,0,,industrial,14
2017-05-13,Perungudi,0.756,5,5,1,0,,industrial,14
2017-05-14,Perungudi,0.714,6,5,1,0,,industrial,14
2017-05-15,Perungudi,0.817,0,5,0,0,,industrial,14
2017-05-16,Perungudi,0.772,1,5,0,0,,industrial,14
2017-05-17,Perungudi,0.823,2,5,0,0,,industrial,14
2017-05-18,Perungudi,0.836,3,5,0,0,,industrial,14
2017-05-19,Perungudi,0.745,4,5,0,0,,industrial,14
2017-05-20,Perungudi,0.78,5,5,1,0,,industrial,14
2017-05-21,Perungudi,0.747,6,5,1,0,,industrial,14
2017-05-22,Perungudi,0.862,0,5,0,0,,industrial,14
2017-05-23,Perungudi,0.809,1,5,0,0,,industrial,14
2017-05-24,Perungudi,0.831,2,5,0,0,,industrial,14
2017-05-25,Perungudi,0.802,3,5,0,0,,industrial,14
2017-05-26,Perungudi,0.764,4,5,0,0,,industrial,14
2017-05-27,Perungudi,0.743,5,5,1,0,,industrial,14
2017-05-28,Perungudi,0.757,6,5,1,0,,industrial,14
2017-05-29,Perungudi,0.831,0,5,0,0,,industrial,14
2017-05-30,Perungudi,0.813,1,5,0,0,,industrial,14
2017-05-31,Perungudi,0.795,2,5,0,0,,industrial,14
2017-06-01,Perungudi,0.708,3,6,0,0,,industrial,14
2017-06-02,Perungudi,0.697,4,6,0,0,,industrial,14
2017-06-03,Perungudi,0.666,5,6,1,0,,industrial,14
2017-06-04,Perungudi,0.678,6,6,1,0,,industrial,14
2017-06-05,Perungudi,0.713,0,6,0,0,,industrial,14
2017-06-06,Perungudi,0.704,1,6,0,0,,industrial,14
2017-06-07,Perungudi,0.678,2,6,0,0,,industrial,14
2017-06-08,Perungudi,0.708,3,6,0,0,,industrial,14
2017-06-09,Perungudi,0.747,4,6,0,0,,industrial,14
2017-06-10,Perungudi,0.65,5,6,1,0,,industrial,14
2017-06-11,Perungudi,0.688,6,6,1,0,,industrial,14
2017-06-12,Perungudi,0.822,0,6,0,0,,industrial,14
2017-06-13,Perungudi,0.752,1,6,0,0,,industrial,14
2017-06-14,Perungudi,0.724,2,6,0,0,,industrial,14
2017-06-15,Perungudi,0.74,3,6,0,0,,industrial,14
2017-06-16,Perungudi,0.691,4,6,0,0,,industrial,14
2017-06-17,Perungudi,0.642,5,6,1,0,,industrial,14
2017-06-18,Perungudi,0.675,6,6,1,0,,industrial,14
2017-06-19,Perungudi,0.766,0,6,0,0,,industrial,14
2017-06-20,Perungudi,0.745,1,6,0,0,,industrial,14
2017-06-21,Perungudi,0.709,2,6,0,0,,industrial,14
2017-06-22,Perungudi,0.725,3,6,0,0,,industrial,14
2017-06-23,Perungudi,0.724,4,6,0,0,,industrial,14
2017-06-24,Perungudi,0.671,5,6,1,0,,industrial,14
2017-06-25,Perungudi,0.673,6,6,1,0,,industrial,14
2017-06-26,Perungudi,0.738,0,6,0,0,,industrial,14
2017-06-27,Perungudi,0.727,1,6,0,0,,industrial,14
2017-06-28,Perungudi,0.725,2,6,0,0,,industrial,14
2017-06-29,Perungudi,0.711,3,6,0,0,,industrial,14
2017-06-30,Perungudi,0.735,4,6,0,0,,industrial,14
2017-07-01,Perungudi,0.695,5,7,1,0,,industrial,14
2017-07-02,Perungudi,0.688,6,7,1,0,,industrial,14
2017-07-03,Perungudi,0.733,0,7,0,0,,industrial,14
2017-07-04,Perungudi,0.723,1,7,0,0,,industrial,14
2017-07-05,Perungudi,0.701,2,7,0,0,,industrial,14
2017-07-06,Perungudi,0.723,3,7,0,0,,industrial,14
2017-07-07,Perungudi,0.701,4,7,0,0,,industrial,14
2017-07-08,Perungudi,0.7,5,7,1,0,,industrial,14
2017-07-09,Perungudi,0.69,6,7,1,0,,industrial,14
2017-07-10,Perungudi,0.783,0,7,0,0,,industrial,14
2017-07-11,Perungudi,0.744,1,7,0,0,,industrial,14
2017-07-12,Perungudi,0.715,2,7,0,0,,industrial,14
2017-07-13,Perungudi,0.712,3,7,0,0,,industrial,14
2017-07-14,Perungudi,0.759,4,7,0,0,,industrial,14
2017-07-15,Perungudi,0.671,5,7,1,0,,industrial,14
2017-07-16,Perungudi,0.647,6,7,1,0,,industrial,14
2017-07-17,Perungudi,0.78,0,7,0,0,,industrial,14
2017-07-18,Perungudi,0.724,1,7,0,0,,industrial,14
2017-07-19,Perungudi,0.754,2,7,0,0,,industrial,14
2017-07-20,Perungudi,0.726,3,7,0,0,,industrial,14
2017-07-21,Perungudi,0.721,4,7,0,0,,industrial,14
2017-07-22,Perungudi,0.705,5,7,1,0,,industrial,14
2017-07-23,Perungudi,0.643,6,7,1,0,,industrial,14
2017-07-24,Perungudi,0.744,0,7,0,0,,industrial,14
2017-07-25,Perungudi,0.702,1,7,0,0,,industrial,14
2017-07-26,Perungudi,0.673,2,7,0,0,,industrial,14
2017-07-27,Perungudi,0.74,3,7,0,0,,industrial,14
2017-07-28,Perungudi,0.709,4,7,0,0,,industrial,14
2017-07-29,Perungudi,0.692,5,7,1,0,,industrial,14
2017-07-30,Perungudi,0.682,6,7,1,0,,industrial,14
2017-07-31,Perungudi,0.771,0,7,0,0,,industrial,14
2017-08-01,Perungudi,0.711,1,8,0,0,,industrial,14
2017-08-02,Perungudi,0.704,2,8,0,0,,industrial,14
2017-08-03,Perungudi,0.723,3,8,0,0,,industrial,14
2017-08-04,Perungudi,0.741,4,8,0,0,,industrial,14
2017-08-05,Perungudi,0.673,5,8,1,0,,industrial,14
2017-08-06,Perungudi,0.66,6,8,1,0,,industrial,14
2017-08-07,Perungudi,0.73,0,8,0,0,,industrial,14
2017-08-08,Perungudi,0.725,1,8,0,0,,industrial,14
2017-08-09,Perungudi,0.709,2,8,0,0,,industrial,14
2017-08-10,Perungudi,0.719,3,8,0,0,,industrial,14
2017-08-11,Perungudi,0.716,4,8,0,0,,industrial,14
2017-08-12,Perungudi,0.665,5,8,1,0,,industrial,14
2017-08-13,Perungudi,0.68,6,8,1,0,,industrial,14
2017-08-14,Perungudi,0.77,0,8,0,0,,industrial,14
2017-08-15,Perungudi,0.84,1,8,0,1,Independence,industrial,14
2017-08-16,Perungudi,0.737,2,8,0,0,,industrial,14
2017-08-17,Perungudi,0.755,3,8,0,0,,industrial,14
2017-08-18,Perungudi,0.703,4,8,0,0,,industrial,14
2017-08-19,Perungudi,0.642,5,8,1,0,,industrial,14
2017-08-20,Perungudi,0.674,6,8,1,0,,industrial,14
2017-08-21,Perungudi,0.776,0,8,0,0,,industrial,14
2017-08-22,Perungudi,0.736,1,8,0,0,,industrial,14
2017-08-23,Perungudi,0.747,2,8,0,0,,industrial,14
2017-08-24,Perungudi,0.666,3,8,0,0,,industrial,14
2017-08-25,Perungudi,0.748,4,8,0,0,,industrial,14
2017-08-26,Perungudi,0.681,5,8,1,0,,industrial,14
2017-08-27,Perungudi,0.643,6,8,1,0,,industrial,14
2017-08-28,Perungudi,0.773,0,8,0,0,,industrial,14
2017-08-29,Perungudi,0.725,1,8,0,0,,industrial,14
2017-08-30,Perungudi,0.729,2,8,0,0,,industrial,14
2017-08-31,Perungudi,0.743,3,8,0,0,,industrial,14
2017-09-01,Perungudi,0.73,4,9,0,0,,industrial,14
2017-09-02,Perungudi,0.644,5,9,1,0,,industrial,14
2017-09-03,Perungudi,0.671,6,9,1,0,,industrial,14
2017-09-04,Perungudi,0.72,0,9,0,0,,industrial,14
2017-09-05,Perungudi,0.735,1,9,0,0,,industrial,14
2017-09-06,Perungudi,0.751,2,9,0,0,,industrial,14
2017-09-07,Perungudi,0.694,3,9,0,0,,industrial,14
2017-09-08,Perungudi,0.789,4,9,0,1,Ganesh Chathurthi,industrial,14
2017-09-09,Perungudi,0.809,5,9,1,1,Ganesh Chathurthi,industrial,14
2017-09-10,Perungudi,0.898,6,9,1,1,Ganesh Chathurthi,industrial,14
2017-09-11,Perungudi,0.945,0,9,0,1,Ganesh Chathurthi,industrial,14
2017-09-12,Perungudi,0.794,1,9,0,1,Ganesh Chathurthi,industrial,14
2017-09-13,Perungudi,0.735,2,9,0,0,,industrial,14
2017-09-14,Perungudi,0.744,3,9,0,0,,industrial,14
2017-09-15,Perungudi,0.745,4,9,0,0,,industrial,14
2017-09-16,Perungudi,0.651,5,9,1,0,,industrial,14
2017-09-17,Perungudi,0.702,6,9,1,0,,industrial,14
2017-09-18,Perungudi,0.79,0,9,0,0,,industrial,14
2017-09-19,Perungudi,0.755,1,9,0,0,,industrial,14
2017-09-20,Perungudi,0.718,2,9,0,0,,industrial,14
2017-09-21,Perungudi,0.705,3,9,0,0,,industrial,14
2017-09-22,Perungudi,0.7,4,9,0,0,,industrial,14
2017-09-23,Perungudi,0.652,5,9,1,0,,industrial,14
2017-09-24,Perungudi,0.674,6,9,1,0,,industrial,14
2017-09-25,Perungudi,0.776,0,9,0,0,,industrial,14
2017-09-26,Perungudi,0.749,1,9,0,0,,industrial,14
2017-09-27,Perungudi,0.71,2,9,0,0,,industrial,14
2017-09-28,Perungudi,0.72,3,9,0,0,,industrial,14
2017-09-29,Perungudi,0.719,4,9,0,0,,industrial,14
2017-09-30,Perungudi,0.661,5,9,1,0,,industrial,14
2017-10-01,Perungudi,0.725,6,10,1,0,,industrial,14
2017-10-02,Perungudi,0.806,0,10,0,0,,industrial,14
2017-10-03,Perungudi,0.762,1,10,0,0,,industrial,14
2017-10-04,Perungudi,0.863,2,10,0,1,Dussehra,industrial,14
2017-10-05,Perungudi,0.966,3,10,0,1,Dussehra,industrial,14
2017-10-06,Perungudi,0.869,4,10,0,1,Dussehra,industrial,14
2017-10-07,Perungudi,0.692,5,10,1,0,,industrial,14
2017-10-08,Perungudi,0.729,6,10,1,0,,industrial,14
2017-10-09,Perungudi,0.803,0,10,0,0,,industrial,14
2017-10-10,Perungudi,0.749,1,10,0,0,,industrial,14
2017-10-11,Perungudi,0.764,2,10,0,0,,industrial,14
2017-10-12,Perungudi,0.767,3,10,0,0,,industrial,14
2017-10-13,Perungudi,0.784,4,10,0,0,,industrial,14
2017-10-14,Perungudi,0.687,5,10,1,0,,industrial,14
2017-10-15,Perungudi,0.738,6,10,1,0,,industrial,14
2017-10-16,Perungudi,0.797,0,10,0,0,,industrial,14
2017-10-17,Perungudi,0.747,1,10,0,0,,industrial,14
2017-10-18,Perungudi,0.747,2,10,0,0,,industrial,14
2017-10-19,Perungudi,0.736,3,10,0,0,,industrial,14
2017-10-20,Perungudi,0.719,4,10,0,0,,industrial,14
2017-10-21,Perungudi,0.724,5,10,1,0,,industrial,14
2017-10-22,Perungudi,0.852,6,10,1,1,Deepavali,industrial,14
2017-10-23,Perungudi,0.96,0,10,0,1,Deepavali,industrial,14
2017-10-24,Perungudi,1.032,1,10,0,1,Deepavali,industrial,14
2017-10-25,Perungudi,0.983,2,10,0,1,Deepavali,industrial,14
2017-10-26,Perungudi,0.859,3,10,0,1,Deepavali,industrial,14
2017-10-27,Perungudi,0.778,4,10,0,0,,industrial,14
2017-10-28,Perungudi,0.707,5,10,1,0,,industrial,14
2017-10-29,Perungudi,0.697,6,10,1,0,,industrial,14
2017-10-30,Perungudi,0.791,0,10,0,0,,industrial,14
2017-10-31,Perungudi,0.705,1,10,0,0,,industrial,14
2017-11-01,Perungudi,0.733,2,11,0,0,,industrial,14
2017-11-02,Perungudi,0.78,3,11,0,0,,industrial,14
2017-11-03,Perungudi,0.786,4,11,0,0,,industrial,14
2017-11-04,Perungudi,0.74,5,11,1,0,,industrial,14
2017-11-05,Perungudi,0.719,6,11,1,0,,industrial,14
2017-11-06,Perungudi,0.743,0,11,0,0,,industrial,14
2017-11-07,Perungudi,0.744,1,11,0,0,,industrial,14
2017-11-08,Perungudi,0.789,2,11,0,0,,industrial,14
2017-11-09,Perungudi,0.796,3,11,0,0,,industrial,14
2017-11-10,Perungudi,0.79,4,11,0,0,,industrial,14
2017-11-11,Perungudi,0.705,5,11,1,0,,industrial,14
2017-11-12,Perungudi,0.682,6,11,1,0,,industrial,14
2017-11-13,Perungudi,0.796,0,11,0,0,,industrial,14
2017-11-14,Perungudi,0.759,1,11,0,0,,industrial,14
2017-11-15,Perungudi,0.795,2,11,0,0,,industrial,14
2017-11-16,Perungudi,0.764,3,11,0,0,,industrial,14
2017-11-17,Perungudi,0.759,4,11,0,0,,industrial,14
2017-11-18,Perungudi,0.711,5,11,1,0,,industrial,14
2017-11-19,Perungudi,0.718,6,11,1,0,,industrial,14
2017-11-20,Perungudi,0.812,0,11,0,0,,industrial,14
2017-11-21,Perungudi,0.742,1,11,0,0,,industrial,14
2017-11-22,Perungudi,0.735,2,11,0,0,,industrial,14
2017-11-23,Perungudi,0.79,3,11,0,0,,industrial,14
2017-11-24,Perungudi,0.722,4,11,0,0,,industrial,14
2017-11-25,Perungudi,0.744,5,11,1,0,,industrial,14
2017-11-26,Perungudi,0.669,6,11,1,0,,industrial,14
2017-11-27,Perungudi,0.783,0,11,0,0,,industrial,14
2017-11-28,Perungudi,0.781,1,11,0,0,,industrial,14
2017-11-29,Perungudi,0.759,2,11,0,0,,industrial,14
2017-11-30,Perungudi,0.729,3,11,0,0,,industrial,14
2017-12-01,Perungudi,0.769,4,12,0,0,,industrial,14
2017-12-02,Perungudi,0.711,5,12,1,0,,industrial,14
2017-12-03,Perungudi,0.705,6,12,1,0,,industrial,14
2017-12-04,Perungudi,0.782,0,12,0,0,,industrial,14
2017-12-05,Perungudi,0.758,1,12,0,0,,industrial,14
2017-12-06,Perungudi,0.746,2,12,0,0,,industrial,14
2017-12-07,Perungudi,0.814,3,12,0,0,,industrial,14
2017-12-08,Perungudi,0.753,4,12,0,0,,industrial,14
2017-12-09,Perungudi,0.702,5,12,1,0,,industrial,14
2017-12-10,Perungudi,0.698,6,12,1,0,,industrial,14
2017-12-11,Perungudi,0.839,0,12,0,0,,industrial,14
2017-12-12,Perungudi,0.722,1,12,0,0,,industrial,14
2017-12-13,Perungudi,0.767,2,12,0,0,,industrial,14
2017-12-14,Perungudi,0.753,3,12,0,0,,industrial,14
2017-12-15,Perungudi,0.726,4,12,0,0,,industrial,14
2017-12-16,Perungudi,0.692,5,12,1,0,,industrial,14
2017-12-17,Perungudi,0.716,6,12,1,0,,industrial,14
2017-12-18,Perungudi,0.776,0,12,0,0,,industrial,14
2017-12-19,Perungudi,0.765,1,12,0,0,,industrial,14
2017-12-20,Perungudi,0.798,2,12,0,0,,industrial,14
2017-12-21,Perungudi,0.763,3,12,0,0,,industrial,14
2017-12-22,Perungudi,0.726,4,12,0,0,,industrial,14
2017-12-23,Perungudi,0.692,5,12,1,0,,industrial,14
2017-12-24,Perungudi,0.756,6,12,1,1,Christmas,industrial,14
2017-12-25,Perungudi,0.907,0,12,0,1,Christmas,industrial,14
2017-12-26,Perungudi,0.82,1,12,0,1,Christmas,industrial,14
2017-12-27,Perungudi,0.766,2,12,0,0,,industrial,14
2017-12-28,Perungudi,0.798,3,12,0,0,,industrial,14
2017-12-29,Perungudi,0.759,4,12,0,0,,industrial,14
2017-12-30,Perungudi,0.754,5,12,1,1,New Year,industrial,14
2017-12-31,Perungudi,0.881,6,12,1,1,New Year,industrial,14
2018-01-01,Perungudi,0.827,0,1,0,0,,industrial,14
2018-01-02,Perungudi,0.764,1,1,0,0,,industrial,14
2018-01-03,Perungudi,0.753,2,1,0,0,,industrial,14
2018-01-04,Perungudi,0.773,3,1,0,0,,industrial,14
2018-01-05,Perungudi,0.754,4,1,0,0,,industrial,14
2018-01-06,Perungudi,0.666,5,1,1,0,,industrial,14
2018-01-07,Perungudi,0.722,6,1,1,0,,industrial,14
2018-01-08,Perungudi,0.818,0,1,0,0,,industrial,14
2018-01-09,Perungudi,0.792,1,1,0,0,,industrial,14
2018-01-10,Perungudi,0.742,2,1,0,0,,industrial,14
2018-01-11,Perungudi,0.764,3,1,0,0,,industrial,14
2018-01-12,Perungudi,0.841,4,1,0,1,Pongal,industrial,14
2018-01-13,Perungudi,0.854,5,1,1,1,Pongal,industrial,14
2018-01-14,Perungudi,0.926,6,1,1,1,Pongal,industrial,14
2018-01-15,Perungudi,0.957,0,1,0,1,Pongal,industrial,14
2018-01-16,Perungudi,0.84,1,1,0,1,Pongal,industrial,14
2018-01-17,Perungudi,0.776,2,1,0,0,,industrial,14
2018-01-18,Perungudi,0.787,3,1,0,0,,industrial,14
2018-01-19,Perungudi,0.742,4,1,0,0,,industrial,14
2018-01-20,Perungudi,0.706,5,1,1,0,,industrial,14
2018-01-21,Perungudi,0.701,6,1,1,0,,industrial,14
2018-01-22,Perungudi,0.783,0,1,0,0,,industrial,14
2018-01-23,Perungudi,0.722,1,1,0,0,,industrial,14
2018-01-24,Perungudi,0.759,2,1,0,0,,industrial,14
2018-01-25,Perungudi,0.77,3,1,0,0,,industrial,14
2018-01-26,Perungudi,0.831,4,1,0,1,Republic Day,industrial,14
2018-01-27,Perungudi,0.709,5,1,1,0,,industrial,14
2018-01-28,Perungudi,0.718,6,1,1,0,,industrial,14
2018-01-29,Perungudi,0.831,0,1,0,0,,industrial,14
2018-01-30,Perungudi,0.749,1,1,0,0,,industrial,14
2018-01-31,Perungudi,0.732,2,1,0,0,,industrial,14
2018-02-01,Perungudi,0.757,3,2,0,0,,industrial,14
2018-02-02,Perungudi,0.802,4,2,0,0,,industrial,14
2018-02-03,Perungudi,0.685,5,2,1,0,,industrial,14
2018-02-04,Perungudi,0.723,6,2,1,0,,industrial,14
2018-02-05,Perungudi,0.825,0,2,0,0,,industrial,14
2018-02-06,Perungudi,0.705,1,2,0,0,,industrial,14
2018-02-07,Perungudi,0.768,2,2,0,0,,industrial,14
2018-02-08,Perungudi,0.773,3,2,0,0,,industrial,14
2018-02-09,Perungudi,0.753,4,2,0,0,,industrial,14
2018-02-10,Perungudi,0.696,5,2,1,0,,industrial,14
2018-02-11,Perungudi,0.697,6,2,1,0,,industrial,14
2018-02-12,Perungudi,0.789,0,2,0,0,,industrial,14
2018-02-13,Perungudi,0.752,1,2,0,0,,industrial,14
2018-02-14,Perungudi,0.748,2,2,0,0,,industrial,14
2018-02-15,Perungudi,0.751,3,2,0,0,,industrial,14
2018-02-16,Perungudi,0.786,4,2,0,0,,industrial,14
2018-02-17,Perungudi,0.684,5,2,1,0,,industrial,14
2018-02-18,Perungudi,0.672,6,2,1,0,,industrial,14
2018-02-19,Perungudi,0.826,0,2,0,0,,industrial,14
2018-02-20,Perungudi,0.755,1,2,0,0,,industrial,14
2018-02-21,Perungudi,0.75,2,2,0,0,,industrial,14
2018-02-22,Perungudi,0.756,3,2,0,0,,industrial,14
2018-02-23,Perungudi,0.764,4,2,0,0,,industrial,14
2018-02-24,Perungudi,0.698,5,2,1,0,,industrial,14
2018-02-25,Perungudi,0.72,6,2,1,0,,industrial,14
2018-02-26,Perungudi,0.774,0,2,0,0,,industrial,14
2018-02-27,Perungudi,0.752,1,2,0,0,,industrial,14
2018-02-28,Perungudi,0.708,2,2,0,0,,industrial,14
2018-03-01,Perungudi,0.825,3,3,0,0,,industrial,14
2018-03-02,Perungudi,0.793,4,3,0,0,,industrial,14
2018-03-03,Perungudi,0.76,5,3,1,0,,industrial,14
2018-03-04,Perungudi,0.756,6,3,1,0,,industrial,14
2018-03-05,Perungudi,0.85,0,3,0,0,,industrial,14
2018-03-06,Perungudi,0.797,1,3,0,0,,industrial,14
2018-03-07,Perungudi,0.806,2,3,0,0,,industrial,14
2018-03-08,Perungudi,0.774,3,3,0,0,,industrial,14
2018-03-09,Perungudi,0.769,4,3,0,0,,industrial,14
2018-03-10,Perungudi,0.743,5,3,1,0,,industrial,14
2018-03-11,Perungudi,0.73,6,3,1,0,,industrial,14
2018-03-12,Perungudi,0.872,0,3,0,0,,industrial,14
2018-03-13,Perungudi,0.806,1,3,0,0,,industrial,14
2018-03-14,Perungudi,0.78,2,3,0,0,,industrial,14
2018-03-15,Perungudi,0.79,3,3,0,0,,industrial,14
2018-03-16,Perungudi,0.8,4,3,0,0,,industrial,14
2018-03-17,Perungudi,0.744,5,3,1,0,,industrial,14
2018-03-18,Perungudi,0.751,6,3,1,0,,industrial,14
2018-03-19,Perungudi,0.838,0,3,0,0,,industrial,14
2018-03-20,Perungudi,0.764,1,3,0,0,,industrial,14
2018-03-21,Perungudi,0.745,2,3,0,0,,industrial,14
2018-03-22,Perungudi,0.788,3,3,0,0,,industrial,14
2018-03-23,Perungudi,0.81,4,3,0,0,,industrial,14
2018-03-24,Perungudi,0.737,5,3,1,0,,industrial,14
2018-03-25,Perungudi,0.773,6,3,1,0,,industrial,14
2018-03-26,Perungudi,0.836,0,3,0,0,,industrial,14
2018-03-27,Perungudi,0.829,1,3,0,0,,industrial,14
2018-03-28,Perungudi,0.824,2,3,0,0,,industrial,14
2018-03-29,Perungudi,0.822,3,3,0,0,,industrial,14
2018-03-30,Perungudi,0.768,4,3,0,0,,industrial,14
2018-03-31,Perungudi,0.745,5,3,1,0,,industrial,14
2015-04-01,Royapuram,1.536,2,4,0,0,,commercial,5
2015-04-02,Royapuram,1.465,3,4,0,0,,commercial,5
2015-04-03,Royapuram,1.472,4,4,0,0,,commercial,5
2015-04-04,Royapuram,1.447,5,4,1,0,,commercial,5
2015-04-05,Royapuram,1.51,6,4,1,0,,commercial,5
2015-04-06,Royapuram,1.506,0,4,0,0,,commercial,5
2015-04-07,Royapuram,1.439,1,4,0,0,,commercial,5
2015-04-08,Royapuram,1.477,2,4,0,0,,commercial,5
2015-04-09,Royapuram,1.38,3,4,0,0,,commercial,5
2015-04-10,Royapuram,1.52,4,4,0,0,,commercial,5
2015-04-11,Royapuram,1.486,5,4,1,0,,commercial,5
2015-04-12,Royapuram,1.535,6,4,1,0,,commercial,5
2015-04-13,Royapuram,1.659,0,4,0,1,Tamil New Year,commercial,5
2015-04-14,Royapuram,1.763,1,4,0,1,Tamil New Year,commercial,5
2015-04-15,Royapuram,1.575,2,4,0,1,Tamil New Year,commercial,5
2015-04-16,Royapuram,1.462,3,4,0,0,,commercial,5
2015-04-17,Royapuram,1.454,4,4,0,0,,commercial,5
2015-04-18,Royapuram,1.457,5,4,1,0,,commercial,5
2015-04-19,Royapuram,1.433,6,4,1,0,,commercial,5
2015-04-20,Royapuram,1.612,0,4,0,1,Eid,commercial,5
2015-04-21,Royapuram,1.739,1,4,0,1,Eid,commercial,5
2015-04-22,Royapuram,1.574,2,4,0,1,Eid,commercial,5
2015-04-23,Royapuram,1.421,3,4,0,0,,commercial,5
2015-04-24,Royapuram,1.518,4,4,0,0,,commercial,5
2015-04-25,Royapuram,1.474,5,4,1,0,,commercial,5
2015-04-26,Royapuram,1.534,6,4,1,0,,commercial,5
2015-04-27,Royapuram,1.499,0,4,0,0,,commercial,5
2015-04-28,Royapuram,1.462,1,4,0,0,,commercial,5
2015-04-29,Royapuram,1.448,2,4,0,0,,commercial,5
2015-04-30,Royapuram,1.377,3,4,0,0,,commercial,5
2015-05-01,Royapuram,1.513,4,5,0,0,,commercial,5
2015-05-02,Royapuram,1.472,5,5,1,0,,commercial,5
2015-05-03,Royapuram,1.511,6,5,1,0,,commercial,5
2015-05-04,Royapuram,1.489,0,5,0,0,,commercial,5
2015-05-05,Royapuram,1.444,1,5,0,0,,commercial,5
2015-05-06,Royapuram,1.413,2,5,0,0,,commercial,5
2015-05-07,Royapuram,1.505,3,5,0,0,,commercial,5
2015-05-08,Royapuram,1.464,4,5,0,0,,commercial,5
2015-05-09,Royapuram,1.494,5,5,1,0,,commercial,5
2015-05-10,Royapuram,1.538,6,5,1,0,,commercial,5
2015-05-11,Royapuram,1.576,0,5,0,0,,commercial,5
2015-05-12,Royapuram,1.484,1,5,0,0,,commercial,5
2015-05-13,Royapuram,1.389,2,5,0,0,,commercial,5
2015-05-14,Royapuram,1.421,3,5,0,0,,commercial,5
2015-05-15,Royapuram,1.407,4,5,0,0,,commercial,5
2015-05-16,Royapuram,1.51,5,5,1,0,,commercial,5
2015-05-17,Royapuram,1.485,6,5,1,0,,commercial,5
2015-05-18,Royapuram,1.46,0,5,0,0,,commercial,5
2015-05-19,Royapuram,1.443,1,5,0,0,,commercial,5
2015-05-20,Royapuram,1.386,2,5,0,0,,commercial,5
2015-05-21,Royapuram,1.449,3,5,0,0,,commercial,5
2015-05-22,Royapuram,1.379,4,5,0,0,,commercial,5
2015-05-23,Royapuram,1.501,5,5,1,0,,commercial,5
2015-05-24,Royapuram,1.495,6,5,1,0,,commercial,5
2015-05-25,Royapuram,1.611,0,5,0,0,,commercial,5
2015-05-26,Royapuram,1.488,1,5,0,0,,commercial,5
2015-05-27,Royapuram,1.432,2,5,0,0,,commercial,5
2015-05-28,Royapuram,1.487,3,5,0,0,,commercial,5
2015-05-29,Royapuram,1.39,4,5,0,0,,commercial,5
2015-05-30,Royapuram,1.435,5,5,1,0,,commercial,5
2015-05-31,Royapuram,1.493,6,5,1,0,,commercial,5
2015-06-01,Royapuram,1.289,0,6,0,0,,commercial,5
2015-06-02,Royapuram,1.311,1,6,0,0,,commercial,5
2015-06-03,Royapuram,1.273,2,6,0,0,,commercial,5
2015-06-04,Royapuram,1.317,3,6,0,0,,commercial,5
2015-06-05,Royapuram,1.27,4,6,0,0,,commercial,5
2015-06-06,Royapuram,1.354,5,6,1,0,,commercial,5
2015-06-07,Royapuram,1.338,6,6,1,0,,commercial,5
2015-06-08,Royapuram,1.436,0,6,0,0,,commercial,5
2015-06-09,Royapuram,1.313,1,6,0,0,,commercial,5
2015-06-10,Royapuram,1.282,2,6,0,0,,commercial,5
2015-06-11,Royapuram,1.303,3,6,0,0,,commercial,5
2015-06-12,Royapuram,1.26,4,6,0,0,,commercial,5
2015-06-13,Royapuram,1.353,5,6,1,0,,commercial,5
2015-06-14,Royapuram,1.361,6,6,1,0,,commercial,5
2015-06-15,Royapuram,1.48,0,6,0,0,,commercial,5
2015-06-16,Royapuram,1.288,1,6,0,0,,commercial,5
2015-06-17,Royapuram,1.302,2,6,0,0,,commercial,5
2015-06-18,Royapuram,1.29,3,6,0,0,,commercial,5
2015-06-19,Royapuram,1.321,4,6,0,0,,commercial,5
2015-06-20,Royapuram,1.352,5,6,1,0,,commercial,5
2015-06-21,Royapuram,1.335,6,6,1,0,,commercial,5
2015-06-22,Royapuram,1.423,0,6,0,0,,commercial,5
2015-06-23,Royapuram,1.288,1,6,0,0,,commercial,5
2015-06-24,Royapuram,1.352,2,6,0,0,,commercial,5
2015-06-25,Royapuram,1.334,3,6,0,0,,commercial,5
2015-06-26,Royapuram,1.312,4,6,0,0,,commercial,5
2015-06-27,Royapuram,1.324,5,6,1,0,,commercial,5
2015-06-28,Royapuram,1.434,6,6,1,0,,commercial,5
2015-06-29,Royapuram,1.345,0,6,0,0,,commercial,5
2015-06-30,Royapuram,1.324,1,6,0,0,,commercial,5
2015-07-01,Royapuram,1.283,2,7,0,0,,commercial,5
2015-07-02,Royapuram,1.383,3,7,0,0,,commercial,5
2015-07-03,Royapuram,1.348,4,7,0,0,,commercial,5
2015-07-04,Royapuram,1.31,5,7,1,0,,commercial,5
2015-07-05,Royapuram,1.358,6,7,1,0,,commercial,5
2015-07-06,Royapuram,1.389,0,7,0,0,,commercial,5
2015-07-07,Royapuram,1.292,1,7,0,0,,commercial,5
2015-07-08,Royapuram,1.343,2,7,0,0,,commercial,5
2015-07-09,Royapuram,1.328,3,7,0,0,,commercial,5
2015-07-10,Royapuram,1.321,4,7,0,0,,commercial,5
2015-07-11,Royapuram,1.335,5,7,1,0,,commercial,5
2015-07-12,Royapuram,1.354,6,7,1,0,,commercial,5
2015-07-13,Royapuram,1.388,0,7,0,0,,commercial,5
2015-07-14,Royapuram,1.315,1,7,0,0,,commercial,5
2015-07-15,Royapuram,1.287,2,7,0,0,,commercial,5
2015-07-16,Royapuram,1.379,3,7,0,0,,commercial,5
2015-07-17,Royapuram,1.271,4,7,0,0,,commercial,5
2015-07-18,Royapuram,1.354,5,7,1,0,,commercial,5
2015-07-19,Royapuram,1.324,6,7,1,0,,commercial,5
2015-07-20,Royapuram,1.451,0,7,0,0,,commercial,5
2015-07-21,Royapuram,1.277,1,7,0,0,,commercial,5
2015-07-22,Royapuram,1.284,2,7,0,0,,commercial,5
2015-07-23,Royapuram,1.275,3,7,0,0,,commercial,5
2015-07-24,Royapuram,1.325,4,7,0,0,,commercial,5
2015-07-25,Royapuram,1.282,5,7,1,0,,commercial,5
2015-07-26,Royapuram,1.318,6,7,1,0,,commercial,5
2015-07-27,Royapuram,1.289,0,7,0,0,,commercial,5
2015-07-28,Royapuram,1.322,1,7,0,0,,commercial,5
2015-07-29,Royapuram,1.293,2,7,0,0,,commercial,5
2015-07-30,Royapuram,1.254,3,7,0,0,,commercial,5
2015-07-31,Royapuram,1.355,4,7,0,0,,commercial,5
2015-08-01,Royapuram,1.285,5,8,1,0,,commercial,5
2015-08-02,Royapuram,1.369,6,8,1,0,,commercial,5
2015-08-03,Royapuram,1.349,0,8,0,0,,commercial,5
2015-08-04,Royapuram,1.376,1,8,0,0,,commercial,5
2015-08-05,Royapuram,1.342,2,8,0,0,,commercial,5
2015-08-06,Royapuram,1.273,3,8,0,0,,commercial,5
2015-08-07,Royapuram,1.277,4,8,0,0,,commercial,5
2015-08-08,Royapuram,1.361,5,8,1,0,,commercial,5
2015-08-09,Royapuram,1.327,6,8,1,0,,commercial,5
2015-08-10,Royapuram,1.371,0,8,0,0,,commercial,5
2015-08-11,Royapuram,1.363,1,8,0,0,,commercial,5
2015-08-12,Royapuram,1.283,2,8,0,0,,commercial,5
2015-08-13,Royapuram,1.316,3,8,0,0,,commercial,5
2015-08-14,Royapuram,1.35,4,8,0,0,,commercial,5
2015-08-15,Royapuram,1.506,5,8,1,1,Independence,commercial,5
2015-08-16,Royapuram,1.331,6,8,1,0,,commercial,5
2015-08-17,Royapuram,1.366,0,8,0,0,,commercial,5
2015-08-18,Royapuram,1.244,1,8,0,0,,commercial,5
2015-08-19,Royapuram,1.271,2,8,0,0,,commercial,5
2015-08-20,Royapuram,1.325,3,8,0,0,,commercial,5
2015-08-21,Royapuram,1.307,4,8,0,0,,commercial,5
2015-08-22,Royapuram,1.34,5,8,1,0,,commercial,5
2015-08-23,Royapuram,1.379,6,8,1,0,,commercial,5
2015-08-24,Royapuram,1.329,0,8,0,0,,commercial,5
2015-08-25,Royapuram,1.303,1,8,0,0,,commercial,5
2015-08-26,Royapuram,1.32,2,8,0,0,,commercial,5
2015-08-27,Royapuram,1.285,3,8,0,0,,commercial,5
2015-08-28,Royapuram,1.369,4,8,0,0,,commercial,5
2015-08-29,Royapuram,1.373,5,8,1,0,,commercial,5
2015-08-30,Royapuram,1.349,6,8,1,0,,commercial,5
2015-08-31,Royapuram,1.453,0,8,0,0,,commercial,5
2015-09-01,Royapuram,1.254,1,9,0,0,,commercial,5
2015-09-02,Royapuram,1.312,2,9,0,0,,commercial,5
2015-09-03,Royapuram,1.327,3,9,0,0,,commercial,5
2015-09-04,Royapuram,1.277,4,9,0,0,,commercial,5
2015-09-05,Royapuram,1.349,5,9,1,0,,commercial,5
2015-09-06,Royapuram,1.293,6,9,1,0,,commercial,5
2015-09-07,Royapuram,1.407,0,9,0,0,,commercial,5
2015-09-08,Royapuram,1.512,1,9,0,1,Ganesh Chathurthi,commercial,5
2015-09-09,Royapuram,1.632,2,9,0,1,Ganesh Chathurthi,commercial,5
2015-09-10,Royapuram,1.674,3,9,0,1,Ganesh Chathurthi,commercial,5
2015-09-11,Royapuram,1.572,4,9,0,1,Ganesh Chathurthi,commercial,5
2015-09-12,Royapuram,1.518,5,9,1,1,Ganesh Chathurthi,commercial,5
2015-09-13,Royapuram,1.338,6,9,1,0,,commercial,5
2015-09-14,Royapuram,1.267,0,9,0,0,,commercial,5
2015-09-15,Royapuram,1.362,1,9,0,0,,commercial,5
2015-09-16,Royapuram,1.318,2,9,0,0,,commercial,5
2015-09-17,Royapuram,1.28,3,9,0,0,,commercial,5
2015-09-18,Royapuram,1.352,4,9,0,0,,commercial,5
2015-09-19,Royapuram,1.31,5,9,1,0,,commercial,5
2015-09-20,Royapuram,1.309,6,9,1,0,,commercial,5
2015-09-21,Royapuram,1.393,0,9,0,0,,commercial,5
2015-09-22,Royapuram,1.383,1,9,0,0,,commercial,5
2015-09-23,Royapuram,1.377,2,9,0,0,,commercial,5
2015-09-24,Royapuram,1.327,3,9,0,0,,commercial,5
2015-09-25,Royapuram,1.331,4,9,0,0,,commercial,5
2015-09-26,Royapuram,1.369,5,9,1,0,,commercial,5
2015-09-27,Royapuram,1.287,6,9,1,0,,commercial,5
2015-09-28,Royapuram,1.405,0,9,0,0,,commercial,5
2015-09-29,Royapuram,1.284,1,9,0,0,,commercial,5
2015-09-30,Royapuram,1.325,2,9,0,0,,commercial,5
2015-10-01,Royapuram,1.372,3,10,0,0,,commercial,5
2015-10-02,Royapuram,1.403,4,10,0,0,,commercial,5
2015-10-03,Royapuram,1.412,5,10,1,0,,commercial,5
2015-10-04,Royapuram,1.437,6,10,1,1,Dussehra,commercial,5
2015-10-05,Royapuram,1.823,0,10,0,1,Dussehra,commercial,5
2015-10-06,Royapuram,1.584,1,10,0,1,Dussehra,commercial,5
2015-10-07,Royapuram,1.4,2,10,0,0,,commercial,5
2015-10-08,Royapuram,1.378,3,10,0,0,,commercial,5
2015-10-09,Royapuram,1.45,4,10,0,0,,commercial,5
2015-10-10,Royapuram,1.421,5,10,1,0,,commercial,5
2015-10-11,Royapuram,1.426,6,10,1,0,,commercial,5
2015-10-12,Royapuram,1.496,0,10,0,0,,commercial,5
2015-10-13,Royapuram,1.397,1,10,0,0,,commercial,5
2015-10-14,Royapuram,1.345,2,10,0,0,,commercial,5
2015-10-15,Royapuram,1.281,3,10,0,0,,commercial,5
2015-10-16,Royapuram,1.362,4,10,0,0,,commercial,5
2015-10-17,Royapuram,1.44,5,10,1,0,,commercial,5
2015-10-18,Royapuram,1.392,6,10,1,0,,commercial,5
2015-10-19,Royapuram,1.486,0,10,0,0,,commercial,5
2015-10-20,Royapuram,1.388,1,10,0,0,,commercial,5
2015-10-21,Royapuram,1.435,2,10,0,0,,commercial,5
2015-10-22,Royapuram,1.552,3,10,0,1,Deepavali,commercial,5
2015-10-23,Royapuram,1.775,4,10,0,1,Deepavali,commercial,5
2015-10-24,Royapuram,2.0,5,10,1,1,Deepavali,commercial,5
2015-10-25,Royapuram,1.863,6,10,1,1,Deepavali,commercial,5
2015-10-26,Royapuram,1.56,0,10,0,1,Deepavali,commercial,5
2015-10-27,Royapuram,1.363,1,10,0,0,,commercial,5
2015-10-28,Royapuram,1.417,2,10,0,0,,commercial,5
2015-10-29,Royapuram,1.446,3,10,0,0,,commercial,5
2015-10-30,Royapuram,1.392,4,10,0,0,,commercial,5
2015-10-31,Royapuram,1.395,5,10,1,0,,commercial,5
2015-11-01,Royapuram,1.439,6,11,1,0,,commercial,5
2015-11-02,Royapuram,1.489,0,11,0,0,,commercial,5
2015-11-03,Royapuram,1.367,1,11,0,0,,commercial,5
2015-11-04,Royapuram,1.396,2,11,0,0,,commercial,5
2015-11-05,Royapuram,1.431,3,11,0,0,,commercial,5
2015-11-06,Royapuram,1.46,4,11,0,0,,commercial,5
2015-11-07,Royapuram,1.439,5,11,1,0,,commercial,5
2015-11-08,Royapuram,1.409,6,11,1,0,,commercial,5
2015-11-09,Royapuram,1.449,0,11,0,0,,commercial,5
2015-11-10,Royapuram,1.405,1,11,0,0,,commercial,5
2015-11-11,Royapuram,1.377,2,11,0,0,,commercial,5
2015-11-12,Royapuram,1.39,3,11,0,0,,commercial,5
2015-11-13,Royapuram,1.338,4,11,0,0,,commercial,5
2015-11-14,Royapuram,1.462,5,11,1,0,,commercial,5
2015-11-15,Royapuram,1.359,6,11,1,0,,commercial,5
2015-11-16,Royapuram,1.432,0,11,0,0,,commercial,5
2015-11-17,Royapuram,1.386,1,11,0,0,,commercial,5
2015-11-18,Royapuram,1.464,2,11,0,0,,commercial,5
2015-11-19,Royapuram,1.364,3,11,0,0,,commercial,5
2015-11-20,Royapuram,1.354,4,11,0,0,,commercial,5
2015-11-21,Royapuram,1.384,5,11,1,0,,commercial,5
2015-11-22,Royapuram,1.477,6,11,1,0,,commercial,5
2015-11-23,Royapuram,1.328,0,11,0,0,,commercial,5
2015-11-24,Royapuram,1.34,1,11,0,0,,commercial,5
2015-11-25,Royapuram,1.495,2,11,0,0,,commercial,5
2015-11-26,Royapuram,1.406,3,11,0,0,,commercial,5
2015-11-27,Royapuram,1.336,4,11,0,0,,commercial,5
2015-11-28,Royapuram,1.406,5,11,1,0,,commercial,5
2015-11-29,Royapuram,1.41,6,11,1,0,,commercial,5
2015-11-30,Royapuram,1.488,0,11,0,0,,commercial,5
2015-12-01,Royapuram,1.458,1,12,0,0,,commercial,5
2015-12-02,Royapuram,1.398,2,12,0,0,,commercial,5
2015-12-03,Royapuram,1.359,3,12,0,0,,commercial,5
2015-12-04,Royapuram,1.414,4,12,0,0,,commercial,5
2015-12-05,Royapuram,1.378,5,12,1,0,,commercial,5
2015-12-06,Royapuram,1.364,6,12,1,0,,commercial,5
2015-12-07,Royapuram,1.374,0,12,0,0,,commercial,5
2015-12-08,Royapuram,1.317,1,12,0,0,,commercial,5
2015-12-09,Royapuram,1.345,2,12,0,0,,commercial,5
2015-12-10,Royapuram,1.333,3,12,0,0,,commercial,5
2015-12-11,Royapuram,1.395,4,12,0,0,,commercial,5
2015-12-12,Royapuram,1.357,5,12,1,0,,commercial,5
2015-12-13,Royapuram,1.275,6,12,1,0,,commercial,5
2015-12-14,Royapuram,1.405,0,12,0,0,,commercial,5
2015-12-15,Royapuram,1.362,1,12,0,0,,commercial,5
2015-12-16,Royapuram,1.357,2,12,0,0,,commercial,5
2015-12-17,Royapuram,1.445,3,12,0,0,,commercial,5
2015-12-18,Royapuram,1.356,4,12,0,0,,commercial,5
2015-12-19,Royapuram,1.445,5,12,1,0,,commercial,5
2015-12-20,Royapuram,1.407,6,12,1,0,,commercial,5
2015-12-21,Royapuram,1.449,0,12,0,0,,commercial,5
2015-12-22,Royapuram,1.347,1,12,0,0,,commercial,5
2015-12-23,Royapuram,1.379,2,12,0,0,,commercial,5
2015-12-24,Royapuram,1.451,3,12,0,1,Christmas,commercial,5
2015-12-25,Royapuram,1.597,4,12,0,1,Christmas,commercial,5
2015-12-26,Royapuram,1.502,5,12,1,1,Christmas,commercial,5
2015-12-27,Royapuram,1.368,6,12,1,0,,commercial,5
2015-12-28,Royapuram,1.494,0,12,0,0,,commercial,5
2015-12-29,Royapuram,1.4,1,12,0,0,,commercial,5
2015-12-30,Royapuram,1.5,2,12,0,1,New Year,commercial,5
2015-12-31,Royapuram,1.665,3,12,0,1,New Year,commercial,5
2016-01-01,Royapuram,1.378,4,1,0,0,,commercial,5
2016-01-02,Royapuram,1.371,5,1,1,0,,commercial,5
2016-01-03,Royapuram,1.41,6,1,1,0,,commercial,5
2016-01-04,Royapuram,1.424,0,1,0,0,,commercial,5
2016-01-05,Royapuram,1.343,1,1,0,0,,commercial,5
2016-01-06,Royapuram,1.315,2,1,0,0,,commercial,5
2016-01-07,Royapuram,1.367,3,1,0,0,,commercial,5
2016-01-08,Royapuram,1.405,4,1,0,0,,commercial,5
2016-01-09,Royapuram,1.378,5,1,1,0,,commercial,5
2016-01-10,Royapuram,1.514,6,1,1,0,,commercial,5
2016-01-11,Royapuram,1.489,0,1,0,0,,commercial,5
2016-01-12,Royapuram,1.579,1,1,0,1,Pongal,commercial,5
2016-01-13,Royapuram,1.698,2,1,0,1,Pongal,commercial,5
2016-01-14,Royapuram,1.896,3,1,0,1,Pongal,commercial,5
2016-01-15,Royapuram,1.619,4,1,0,1,Pongal,commercial,5
2016-01-16,Royapuram,1.429,5,1,1,1,Pongal,commercial,5
2016-01-17,Royapuram,1.389,6,1,1,0,,commercial,5
2016-01-18,Royapuram,1.475,0,1,0,0,,commercial,5
2016-01-19,Royapuram,1.388,1,1,0,0,,commercial,5
2016-01-20,Royapuram,1.393,2,1,0,0,,commercial,5
2016-01-21,Royapuram,1.437,3,1,0,0,,commercial,5
2016-01-22,Royapuram,1.398,4,1,0,0,,commercial,5
2016-01-23,Royapuram,1.441,5,1,1,0,,commercial,5
2016-01-24,Royapuram,1.368,6,1,1,0,,commercial,5
2016-01-25,Royapuram,1.403,0,1,0,0,,commercial,5
2016-01-26,Royapuram,1.594,1,1,0,1,Republic Day,commercial,5
2016-01-27,Royapuram,1.386,2,1,0,0,,commercial,5
2016-01-28,Royapuram,1.356,3,1,0,0,,commercial,5
2016-01-29,Royapuram,1.356,4,1,0,0,,commercial,5
2016-01-30,Royapuram,1.38,5,1,1,0,,commercial,5
2016-01-31,Royapuram,1.377,6,1,1,0,,commercial,5
2016-02-01,Royapuram,1.395,0,2,0,0,,commercial,5
2016-02-02,Royapuram,1.32,1,2,0,0,,commercial,5
2016-02-03,Royapuram,1.374,2,2,0,0,,commercial,5
2016-02-04,Royapuram,1.357,3,2,0,0,,commercial,5
2016-02-05,Royapuram,1.428,4,2,0,0,,commercial,5
2016-02-06,Royapuram,1.42,5,2,1,0,,commercial,5
2016-02-07,Royapuram,1.419,6,2,1,0,,commercial,5
2016-02-08,Royapuram,1.419,0,2,0,0,,commercial,5
2016-02-09,Royapuram,1.377,1,2,0,0,,commercial,5
2016-02-10,Royapuram,1.397,2,2,0,0,,commercial,5
2016-02-11,Royapuram,1.411,3,2,0,0,,commercial,5
2016-02-12,Royapuram,1.378,4,2,0,0,,commercial,5
2016-02-13,Royapuram,1.453,5,2,1,0,,commercial,5
2016-02-14,Royapuram,1.408,6,2,1,0,,commercial,5
2016-02-15,Royapuram,1.485,0,2,0,0,,commercial,5
2016-02-16,Royapuram,1.362,1,2,0,0,,commercial,5
2016-02-17,Royapuram,1.307,2,2,0,0,,commercial,5
2016-02-18,Royapuram,1.393,3,2,0,0,,commercial,5
2016-02-19,Royapuram,1.412,4,2,0,0,,commercial,5
2016-02-20,Royapuram,1.432,5,2,1,0,,commercial,5
2016-02-21,Royapuram,1.425,6,2,1,0,,commercial,5
2016-02-22,Royapuram,1.436,0,2,0,0,,commercial,5
2016-02-23,Royapuram,1.348,1,2,0,0,,commercial,5
2016-02-24,Royapuram,1.405,2,2,0,0,,commercial,5
2016-02-25,Royapuram,1.399,3,2,0,0,,commercial,5
2016-02-26,Royapuram,1.359,4,2,0,0,,commercial,5
2016-02-27,Royapuram,1.454,5,2,1,0,,commercial,5
2016-02-28,Royapuram,1.37,6,2,1,0,,commercial,5
2016-02-29,Royapuram,1.425,0,2,0,0,,commercial,5
2016-03-01,Royapuram,1.522,1,3,0,0,,commercial,5
2016-03-02,Royapuram,1.489,2,3,0,0,,commercial,5
2016-03-03,Royapuram,1.435,3,3,0,0,,commercial,5
2016-03-04,Royapuram,1.463,4,3,0,0,,commercial,5
2016-03-05,Royapuram,1.485,5,3,1,0,,commercial,5
2016-03-06,Royapuram,1.356,6,3,1,0,,commercial,5
2016-03-07,Royapuram,1.482,0,3,0,0,,commercial,5
2016-03-08,Royapuram,1.449,1,3,0,0,,commercial,5
2016-03-09,Royapuram,1.435,2,3,0,0,,commercial,5
2016-03-10,Royapuram,1.462,3,3,0,0,,commercial,5
2016-03-11,Royapuram,1.5,4,3,0,0,,commercial,5
2016-03-12,Royapuram,1.464,5,3,1,0,,commercial,5
2016-03-13,Royapuram,1.431,6,3,1,0,,commercial,5
2016-03-14,Royapuram,1.538,0,3,0,0,,commercial,5
2016-03-15,Royapuram,1.437,1,3,0,0,,commercial,5
2016-03-16,Royapuram,1.444,2,3,0,0,,commercial,5
2016-03-17,Royapuram,1.438,3,3,0,0,,commercial,5
2016-03-18,Royapuram,1.548,4,3,0,0,,commercial,5
2016-03-19,Royapuram,1.378,5,3,1,0,,commercial,5
2016-03-20,Royapuram,1.461,6,3,1,0,,commercial,5
2016-03-21,Royapuram,1.523,0,3,0,0,,commercial,5
2016-03-22,Royapuram,1.417,1,3,0,0,,commercial,5
2016-03-23,Royapuram,1.49,2,3,0,0,,commercial,5
2016-03-24,Royapuram,1.486,3,3,0,0,,commercial,5
2016-03-25,Royapuram,1.449,4,3,0,0,,commercial,5
2016-03-26,Royapuram,1.466,5,3,1,0,,commercial,5
2016-03-27,Royapuram,1.473,6,3,1,0,,commercial,5
2016-03-28,Royapuram,1.519,0,3,0,0,,commercial,5
2016-03-29,Royapuram,1.447,1,3,0,0,,commercial,5
2016-03-30,Royapuram,1.443,2,3,0,0,,commercial,5
2016-04-01,Royapuram,1.384,4,4,0,0,,commercial,5
2016-04-02,Royapuram,1.43,5,4,1,0,,commercial,5
2016-04-03,Royapuram,1.347,6,4,1,0,,commercial,5
2016-04-04,Royapuram,1.396,0,4,0,0,,commercial,5
2016-04-05,Royapuram,1.301,1,4,0,0,,commercial,5
2016-04-06,Royapuram,1.409,2,4,0,0,,commercial,5
2016-04-07,Royapuram,1.384,3,4,0,0,,commercial,5
2016-04-08,Royapuram,1.394,4,4,0,0,,commercial,5
2016-04-09,Royapuram,1.339,5,4,1,0,,commercial,5
2016-04-10,Royapuram,1.474,6,4,1,0,,commercial,5
2016-04-11,Royapuram,1.416,0,4,0,0,,commercial,5
2016-04-12,Royapuram,1.38,1,4,0,0,,commercial,5
2016-04-13,Royapuram,1.584,2,4,0,1,Tamil New Year,commercial,5
2016-04-14,Royapuram,1.666,3,4,0,1,Tamil New Year,commercial,5
2016-04-15,Royapuram,1.52,4,4,0,1,Tamil New Year,commercial,5
2016-04-16,Royapuram,1.406,5,4,1,0,,commercial,5
2016-04-17,Royapuram,1.519,6,4,1,0,,commercial,5
2016-04-18,Royapuram,1.455,0,4,0,0,,commercial,5
2016-04-19,Royapuram,1.439,1,4,0,0,,commercial,5
2016-04-20,Royapuram,1.565,2,4,0,1,Eid,commercial,5
2016-04-21,Royapuram,1.666,3,4,0,1,Eid,commercial,5
2016-04-22,Royapuram,1.466,4,4,0,1,Eid,commercial,5
2016-04-23,Royapuram,1.443,5,4,1,0,,commercial,5
2016-04-24,Royapuram,1.336,6,4,1,0,,commercial,5
2016-04-25,Royapuram,1.511,0,4,0,0,,commercial,5
2016-04-26,Royapuram,1.381,1,4,0,0,,commercial,5
2016-04-27,Royapuram,1.264,2,4,0,0,,commercial,5
2016-04-28,Royapuram,1.359,3,4,0,0,,commercial,5
2016-04-29,Royapuram,1.4,4,4,0,0,,commercial,5
2016-04-30,Royapuram,1.389,5,4,1,0,,commercial,5
2016-05-01,Royapuram,1.429,6,5,1,0,,commercial,5
2016-05-02,Royapuram,1.405,0,5,0,0,,commercial,5
2016-05-03,Royapuram,1.319,1,5,0,0,,commercial,5
2016-05-04,Royapuram,1.37,2,5,0,0,,commercial,5
2016-05-05,Royapuram,1.375,3,5,0,0,,commercial,5
2016-05-06,Royapuram,1.359,4,5,0,0,,commercial,5
2016-05-07,Royapuram,1.45,5,5,1,0,,commercial,5
2016-05-08,Royapuram,1.363,6,5,1,0,,commercial,5
2016-05-09,Royapuram,1.455,0,5,0,0,,commercial,5
2016-05-10,Royapuram,1.376,1,5,0,0,,commercial,5
2016-05-11,Royapuram,1.309,2,5,0,0,,commercial,5
2016-05-12,Royapuram,1.319,3,5,0,0,,commercial,5
2016-05-13,Royapuram,1.374,4,5,0,0,,commercial,5
2016-05-14,Royapuram,1.482,5,5,1,0,,commercial,5
2016-05-15,Royapuram,1.423,6,5,1,0,,commercial,5
2016-05-16,Royapuram,1.367,0,5,0,0,,commercial,5
2016-05-17,Royapuram,1.245,1,5,0,0,,commercial,5
2016-05-18,Royapuram,1.403,2,5,0,0,,commercial,5
2016-05-19,Royapuram,1.369,3,5,0,0,,commercial,5
2016-05-20,Royapuram,1.42,4,5,0,0,,commercial,5
2016-05-21,Royapuram,1.362,5,5,1,0,,commercial,5
2016-05-22,Royapuram,1.413,6,5,1,0,,commercial,5
2016-05-23,Royapuram,1.478,0,5,0,0,,commercial,5
2016-05-24,Royapuram,1.355,1,5,0,0,,commercial,5
2016-05-25,Royapuram,1.356,2,5,0,0,,commercial,5
2016-05-26,Royapuram,1.374,3,5,0,0,,commercial,5
2016-05-27,Royapuram,1.396,4,5,0,0,,commercial,5
2016-05-28,Royapuram,1.398,5,5,1,0,,commercial,5
2016-05-29,Royapuram,1.44,6,5,1,0,,commercial,5
2016-05-30,Royapuram,1.422,0,5,0,0,,commercial,5
2016-05-31,Royapuram,1.319,1,5,0,0,,commercial,5
2016-06-01,Royapuram,1.316,2,6,0,0,,commercial,5
2016-06-02,Royapuram,1.22,3,6,0,0,,commercial,5
2016-06-03,Royapuram,1.221,4,6,0,0,,commercial,5
2016-06-04,Royapuram,1.263,5,6,1,0,,commercial,5
2016-06-05,Royapuram,1.268,6,6,1,0,,commercial,5
2016-06-06,Royapuram,1.289,0,6,0,0,,commercial,5
2016-06-07,Royapuram,1.242,1,6,0,0,,commercial,5
2016-06-08,Royapuram,1.241,2,6,0,0,,commercial,5
2016-06-09,Royapuram,1.249,3,6,0,0,,commercial,5
2016-06-10,Royapuram,1.155,4,6,0,0,,commercial,5
2016-06-11,Royapuram,1.337,5,6,1,0,,commercial,5
2016-06-12,Royapuram,1.26,6,6,1,0,,commercial,5
2016-06-13,Royapuram,1.327,0,6,0,0,,commercial,5
2016-06-14,Royapuram,1.191,1,6,0,0,,commercial,5
2016-06-15,Royapuram,1.225,2,6,0,0,,commercial,5
2016-06-16,Royapuram,1.217,3,6,0,0,,commercial,5
2016-06-17,Royapuram,1.297,4,6,0,0,,commercial,5
2016-06-18,Royapuram,1.243,5,6,1,0,,commercial,5
2016-06-19,Royapuram,1.294,6,6,1,0,,commercial,5
2016-06-20,Royapuram,1.279,0,6,0,0,,commercial,5
2016-06-21,Royapuram,1.226,1,6,0,0,,commercial,5
2016-06-22,Royapuram,1.233,2,6,0,0,,commercial,5
2016-06-23,Royapuram,1.29,3,6,0,0,,commercial,5
2016-06-24,Royapuram,1.172,4,6,0,0,,commercial,5
2016-06-25,Royapuram,1.216,5,6,1,0,,commercial,5
2016-06-26,Royapuram,1.192,6,6,1,0,,commercial,5
2016-06-27,Royapuram,1.262,0,6,0,0,,commercial,5
2016-06-28,Royapuram,1.212,1,6,0,0,,commercial,5
2016-06-29,Royapuram,1.182,2,6,0,0,,commercial,5
2016-06-30,Royapuram,1.215,3,6,0,0,,commercial,5
2016-07-01,Royapuram,1.167,4,7,0,0,,commercial,5
2016-07-02,Royapuram,1.227,5,7,1,0,,commercial,5
2016-07-03,Royapuram,1.311,6,7,1,0,,commercial,5
2016-07-04,Royapuram,1.32,0,7,0,0,,commercial,5
2016-07-05,Royapuram,1.249,1,7,0,0,,commercial,5
2016-07-06,Royapuram,1.205,2,7,0,0,,commercial,5
2016-07-07,Royapuram,1.185,3,7,0,0,,commercial,5
2016-07-08,Royapuram,1.2,4,7,0,0,,commercial,5
2016-07-09,Royapuram,1.264,5,7,1,0,,commercial,5
2016-07-10,Royapuram,1.298,6,7,1,0,,commercial,5
2016-07-11,Royapuram,1.34,0,7,0,0,,commercial,5
2016-07-12,Royapuram,1.266,1,7,0,0,,commercial,5
2016-07-13,Royapuram,1.215,2,7,0,0,,commercial,5
2016-07-14,Royapuram,1.243,3,7,0,0,,commercial,5
2016-07-15,Royapuram,1.23,4,7,0,0,,commercial,5
2016-07-16,Royapuram,1.258,5,7,1,0,,commercial,5
2016-07-17,Royapuram,1.343,6,7,1,0,,commercial,5
2016-07-18,Royapuram,1.236,0,7,0,0,,commercial,5
2016-07-19,Royapuram,1.234,1,7,0,0,,commercial,5
2016-07-20,Royapuram,1.288,2,7,0,0,,commercial,5
2016-07-21,Royapuram,1.188,3,7,0,0,,commercial,5
2016-07-22,Royapuram,1.218,4,7,0,0,,commercial,5
2016-07-23,Royapuram,1.245,5,7,1,0,,commercial,5
2016-07-24,Royapuram,1.257,6,7,1,0,,commercial,5
2016-07-25,Royapuram,1.242,0,7,0,0,,commercial,5
2016-07-26,Royapuram,1.265,1,7,0,0,,commercial,5
2016-07-27,Royapuram,1.267,2,7,0,0,,commercial,5
2016-07-28,Royapuram,1.261,3,7,0,0,,commercial,5
2016-07-29,Royapuram,1.21,4,7,0,0,,commercial,5
2016-07-30,Royapuram,1.269,5,7,1,0,,commercial,5
2016-07-31,Royapuram,1.231,6,7,1,0,,commercial,5
2016-08-01,Royapuram,1.292,0,8,0,0,,commercial,5
2016-08-02,Royapuram,1.323,1,8,0,0,,commercial,5
2016-08-03,Royapuram,1.246,2,8,0,0,,commercial,5
2016-08-04,Royapuram,1.198,3,8,0,0,,commercial,5
2016-08-05,Royapuram,1.249,4,8,0,0,,commercial,5
2016-08-06,Royapuram,1.214,5,8,1,0,,commercial,5
2016-08-07,Royapuram,1.22,6,8,1,0,,commercial,5
2016-08-08,Royapuram,1.264,0,8,0,0,,commercial,5
2016-08-09,Royapuram,1.226,1,8,0,0,,commercial,5
2016-08-10,Royapuram,1.277,2,8,0,0,,commercial,5
2016-08-11,Royapuram,1.264,3,8,0,0,,commercial,5
2016-08-12,Royapuram,1.262,4,8,0,0,,commercial,5
2016-08-13,Royapuram,1.224,5,8,1,0,,commercial,5
2016-08-14,Royapuram,1.245,6,8,1,0,,commercial,5
2016-08-15,Royapuram,1.447,0,8,0,1,Independence,commercial,5
2016-08-16,Royapuram,1.219,1,8,0,0,,commercial,5
2016-08-17,Royapuram,1.232,2,8,0,0,,commercial,5
2016-08-18,Royapuram,1.259,3,8,0,0,,commercial,5
2016-08-19,Royapuram,1.229,4,8,0,0,,commercial,5
2016-08-20,Royapuram,1.274,5,8,1,0,,commercial,5
2016-08-21,Royapuram,1.326,6,8,1,0,,commercial,5
2016-08-22,Royapuram,1.298,0,8,0,0,,commercial,5
2016-08-23,Royapuram,1.286,1,8,0,0,,commercial,5
2016-08-24,Royapuram,1.263,2,8,0,0,,commercial,5
2016-08-25,Royapuram,1.188,3,8,0,0,,commercial,5
2016-08-26,Royapuram,1.201,4,8,0,0,,commercial,5
2016-08-27,Royapuram,1.234,5,8,1,0,,commercial,5
2016-08-28,Royapuram,1.233,6,8,1,0,,commercial,5
2016-08-29,Royapuram,1.301,0,8,0,0,,commercial,5
2016-08-30,Royapuram,1.265,1,8,0,0,,commercial,5
2016-08-31,Royapuram,1.289,2,8,0,0,,commercial,5
2016-09-01,Royapuram,1.254,3,9,0,0,,commercial,5
2016-09-02,Royapuram,1.226,4,9,0,0,,commercial,5
2016-09-03,Royapuram,1.186,5,9,1,0,,commercial,5
2016-09-04,Royapuram,1.268,6,9,1,0,,commercial,5
2016-09-05,Royapuram,1.306,0,9,0,0,,commercial,5
2016-09-06,Royapuram,1.249,1,9,0,0,,commercial,5
2016-09-07,Royapuram,1.321,2,9,0,0,,commercial,5
2016-09-08,Royapuram,1.439,3,9,0,1,Ganesh Chathurthi,commercial,5
2016-09-09,Royapuram,1.568,4,9,0,1,Ganesh Chathurthi,commercial,5
2016-09-10,Royapuram,1.659,5,9,1,1,Ganesh Chathurthi,commercial,5
2016-09-11,Royapuram,1.537,6,9,1,1,Ganesh Chathurthi,commercial,5
2016-09-12,Royapuram,1.453,0,9,0,1,Ganesh Chathurthi,commercial,5
2016-09-13,Royapuram,1.214,1,9,0,0,,commercial,5
2016-09-14,Royapuram,1.261,2,9,0,0,,commercial,5
2016-09-15,Royapuram,1.256,3,9,0,0,,commercial,5
2016-09-16,Royapuram,1.202,4,9,0,0,,commercial,5
2016-09-17,Royapuram,1.311,5,9,1,0,,commercial,5
2016-09-18,Royapuram,1.269,6,9,1,0,,commercial,5
2016-09-19,Royapuram,1.237,0,9,0,0,,commercial,5
2016-09-20,Royapuram,1.241,1,9,0,0,,commercial,5
2016-09-21,Royapuram,1.253,2,9,0,0,,commercial,5
2016-09-22,Royapuram,1.279,3,9,0,0,,commercial,5
2016-09-23,Royapuram,1.23,4,9,0,0,,commercial,5
2016-09-24,Royapuram,1.297,5,9,1,0,,commercial,5
2016-09-25,Royapuram,1.273,6,9,1,0,,commercial,5
2016-09-26,Royapuram,1.253,0,9,0,0,,commercial,5
2016-09-27,Royapuram,1.19,1,9,0,0,,commercial,5
2016-09-28,Royapuram,1.284,2,9,0,0,,commercial,5
2016-09-29,Royapuram,1.287,3,9,0,0,,commercial,5
2016-09-30,Royapuram,1.254,4,9,0,0,,commercial,5
2016-10-01,Royapuram,1.392,5,10,1,0,,commercial,5
2016-10-02,Royapuram,1.374,6,10,1,0,,commercial,5
2016-10-03,Royapuram,1.401,0,10,0,0,,commercial,5
2016-10-04,Royapuram,1.431,1,10,0,1,Dussehra,commercial,5
2016-10-05,Royapuram,1.72,2,10,0,1,Dussehra,commercial,5
2016-10-06,Royapuram,1.495,3,10,0,1,Dussehra,commercial,5
2016-10-07,Royapuram,1.293,4,10,0,0,,commercial,5
2016-10-08,Royapuram,1.305,5,10,1,0,,commercial,5
2016-10-09,Royapuram,1.342,6,10,1,0,,commercial,5
2016-10-10,Royapuram,1.304,0,10,0,0,,commercial,5
2016-10-11,Royapuram,1.335,1,10,0,0,,commercial,5
2016-10-12,Royapuram,1.27,2,10,0,0,,commercial,5
2016-10-13,Royapuram,1.322,3,10,0,0,,commercial,5
2016-10-14,Royapuram,1.287,4,10,0,0,,commercial,5
2016-10-15,Royapuram,1.321,5,10,1,0,,commercial,5
2016-10-16,Royapuram,1.302,6,10,1,0,,commercial,5
2016-10-17,Royapuram,1.367,0,10,0,0,,commercial,5
2016-10-18,Royapuram,1.382,1,10,0,0,,commercial,5
2016-10-19,Royapuram,1.362,2,10,0,0,,commercial,5
2016-10-20,Royapuram,1.322,3,10,0,0,,commercial,5
2016-10-21,Royapuram,1.307,4,10,0,0,,commercial,5
2016-10-22,Royapuram,1.548,5,10,1,1,Deepavali,commercial,5
2016-10-23,Royapuram,1.744,6,10,1,1,Deepavali,commercial,5
2016-10-24,Royapuram,1.875,0,10,0,1,Deepavali,commercial,5
2016-10-25,Royapuram,1.653,1,10,0,1,Deepavali,commercial,5
2016-10-26,Royapuram,1.401,2,10,0,1,Deepavali,commercial,5
2016-10-27,Royapuram,1.352,3,10,0,0,,commercial,5
2016-10-28,Royapuram,1.389,4,10,0,0,,commercial,5
2016-10-29,Royapuram,1.335,5,10,1,0,,commercial,5
2016-10-30,Royapuram,1.247,6,10,1,0,,commercial,5
2016-10-31,Royapuram,1.398,0,10,0,0,,commercial,5
2016-11-01,Royapuram,1.272,1,11,0,0,,commercial,5
2016-11-02,Royapuram,1.282,2,11,0,0,,commercial,5
2016-11-03,Royapuram,1.332,3,11,0,0,,commercial,5
2016-11-04,Royapuram,1.318,4,11,0,0,,commercial,5
2016-11-05,Royapuram,1.313,5,11,1,0,,commercial,5
2016-11-06,Royapuram,1.306,6,11,1,0,,commercial,5
2016-11-07,Royapuram,1.378,0,11,0,0,,commercial,5
2016-11-08,Royapuram,1.292,1,11,0,0,,commercial,5
2016-11-09,Royapuram,1.264,2,11,0,0,,commercial,5
2016-11-10,Royapuram,1.295,3,11,0,0,,commercial,5
2016-11-11,Royapuram,1.321,4,11,0,0,,commercial,5
2016-11-12,Royapuram,1.325,5,11,1,0,,commercial,5
2016-11-13,Royapuram,1.276,6,11,1,0,,commercial,5
2016-11-14,Royapuram,1.414,0,11,0,0,,commercial,5
2016-11-15,Royapuram,1.2,1,11,0,0,,commercial,5
2016-11-16,Royapuram,1.29,2,11,0,0,,commercial,5
2016-11-17,Royapuram,1.284,3,11,0,0,,commercial,5
2016-11-18,Royapuram,1.314,4,11,0,0,,commercial,5
2016-11-19,Royapuram,1.354,5,11,1,0,,commercial,5
2016-11-20,Royapuram,1.377,6,11,1,0,,commercial,5
2016-11-21,Royapuram,1.344,0,11,0,0,,commercial,5
2016-11-22,Royapuram,1.331,1,11,0,0,,commercial,5
2016-11-23,Royapuram,1.316,2,11,0,0,,commercial,5
2016-11-24,Royapuram,1.241,3,11,0,0,,commercial,5
2016-11-25,Royapuram,1.382,4,11,0,0,,commercial,5
2016-11-26,Royapuram,1.275,5,11,1,0,,commercial,5
2016-11-27,Royapuram,1.349,6,11,1,0,,commercial,5
2016-11-28,Royapuram,1.389,0,11,0,0,,commercial,5
2016-11-29,Royapuram,1.319,1,11,0,0,,commercial,5
2016-11-30,Royapuram,1.288,2,11,0,0,,commercial,5
2016-12-01,Royapuram,1.34,3,12,0,0,,commercial,5
2016-12-02,Royapuram,1.247,4,12,0,0,,commercial,5
2016-12-03,Royapuram,1.329,5,12,1,0,,commercial,5
2016-12-04,Royapuram,1.31,6,12,1,0,,commercial,5
2016-12-05,Royapuram,1.345,0,12,0,0,,commercial,5
2016-12-06,Royapuram,1.325,1,12,0,0,,commercial,5
2016-12-07,Royapuram,1.35,2,12,0,0,,commercial,5
2016-12-08,Royapuram,1.294,3,12,0,0,,commercial,5
2016-12-09,Royapuram,1.338,4,12,0,0,,commercial,5
2016-12-10,Royapuram,1.334,5,12,1,0,,commercial,5
2016-12-11,Royapuram,1.296,6,12,1,0,,commercial,5
2016-12-12,Royapuram,1.363,0,12,0,0,,commercial,5
2016-12-13,Royapuram,1.296,1,12,0,0,,commercial,5
2016-12-14,Royapuram,1.281,2,12,0,0,,commercial,5
2016-12-15,Royapuram,1.325,3,12,0,0,,commercial,5
2016-12-16,Royapuram,1.317,4,12,0,0,,commercial,5
2016-12-17,Royapuram,1.268,5,12,1,0,,commercial,5
2016-12-18,Royapuram,1.266,6,12,1,0,,commercial,5
2016-12-19,Royapuram,1.391,0,12,0,0,,commercial,5
2016-12-20,Royapuram,1.276,1,12,0,0,,commercial,5
2016-12-21,Royapuram,1.32,2,12,0,0,,commercial,5
2016-12-22,Royapuram,1.338,3,12,0,0,,commercial,5
2016-12-23,Royapuram,1.258,4,12,0,0,,commercial,5
2016-12-24,Royapuram,1.371,5,12,1,1,Christmas,commercial,5
2016-12-25,Royapuram,1.609,6,12,1,1,Christmas,commercial,5
2016-12-26,Royapuram,1.492,0,12,0,1,Christmas,commercial,5
2016-12-27,Royapuram,1.291,1,12,0,0,,commercial,5
2016-12-28,Royapuram,1.271,2,12,0,0,,commercial,5
2016-12-29,Royapuram,1.288,3,12,0,0,,commercial,5
2016-12-30,Royapuram,1.387,4,12,0,1,New Year,commercial,5
2016-12-31,Royapuram,1.641,5,12,1,1,New Year,commercial,5
2017-01-01,Royapuram,1.301,6,1,1,0,,commercial,5
2017-01-02,Royapuram,1.418,0,1,0,0,,commercial,5
2017-01-03,Royapuram,1.292,1,1,0,0,,commercial,5
2017-01-04,Royapuram,1.267,2,1,0,0,,commercial,5
2017-01-05,Royapuram,1.291,3,1,0,0,,commercial,5
2017-01-06,Royapuram,1.205,4,1,0,0,,commercial,5
2017-01-07,Royapuram,1.327,5,1,1,0,,commercial,5
2017-01-08,Royapuram,1.325,6,1,1,0,,commercial,5
2017-01-09,Royapuram,1.407,0,1,0,0,,commercial,5
2017-01-10,Royapuram,1.234,1,1,0,0,,commercial,5
2017-01-11,Royapuram,1.353,2,1,0,0,,commercial,5
2017-01-12,Royapuram,1.474,3,1,0,1,Pongal,commercial,5
2017-01-13,Royapuram,1.628,4,1,0,1,Pongal,commercial,5
2017-01-14,Royapuram,1.729,5,1,1,1,Pongal,commercial,5
2017-01-15,Royapuram,1.647,6,1,1,1,Pongal,commercial,5
2017-01-16,Royapuram,1.444,0,1,0,1,Pongal,commercial,5
2017-01-17,Royapuram,1.336,1,1,0,0,,commercial,5
2017-01-18,Royapuram,1.278,2,1,0,0,,commercial,5
2017-01-19,Royapuram,1.243,3,1,0,0,,commercial,5
2017-01-20,Royapuram,1.264,4,1,0,0,,commercial,5
2017-01-21,Royapuram,1.332,5,1,1,0,,commercial,5
2017-01-22,Royapuram,1.299,6,1,1,0,,commercial,5
2017-01-23,Royapuram,1.389,0,1,0,0,,commercial,5
2017-01-24,Royapuram,1.237,1,1,0,0,,commercial,5
2017-01-25,Royapuram,1.224,2,1,0,0,,commercial,5
2017-01-26,Royapuram,1.498,3,1,0,1,Republic Day,commercial,5
2017-01-27,Royapuram,1.343,4,1,0,0,,commercial,5
2017-01-28,Royapuram,1.29,5,1,1,0,,commercial,5
2017-01-29,Royapuram,1.332,6,1,1,0,,commercial,5
2017-01-30,Royapuram,1.415,0,1,0,0,,commercial,5
2017-01-31,Royapuram,1.324,1,1,0,0,,commercial,5
2017-02-01,Royapuram,1.314,2,2,0,0,,commercial,5
2017-02-02,Royapuram,1.351,3,2,0,0,,commercial,5
2017-02-03,Royapuram,1.279,4,2,0,0,,commercial,5
2017-02-04,Royapuram,1.333,5,2,1,0,,commercial,5
2017-02-05,Royapuram,1.331,6,2,1,0,,commercial,5
2017-02-06,Royapuram,1.362,0,2,0,0,,commercial,5
2017-02-07,Royapuram,1.293,1,2,0,0,,commercial,5
2017-02-08,Royapuram,1.311,2,2,0,0,,commercial,5
2017-02-09,Royapuram,1.309,3,2,0,0,,commercial,5
2017-02-10,Royapuram,1.267,4,2,0,0,,commercial,5
2017-02-11,Royapuram,1.364,5,2,1,0,,commercial,5
2017-02-12,Royapuram,1.293,6,2,1,0,,commercial,5
2017-02-13,Royapuram,1.364,0,2,0,0,,commercial,5
2017-02-14,Royapuram,1.296,1,2,0,0,,commercial,5
2017-02-15,Royapuram,1.322,2,2,0,0,,commercial,5
2017-02-16,Royapuram,1.225,3,2,0,0,,commercial,5
2017-02-17,Royapuram,1.343,4,2,0,0,,commercial,5
2017-02-18,Royapuram,1.305,5,2,1,0,,commercial,5
2017-02-19,Royapuram,1.381,6,2,1,0,,commercial,5
2017-02-20,Royapuram,1.354,0,2,0,0,,commercial,5
2017-02-21,Royapuram,1.306,1,2,0,0,,commercial,5
2017-02-22,Royapuram,1.383,2,2,0,0,,commercial,5
2017-02-23,Royapuram,1.297,3,2,0,0,,commercial,5
2017-02-24,Royapuram,1.356,4,2,0,0,,commercial,5
2017-02-25,Royapuram,1.334,5,2,1,0,,commercial,5
2017-02-26,Royapuram,1.349,6,2,1,0,,commercial,5
2017-02-27,Royapuram,1.376,0,2,0,0,,commercial,5
2017-02-28,Royapuram,1.341,1,2,0,0,,commercial,5
2017-03-01,Royapuram,1.345,2,3,0,0,,commercial,5
2017-03-02,Royapuram,1.333,3,3,0,0,,commercial,5
2017-03-03,Royapuram,1.347,4,3,0,0,,commercial,5
2017-03-04,Royapuram,1.403,5,3,1,0,,commercial,5
2017-03-05,Royapuram,1.389,6,3,1,0,,commercial,5
2017-03-06,Royapuram,1.473,0,3,0,0,,commercial,5
2017-03-07,Royapuram,1.427,1,3,0,0,,commercial,5
2017-03-08,Royapuram,1.333,2,3,0,0,,commercial,5
2017-03-09,Royapuram,1.343,3,3,0,0,,commercial,5
2017-03-10,Royapuram,1.314,4,3,0,0,,commercial,5
2017-03-11,Royapuram,1.484,5,3,1,0,,commercial,5
2017-03-12,Royapuram,1.411,6,3,1,0,,commercial,5
2017-03-13,Royapuram,1.463,0,3,0,0,,commercial,5
2017-03-14,Royapuram,1.318,1,3,0,0,,commercial,5
2017-03-15,Royapuram,1.373,2,3,0,0,,commercial,5
2017-03-16,Royapuram,1.394,3,3,0,0,,commercial,5
2017-03-17,Royapuram,1.363,4,3,0,0,,commercial,5
2017-03-18,Royapuram,1.444,5,3,1,0,,commercial,5
2017-03-19,Royapuram,1.496,6,3,1,0,,commercial,5
2017-03-20,Royapuram,1.401,0,3,0,0,,commercial,5
2017-03-21,Royapuram,1.331,1,3,0,0,,commercial,5
2017-03-22,Royapuram,1.337,2,3,0,0,,commercial,5
2017-03-23,Royapuram,1.439,3,3,0,0,,commercial,5
2017-03-24,Royapuram,1.416,4,3,0,0,,commercial,5
2017-03-25,Royapuram,1.393,5,3,1,0,,commercial,5
2017-03-26,Royapuram,1.4,6,3,1,0,,commercial,5
2017-03-27,Royapuram,1.407,0,3,0,0,,commercial,5
2017-03-28,Royapuram,1.41,1,3,0,0,,commercial,5
2017-03-29,Royapuram,1.358,2,3,0,0,,commercial,5
2017-03-30,Royapuram,1.363,3,3,0,0,,commercial,5
2017-03-31,Royapuram,1.398,4,3,0,0,,commercial,5
2017-04-01,Royapuram,1.46,5,4,1,0,,commercial,5
2017-04-02,Royapuram,1.458,6,4,1,0,,commercial,5
2017-04-03,Royapuram,1.514,0,4,0,0,,commercial,5
2017-04-04,Royapuram,1.476,1,4,0,0,,commercial,5
2017-04-05,Royapuram,1.513,2,4,0,0,,commercial,5
2017-04-06,Royapuram,1.467,3,4,0,0,,commercial,5
2017-04-07,Royapuram,1.476,4,4,0,0,,commercial,5
2017-04-08,Royapuram,1.459,5,4,1,0,,commercial,5
2017-04-09,Royapuram,1.437,6,4,1,0,,commercial,5
2017-04-10,Royapuram,1.543,0,4,0,0,,commercial,5
2017-04-11,Royapuram,1.449,1,4,0,0,,commercial,5
2017-04-12,Royapuram,1.38,2,4,0,0,,commercial,5
2017-04-13,Royapuram,1.606,3,4,0,1,Tamil New Year,commercial,5
2017-04-14,Royapuram,1.797,4,4,0,1,Tamil New Year,commercial,5
2017-04-15,Royapuram,1.627,5,4,1,1,Tamil New Year,commercial,5
2017-04-16,Royapuram,1.534,6,4,1,0,,commercial,5
2017-04-17,Royapuram,1.535,0,4,0,0,,commercial,5
2017-04-18,Royapuram,1.501,1,4,0,0,,commercial,5
2017-04-19,Royapuram,1.453,2,4,0,0,,commercial,5
2017-04-20,Royapuram,1.59,3,4,0,1,Eid,commercial,5
2017-04-21,Royapuram,1.681,4,4,0,1,Eid,commercial,5
2017-04-22,Royapuram,1.616,5,4,1,1,Eid,commercial,5
2017-04-23,Royapuram,1.469,6,4,1,0,,commercial,5
2017-04-24,Royapuram,1.452,0,4,0,0,,commercial,5
2017-04-25,Royapuram,1.418,1,4,0,0,,commercial,5
2017-04-26,Royapuram,1.428,2,4,0,0,,commercial,5
2017-04-27,Royapuram,1.459,3,4,0,0,,commercial,5
2017-04-28,Royapuram,1.462,4,4,0,0,,commercial,5
2017-04-29,Royapuram,1.443,5,4,1,0,,commercial,5
2017-04-30,Royapuram,1.489,6,4,1,0,,commercial,5
2017-05-01,Royapuram,1.505,0,5,0,0,,commercial,5
2017-05-02,Royapuram,1.317,1,5,0,0,,commercial,5
2017-05-03,Royapuram,1.421,2,5,0,0,,commercial,5
2017-05-04,Royapuram,1.488,3,5,0,0,,commercial,5
2017-05-05,Royapuram,1.369,4,5,0,0,,commercial,5
2017-05-06,Royapuram,1.473,5,5,1,0,,commercial,5
2017-05-07,Royapuram,1.538,6,5,1,0,,commercial,5
2017-05-08,Royapuram,1.479,0,5,0,0,,commercial,5
2017-05-09,Royapuram,1.442,1,5,0,0,,commercial,5
2017-05-10,Royapuram,1.385,2,5,0,0,,commercial,5
2017-05-11,Royapuram,1.512,3,5,0,0,,commercial,5
2017-05-12,Royapuram,1.438,4,5,0,0,,commercial,5
2017-05-13,Royapuram,1.47,5,5,1,0,,commercial,5
2017-05-14,Royapuram,1.528,6,5,1,0,,commercial,5
2017-05-15,Royapuram,1.544,0,5,0,0,,commercial,5
2017-05-16,Royapuram,1.404,1,5,0,0,,commercial,5
2017-05-17,Royapuram,1.414,2,5,0,0,,commercial,5
2017-05-18,Royapuram,1.463,3,5,0,0,,commercial,5
2017-05-19,Royapuram,1.415,4,5,0,0,,commercial,5
2017-05-20,Royapuram,1.375,5,5,1,0,,commercial,5
2017-05-21,Royapuram,1.466,6,5,1,0,,commercial,5
2017-05-22,Royapuram,1.446,0,5,0,0,,commercial,5
2017-05-23,Royapuram,1.511,1,5,0,0,,commercial,5
2017-05-24,Royapuram,1.449,2,5,0,0,,commercial,5
2017-05-25,Royapuram,1.402,3,5,0,0,,commercial,5
2017-05-26,Royapuram,1.411,4,5,0,0,,commercial,5
2017-05-27,Royapuram,1.385,5,5,1,0,,commercial,5
2017-05-28,Royapuram,1.42,6,5,1,0,,commercial,5
2017-05-29,Royapuram,1.56,0,5,0,0,,commercial,5
2017-05-30,Royapuram,1.538,1,5,0,0,,commercial,5
2017-05-31,Royapuram,1.473,2,5,0,0,,commercial,5
2017-06-01,Royapuram,1.301,3,6,0,0,,commercial,5
2017-06-02,Royapuram,1.287,4,6,0,0,,commercial,5
2017-06-03,Royapuram,1.29,5,6,1,0,,commercial,5
2017-06-04,Royapuram,1.411,6,6,1,0,,commercial,5
2017-06-05,Royapuram,1.362,0,6,0,0,,commercial,5
2017-06-06,Royapuram,1.387,1,6,0,0,,commercial,5
2017-06-07,Royapuram,1.359,2,6,0,0,,commercial,5
2017-06-08,Royapuram,1.236,3,6,0,0,,commercial,5
2017-06-09,Royapuram,1.278,4,6,0,0,,commercial,5
2017-06-10,Royapuram,1.302,5,6,1,0,,commercial,5
2017-06-11,Royapuram,1.325,6,6,1,0,,commercial,5
2017-06-12,Royapuram,1.367,0,6,0,0,,commercial,5
2017-06-13,Royapuram,1.422,1,6,0,0,,commercial,5
2017-06-14,Royapuram,1.262,2,6,0,0,,commercial,5
2017-06-15,Royapuram,1.313,3,6,0,0,,commercial,5
2017-06-16,Royapuram,1.328,4,6,0,0,,commercial,5
2017-06-17,Royapuram,1.328,5,6,1,0,,commercial,5
2017-06-18,Royapuram,1.333,6,6,1,0,,commercial,5
2017-06-19,Royapuram,1.327,0,6,0,0,,commercial,5
2017-06-20,Royapuram,1.308,1,6,0,0,,commercial,5
2017-06-21,Royapuram,1.324,2,6,0,0,,commercial,5
2017-06-22,Royapuram,1.317,3,6,0,0,,commercial,5
2017-06-23,Royapuram,1.327,4,6,0,0,,commercial,5
2017-06-24,Royapuram,1.385,5,6,1,0,,commercial,5
2017-06-25,Royapuram,1.366,6,6,1,0,,commercial,5
2017-06-26,Royapuram,1.372,0,6,0,0,,commercial,5
2017-06-27,Royapuram,1.258,1,6,0,0,,commercial,5
2017-06-28,Royapuram,1.281,2,6,0,0,,commercial,5
2017-06-29,Royapuram,1.296,3,6,0,0,,commercial,5
2017-06-30,Royapuram,1.314,4,6,0,0,,commercial,5
2017-07-01,Royapuram,1.309,5,7,1,0,,commercial,5
2017-07-02,Royapuram,1.291,6,7,1,0,,commercial,5
2017-07-03,Royapuram,1.321,0,7,0,0,,commercial,5
2017-07-04,Royapuram,1.24,1,7,0,0,,commercial,5
2017-07-05,Royapuram,1.295,2,7,0,0,,commercial,5
2017-07-06,Royapuram,1.247,3,7,0,0,,commercial,5
2017-07-07,Royapuram,1.265,4,7,0,0,,commercial,5
2017-07-08,Royapuram,1.313,5,7,1,0,,commercial,5
2017-07-09,Royapuram,1.275,6,7,1,0,,commercial,5
2017-07-10,Royapuram,1.385,0,7,0,0,,commercial,5
2017-07-11,Royapuram,1.333,1,7,0,0,,commercial,5
2017-07-12,Royapuram,1.283,2,7,0,0,,commercial,5
2017-07-13,Royapuram,1.287,3,7,0,0,,commercial,5
2017-07-14,Royapuram,1.325,4,7,0,0,,commercial,5
2017-07-15,Royapuram,1.3,5,7,1,0,,commercial,5
2017-07-16,Royapuram,1.297,6,7,1,0,,commercial,5
2017-07-17,Royapuram,1.419,0,7,0,0,,commercial,5
2017-07-18,Royapuram,1.339,1,7,0,0,,commercial,5
2017-07-19,Royapuram,1.328,2,7,0,0,,commercial,5
2017-07-20,Royapuram,1.341,3,7,0,0,,commercial,5
2017-07-21,Royapuram,1.227,4,7,0,0,,commercial,5
2017-07-22,Royapuram,1.382,5,7,1,0,,commercial,5
2017-07-23,Royapuram,1.344,6,7,1,0,,commercial,5
2017-07-24,Royapuram,1.411,0,7,0,0,,commercial,5
2017-07-25,Royapuram,1.319,1,7,0,0,,commercial,5
2017-07-26,Royapuram,1.306,2,7,0,0,,commercial,5
2017-07-27,Royapuram,1.294,3,7,0,0,,commercial,5
2017-07-28,Royapuram,1.319,4,7,0,0,,commercial,5
2017-07-29,Royapuram,1.316,5,7,1,0,,commercial,5
2017-07-30,Royapuram,1.363,6,7,1,0,,commercial,5
2017-07-31,Royapuram,1.304,0,7,0,0,,commercial,5
2017-08-01,Royapuram,1.283,1,8,0,0,,commercial,5
2017-08-02,Royapuram,1.384,2,8,0,0,,commercial,5
2017-08-03,Royapuram,1.28,3,8,0,0,,commercial,5
2017-08-04,Royapuram,1.295,4,8,0,0,,commercial,5
2017-08-05,Royapuram,1.293,5,8,1,0,,commercial,5
2017-08-06,Royapuram,1.342,6,8,1,0,,commercial,5
2017-08-07,Royapuram,1.339,0,8,0,0,,commercial,5
2017-08-08,Royapuram,1.297,1,8,0,0,,commercial,5
2017-08-09,Royapuram,1.337,2,8,0,0,,commercial,5
2017-08-10,Royapuram,1.277,3,8,0,0,,commercial,5
2017-08-11,Royapuram,1.335,4,8,0,0,,commercial,5
2017-08-12,Royapuram,1.361,5,8,1,0,,commercial,5
2017-08-13,Royapuram,1.37,6,8,1,0,,commercial,5
2017-08-14,Royapuram,1.375,0,8,0,0,,commercial,5
2017-08-15,Royapuram,1.574,1,8,0,1,Independence,commercial,5
2017-08-16,Royapuram,1.346,2,8,0,0,,commercial,5
2017-08-17,Royapuram,1.317,3,8,0,0,,commercial,5
2017-08-18,Royapuram,1.27,4,8,0,0,,commercial,5
2017-08-19,Royapuram,1.325,5,8,1,0,,commercial,5
2017-08-20,Royapuram,1.385,6,8,1,0,,commercial,5
2017-08-21,Royapuram,1.44,0,8,0,0,,commercial,5
2017-08-22,Royapuram,1.362,1,8,0,0,,commercial,5
2017-08-23,Royapuram,1.335,2,8,0,0,,commercial,5
2017-08-24,Royapuram,1.255,3,8,0,0,,commercial,5
2017-08-25,Royapuram,1.323,4,8,0,0,,commercial,5
2017-08-26,Royapuram,1.279,5,8,1,0,,commercial,5
2017-08-27,Royapuram,1.269,6,8,1,0,,commercial,5
2017-08-28,Royapuram,1.379,0,8,0,0,,commercial,5
2017-08-29,Royapuram,1.325,1,8,0,0,,commercial,5
2017-08-30,Royapuram,1.34,2,8,0,0,,commercial,5
2017-08-31,Royapuram,1.324,3,8,0,0,,commercial,5
2017-09-01,Royapuram,1.325,4,9,0,0,,commercial,5
2017-09-02,Royapuram,1.289,5,9,1,0,,commercial,5
2017-09-03,Royapuram,1.324,6,9,1,0,,commercial,5
2017-09-04,Royapuram,1.308,0,9,0,0,,commercial,5
2017-09-05,Royapuram,1.226,1,9,0,0,,commercial,5
2017-09-06,Royapuram,1.333,2,9,0,0,,commercial,5
2017-09-07,Royapuram,1.275,3,9,0,0,,commercial,5
2017-09-08,Royapuram,1.495,4,9,0,1,Ganesh Chathurthi,commercial,5
2017-09-09,Royapuram,1.693,5,9,1,1,Ganesh Chathurthi,commercial,5
2017-09-10,Royapuram,1.76,6,9,1,1,Ganesh Chathurthi,commercial,5
2017-09-11,Royapuram,1.719,0,9,0,1,Ganesh Chathurthi,commercial,5
2017-09-12,Royapuram,1.428,1,9,0,1,Ganesh Chathurthi,commercial,5
2017-09-13,Royapuram,1.232,2,9,0,0,,commercial,5
2017-09-14,Royapuram,1.309,3,9,0,0,,commercial,5
2017-09-15,Royapuram,1.286,4,9,0,0,,commercial,5
2017-09-16,Royapuram,1.311,5,9,1,0,,commercial,5
2017-09-17,Royapuram,1.407,6,9,1,0,,commercial,5
2017-09-18,Royapuram,1.307,0,9,0,0,,commercial,5
2017-09-19,Royapuram,1.319,1,9,0,0,,commercial,5
2017-09-20,Royapuram,1.265,2,9,0,0,,commercial,5
2017-09-21,Royapuram,1.34,3,9,0,0,,commercial,5
2017-09-22,Royapuram,1.316,4,9,0,0,,commercial,5
2017-09-23,Royapuram,1.344,5,9,1,0,,commercial,5
2017-09-24,Royapuram,1.291,6,9,1,0,,commercial,5
2017-09-25,Royapuram,1.338,0,9,0,0,,commercial,5
2017-09-26,Royapuram,1.341,1,9,0,0,,commercial,5
2017-09-27,Royapuram,1.374,2,9,0,0,,commercial,5
2017-09-28,Royapuram,1.323,3,9,0,0,,commercial,5
2017-09-29,Royapuram,1.269,4,9,0,0,,commercial,5
2017-09-30,Royapuram,1.342,5,9,1,0,,commercial,5
2017-10-01,Royapuram,1.5,6,10,1,0,,commercial,5
2017-10-02,Royapuram,1.446,0,10,0,0,,commercial,5
2017-10-03,Royapuram,1.433,1,10,0,0,,commercial,5
2017-10-04,Royapuram,1.51,2,10,0,1,Dussehra,commercial,5
2017-10-05,Royapuram,1.714,3,10,0,1,Dussehra,commercial,5
2017-10-06,Royapuram,1.573,4,10,0,1,Dussehra,commercial,5
2017-10-07,Royapuram,1.415,5,10,1,0,,commercial,5
2017-10-08,Royapuram,1.366,6,10,1,0,,commercial,5
2017-10-09,Royapuram,1.407,0,10,0,0,,commercial,5
2017-10-10,Royapuram,1.414,1,10,0,0,,commercial,5
2017-10-11,Royapuram,1.422,2,10,0,0,,commercial,5
2017-10-12,Royapuram,1.435,3,10,0,0,,commercial,5
2017-10-13,Royapuram,1.447,4,10,0,0,,commercial,5
2017-10-14,Royapuram,1.404,5,10,1,0,,commercial,5
2017-10-15,Royapuram,1.385,6,10,1,0,,commercial,5
2017-10-16,Royapuram,1.5,0,10,0,0,,commercial,5
2017-10-17,Royapuram,1.402,1,10,0,0,,commercial,5
2017-10-18,Royapuram,1.332,2,10,0,0,,commercial,5
2017-10-19,Royapuram,1.33,3,10,0,0,,commercial,5
2017-10-20,Royapuram,1.393,4,10,0,0,,commercial,5
2017-10-21,Royapuram,1.391,5,10,1,0,,commercial,5
2017-10-22,Royapuram,1.584,6,10,1,1,Deepavali,commercial,5
2017-10-23,Royapuram,1.885,0,10,0,1,Deepavali,commercial,5
2017-10-24,Royapuram,1.966,1,10,0,1,Deepavali,commercial,5
2017-10-25,Royapuram,1.808,2,10,0,1,Deepavali,commercial,5
2017-10-26,Royapuram,1.466,3,10,0,1,Deepavali,commercial,5
2017-10-27,Royapuram,1.383,4,10,0,0,,commercial,5
2017-10-28,Royapuram,1.427,5,10,1,0,,commercial,5
2017-10-29,Royapuram,1.334,6,10,1,0,,commercial,5
2017-10-30,Royapuram,1.413,0,10,0,0,,commercial,5
2017-10-31,Royapuram,1.338,1,10,0,0,,commercial,5
2017-11-01,Royapuram,1.374,2,11,0,0,,commercial,5
2017-11-02,Royapuram,1.44,3,11,0,0,,commercial,5
2017-11-03,Royapuram,1.456,4,11,0,0,,commercial,5
2017-11-04,Royapuram,1.364,5,11,1,0,,commercial,5
2017-11-05,Royapuram,1.42,6,11,1,0,,commercial,5
2017-11-06,Royapuram,1.466,0,11,0,0,,commercial,5
2017-11-07,Royapuram,1.389,1,11,0,0,,commercial,5
2017-11-08,Royapuram,1.389,2,11,0,0,,commercial,5
2017-11-09,Royapuram,1.385,3,11,0,0,,commercial,5
2017-11-10,Royapuram,1.442,4,11,0,0,,commercial,5
2017-11-11,Royapuram,1.445,5,11,1,0,,commercial,5
2017-11-12,Royapuram,1.354,6,11,1,0,,commercial,5
2017-11-13,Royapuram,1.476,0,11,0,0,,commercial,5
2017-11-14,Royapuram,1.41,1,11,0,0,,commercial,5
2017-11-15,Royapuram,1.386,2,11,0,0,,commercial,5
2017-11-16,Royapuram,1.42,3,11,0,0,,commercial,5
2017-11-17,Royapuram,1.381,4,11,0,0,,commercial,5
2017-11-18,Royapuram,1.407,5,11,1,0,,commercial,5
2017-11-19,Royapuram,1.403,6,11,1,0,,commercial,5
2017-11-20,Royapuram,1.354,0,11,0,0,,commercial,5
2017-11-21,Royapuram,1.37,1,11,0,0,,commercial,5
2017-11-22,Royapuram,1.345,2,11,0,0,,commercial,5
2017-11-23,Royapuram,1.324,3,11,0,0,,commercial,5
2017-11-24,Royapuram,1.432,4,11,0,0,,commercial,5
2017-11-25,Royapuram,1.42,5,11,1,0,,commercial,5
2017-11-26,Royapuram,1.397,6,11,1,0,,commercial,5
2017-11-27,Royapuram,1.417,0,11,0,0,,commercial,5
2017-11-28,Royapuram,1.385,1,11,0,0,,commercial,5
2017-11-29,Royapuram,1.414,2,11,0,0,,commercial,5
2017-11-30,Royapuram,1.339,3,11,0,0,,commercial,5
2017-12-01,Royapuram,1.373,4,12,0,0,,commercial,5
2017-12-02,Royapuram,1.435,5,12,1,0,,commercial,5
2017-12-03,Royapuram,1.317,6,12,1,0,,commercial,5
2017-12-04,Royapuram,1.439,0,12,0,0,,commercial,5
2017-12-05,Royapuram,1.355,1,12,0,0,,commercial,5
2017-12-06,Royapuram,1.367,2,12,0,0,,commercial,5
2017-12-07,Royapuram,1.352,3,12,0,0,,commercial,5
2017-12-08,Royapuram,1.379,4,12,0,0,,commercial,5
2017-12-09,Royapuram,1.479,5,12,1,0,,commercial,5
2017-12-10,Royapuram,1.385,6,12,1,0,,commercial,5
2017-12-11,Royapuram,1.454,0,12,0,0,,commercial,5
2017-12-12,Royapuram,1.455,1,12,0,0,,commercial,5
2017-12-13,Royapuram,1.35,2,12,0,0,,commercial,5
2017-12-14,Royapuram,1.448,3,12,0,0,,commercial,5
2017-12-15,Royapuram,1.373,4,12,0,0,,commercial,5
2017-12-16,Royapuram,1.473,5,12,1,0,,commercial,5
2017-12-17,Royapuram,1.43,6,12,1,0,,commercial,5
2017-12-18,Royapuram,1.455,0,12,0,0,,commercial,5
2017-12-19,Royapuram,1.37,1,12,0,0,,commercial,5
2017-12-20,Royapuram,1.347,2,12,0,0,,commercial,5
2017-12-21,Royapuram,1.376,3,12,0,0,,commercial,5
2017-12-22,Royapuram,1.41,4,12,0,0,,commercial,5
2017-12-23,Royapuram,1.398,5,12,1,0,,commercial,5
2017-12-24,Royapuram,1.489,6,12,1,1,Christmas,commercial,5
2017-12-25,Royapuram,1.645,0,12,0,1,Christmas,commercial,5
2017-12-26,Royapuram,1.52,1,12,0,1,Christmas,commercial,5
2017-12-27,Royapuram,1.423,2,12,0,0,,commercial,5
2017-12-28,Royapuram,1.345,3,12,0,0,,commercial,5
2017-12-29,Royapuram,1.345,4,12,0,0,,commercial,5
2017-12-30,Royapuram,1.556,5,12,1,1,New Year,commercial,5
2017-12-31,Royapuram,1.755,6,12,1,1,New Year,commercial,5
2018-01-01,Royapuram,1.491,0,1,0,0,,commercial,5
2018-01-02,Royapuram,1.321,1,1,0,0,,commercial,5
2018-01-03,Royapuram,1.362,2,1,0,0,,commercial,5
2018-01-04,Royapuram,1.335,3,1,0,0,,commercial,5
2018-01-05,Royapuram,1.362,4,1,0,0,,commercial,5
2018-01-06,Royapuram,1.466,5,1,1,0,,commercial,5
2018-01-07,Royapuram,1.339,6,1,1,0,,commercial,5
2018-01-08,Royapuram,1.372,0,1,0,0,,commercial,5
2018-01-09,Royapuram,1.339,1,1,0,0,,commercial,5
2018-01-10,Royapuram,1.385,2,1,0,0,,commercial,5
2018-01-11,Royapuram,1.398,3,1,0,0,,commercial,5
2018-01-12,Royapuram,1.53,4,1,0,1,Pongal,commercial,5
2018-01-13,Royapuram,1.737,5,1,1,1,Pongal,commercial,5
2018-01-14,Royapuram,1.722,6,1,1,1,Pongal,commercial,5
2018-01-15,Royapuram,1.792,0,1,0,1,Pongal,commercial,5
2018-01-16,Royapuram,1.496,1,1,0,1,Pongal,commercial,5
2018-01-17,Royapuram,1.403,2,1,0,0,,commercial,5
2018-01-18,Royapuram,1.318,3,1,0,0,,commercial,5
2018-01-19,Royapuram,1.373,4,1,0,0,,commercial,5
2018-01-20,Royapuram,1.408,5,1,1,0,,commercial,5
2018-01-21,Royapuram,1.447,6,1,1,0,,commercial,5
2018-01-22,Royapuram,1.373,0,1,0,0,,commercial,5
2018-01-23,Royapuram,1.374,1,1,0,0,,commercial,5
2018-01-24,Royapuram,1.328,2,1,0,0,,commercial,5
2018-01-25,Royapuram,1.394,3,1,0,0,,commercial,5
2018-01-26,Royapuram,1.545,4,1,0,1,Republic Day,commercial,5
2018-01-27,Royapuram,1.452,5,1,1,0,,commercial,5
2018-01-28,Royapuram,1.376,6,1,1,0,,commercial,5
2018-01-29,Royapuram,1.482,0,1,0,0,,commercial,5
2018-01-30,Royapuram,1.429,1,1,0,0,,commercial,5
2018-01-31,Royapuram,1.305,2,1,0,0,,commercial,5
2018-02-01,Royapuram,1.398,3,2,0,0,,commercial,5
2018-02-02,Royapuram,1.412,4,2,0,0,,commercial,5
2018-02-03,Royapuram,1.388,5,2,1,0,,commercial,5
2018-02-04,Royapuram,1.348,6,2,1,0,,commercial,5
2018-02-05,Royapuram,1.482,0,2,0,0,,commercial,5
2018-02-06,Royapuram,1.324,1,2,0,0,,commercial,5
2018-02-07,Royapuram,1.366,2,2,0,0,,commercial,5
2018-02-08,Royapuram,1.371,3,2,0,0,,commercial,5
2018-02-09,Royapuram,1.402,4,2,0,0,,commercial,5
2018-02-10,Royapuram,1.372,5,2,1,0,,commercial,5
2018-02-11,Royapuram,1.37,6,2,1,0,,commercial,5
2018-02-12,Royapuram,1.446,0,2,0,0,,commercial,5
2018-02-13,Royapuram,1.414,1,2,0,0,,commercial,5
2018-02-14,Royapuram,1.467,2,2,0,0,,commercial,5
2018-02-15,Royapuram,1.311,3,2,0,0,,commercial,5
2018-02-16,Royapuram,1.386,4,2,0,0,,commercial,5
2018-02-17,Royapuram,1.353,5,2,1,0,,commercial,5
2018-02-18,Royapuram,1.441,6,2,1,0,,commercial,5
2018-02-19,Royapuram,1.401,0,2,0,0,,commercial,5
2018-02-20,Royapuram,1.345,1,2,0,0,,commercial,5
2018-02-21,Royapuram,1.349,2,2,0,0,,commercial,5
2018-02-22,Royapuram,1.37,3,2,0,0,,commercial,5
2018-02-23,Royapuram,1.386,4,2,0,0,,commercial,5
2018-02-24,Royapuram,1.419,5,2,1,0,,commercial,5
2018-02-25,Royapuram,1.398,6,2,1,0,,commercial,5
2018-02-26,Royapuram,1.384,0,2,0,0,,commercial,5
2018-02-27,Royapuram,1.403,1,2,0,0,,commercial,5
2018-02-28,Royapuram,1.371,2,2,0,0,,commercial,5
2018-03-01,Royapuram,1.492,3,3,0,0,,commercial,5
2018-03-02,Royapuram,1.411,4,3,0,0,,commercial,5
2018-03-03,Royapuram,1.398,5,3,1,0,,commercial,5
2018-03-04,Royapuram,1.467,6,3,1,0,,commercial,5
2018-03-05,Royapuram,1.573,0,3,0,0,,commercial,5
2018-03-06,Royapuram,1.449,1,3,0,0,,commercial,5
2018-03-07,Royapuram,1.433,2,3,0,0,,commercial,5
2018-03-08,Royapuram,1.404,3,3,0,0,,commercial,5
2018-03-09,Royapuram,1.518,4,3,0,0,,commercial,5
2018-03-10,Royapuram,1.423,5,3,1,0,,commercial,5
2018-03-11,Royapuram,1.436,6,3,1,0,,commercial,5
2018-03-12,Royapuram,1.54,0,3,0,0,,commercial,5
2018-03-13,Royapuram,1.361,1,3,0,0,,commercial,5
2018-03-14,Royapuram,1.497,2,3,0,0,,commercial,5
2018-03-15,Royapuram,1.469,3,3,0,0,,commercial,5
2018-03-16,Royapuram,1.48,4,3,0,0,,commercial,5
2018-03-17,Royapuram,1.493,5,3,1,0,,commercial,5
2018-03-18,Royapuram,1.461,6,3,1,0,,commercial,5
2018-03-19,Royapuram,1.465,0,3,0,0,,commercial,5
2018-03-20,Royapuram,1.436,1,3,0,0,,commercial,5
2018-03-21,Royapuram,1.399,2,3,0,0,,commercial,5
2018-03-22,Royapuram,1.463,3,3,0,0,,commercial,5
2018-03-23,Royapuram,1.476,4,3,0,0,,commercial,5
2018-03-24,Royapuram,1.533,5,3,1,0,,commercial,5
2018-03-25,Royapuram,1.485,6,3,1,0,,commercial,5
2018-03-26,Royapuram,1.556,0,3,0,0,,commercial,5
2018-03-27,Royapuram,1.429,1,3,0,0,,commercial,5
2018-03-28,Royapuram,1.421,2,3,0,0,,commercial,5
2018-03-29,Royapuram,1.462,3,3,0,0,,commercial,5
2018-03-30,Royapuram,1.425,4,3,0,0,,commercial,5
2018-03-31,Royapuram,1.48,5,3,1,0,,commercial,5
2015-04-01,Sholinganalur,0.561,2,4,0,0,,industrial,15
2015-04-02,Sholinganalur,0.545,3,4,0,0,,industrial,15
2015-04-03,Sholinganalur,0.55,4,4,0,0,,industrial,15
2015-04-04,Sholinganalur,0.485,5,4,1,0,,industrial,15
2015-04-05,Sholinganalur,0.535,6,4,1,0,,industrial,15
2015-04-06,Sholinganalur,0.554,0,4,0,0,,industrial,15
2015-04-07,Sholinganalur,0.508,1,4,0,0,,industrial,15
2015-04-08,Sholinganalur,0.535,2,4,0,0,,industrial,15
2015-04-09,Sholinganalur,0.501,3,4,0,0,,industrial,15
2015-04-10,Sholinganalur,0.523,4,4,0,0,,industrial,15
2015-04-11,Sholinganalur,0.544,5,4,1,0,,industrial,15
2015-04-12,Sholinganalur,0.5,6,4,1,0,,industrial,15
2015-04-13,Sholinganalur,0.611,0,4,0,1,Tamil New Year,industrial,15
2015-04-14,Sholinganalur,0.677,1,4,0,1,Tamil New Year,industrial,15
2015-04-15,Sholinganalur,0.592,2,4,0,1,Tamil New Year,industrial,15
2015-04-16,Sholinganalur,0.555,3,4,0,0,,industrial,15
2015-04-17,Sholinganalur,0.526,4,4,0,0,,industrial,15
2015-04-18,Sholinganalur,0.51,5,4,1,0,,industrial,15
2015-04-19,Sholinganalur,0.488,6,4,1,0,,industrial,15
2015-04-20,Sholinganalur,0.673,0,4,0,1,Eid,industrial,15
2015-04-21,Sholinganalur,0.659,1,4,0,1,Eid,industrial,15
2015-04-22,Sholinganalur,0.592,2,4,0,1,Eid,industrial,15
2015-04-23,Sholinganalur,0.536,3,4,0,0,,industrial,15
2015-04-24,Sholinganalur,0.532,4,4,0,0,,industrial,15
2015-04-25,Sholinganalur,0.494,5,4,1,0,,industrial,15
2015-04-26,Sholinganalur,0.494,6,4,1,0,,industrial,15
2015-04-27,Sholinganalur,0.596,0,4,0,0,,industrial,15
2015-04-28,Sholinganalur,0.532,1,4,0,0,,industrial,15
2015-04-29,Sholinganalur,0.506,2,4,0,0,,industrial,15
2015-04-30,Sholinganalur,0.522,3,4,0,0,,industrial,15
2015-05-01,Sholinganalur,0.556,4,5,0,0,,industrial,15
2015-05-02,Sholinganalur,0.502,5,5,1,0,,industrial,15
2015-05-03,Sholinganalur,0.504,6,5,1,0,,industrial,15
2015-05-04,Sholinganalur,0.588,0,5,0,0,,industrial,15
2015-05-05,Sholinganalur,0.528,1,5,0,0,,industrial,15
2015-05-06,Sholinganalur,0.551,2,5,0,0,,industrial,15
2015-05-07,Sholinganalur,0.53,3,5,0,0,,industrial,15
2015-05-08,Sholinganalur,0.55,4,5,0,0,,industrial,15
2015-05-09,Sholinganalur,0.5,5,5,1,0,,industrial,15
2015-05-10,Sholinganalur,0.502,6,5,1,0,,industrial,15
2015-05-11,Sholinganalur,0.582,0,5,0,0,,industrial,15
2015-05-12,Sholinganalur,0.553,1,5,0,0,,industrial,15
2015-05-13,Sholinganalur,0.538,2,5,0,0,,industrial,15
2015-05-14,Sholinganalur,0.533,3,5,0,0,,industrial,15
2015-05-15,Sholinganalur,0.567,4,5,0,0,,industrial,15
2015-05-16,Sholinganalur,0.515,5,5,1,0,,industrial,15
2015-05-17,Sholinganalur,0.5,6,5,1,0,,industrial,15
2015-05-18,Sholinganalur,0.557,0,5,0,0,,industrial,15
2015-05-19,Sholinganalur,0.557,1,5,0,0,,industrial,15
2015-05-20,Sholinganalur,0.543,2,5,0,0,,industrial,15
2015-05-21,Sholinganalur,0.538,3,5,0,0,,industrial,15
2015-05-22,Sholinganalur,0.543,4,5,0,0,,industrial,15
2015-05-23,Sholinganalur,0.511,5,5,1,0,,industrial,15
2015-05-24,Sholinganalur,0.505,6,5,1,0,,industrial,15
2015-05-25,Sholinganalur,0.588,0,5,0,0,,industrial,15
2015-05-26,Sholinganalur,0.561,1,5,0,0,,industrial,15
2015-05-27,Sholinganalur,0.549,2,5,0,0,,industrial,15
2015-05-28,Sholinganalur,0.563,3,5,0,0,,industrial,15
2015-05-29,Sholinganalur,0.541,4,5,0,0,,industrial,15
2015-05-30,Sholinganalur,0.516,5,5,1,0,,industrial,15
2015-05-31,Sholinganalur,0.521,6,5,1,0,,industrial,15
2015-06-01,Sholinganalur,0.529,0,6,0,0,,industrial,15
2015-06-02,Sholinganalur,0.503,1,6,0,0,,industrial,15
2015-06-03,Sholinganalur,0.499,2,6,0,0,,industrial,15
2015-06-04,Sholinganalur,0.518,3,6,0,0,,industrial,15
2015-06-05,Sholinganalur,0.481,4,6,0,0,,industrial,15
2015-06-06,Sholinganalur,0.455,5,6,1,0,,industrial,15
2015-06-07,Sholinganalur,0.455,6,6,1,0,,industrial,15
2015-06-08,Sholinganalur,0.508,0,6,0,0,,industrial,15
2015-06-09,Sholinganalur,0.46,1,6,0,0,,industrial,15
2015-06-10,Sholinganalur,0.509,2,6,0,0,,industrial,15
2015-06-11,Sholinganalur,0.474,3,6,0,0,,industrial,15
2015-06-12,Sholinganalur,0.492,4,6,0,0,,industrial,15
2015-06-13,Sholinganalur,0.438,5,6,1,0,,industrial,15
2015-06-14,Sholinganalur,0.466,6,6,1,0,,industrial,15
2015-06-15,Sholinganalur,0.502,0,6,0,0,,industrial,15
2015-06-16,Sholinganalur,0.473,1,6,0,0,,industrial,15
2015-06-17,Sholinganalur,0.492,2,6,0,0,,industrial,15
2015-06-18,Sholinganalur,0.479,3,6,0,0,,industrial,15
2015-06-19,Sholinganalur,0.481,4,6,0,0,,industrial,15
2015-06-20,Sholinganalur,0.46,5,6,1,0,,industrial,15
2015-06-21,Sholinganalur,0.468,6,6,1,0,,industrial,15
2015-06-22,Sholinganalur,0.501,0,6,0,0,,industrial,15
2015-06-23,Sholinganalur,0.475,1,6,0,0,,industrial,15
2015-06-24,Sholinganalur,0.49,2,6,0,0,,industrial,15
2015-06-25,Sholinganalur,0.497,3,6,0,0,,industrial,15
2015-06-26,Sholinganalur,0.511,4,6,0,0,,industrial,15
2015-06-27,Sholinganalur,0.443,5,6,1,0,,industrial,15
2015-06-28,Sholinganalur,0.453,6,6,1,0,,industrial,15
2015-06-29,Sholinganalur,0.532,0,6,0,0,,industrial,15
2015-06-30,Sholinganalur,0.518,1,6,0,0,,industrial,15
2015-07-01,Sholinganalur,0.475,2,7,0,0,,industrial,15
2015-07-02,Sholinganalur,0.478,3,7,0,0,,industrial,15
2015-07-03,Sholinganalur,0.495,4,7,0,0,,industrial,15
2015-07-04,Sholinganalur,0.45,5,7,1,0,,industrial,15
2015-07-05,Sholinganalur,0.447,6,7,1,0,,industrial,15
2015-07-06,Sholinganalur,0.518,0,7,0,0,,industrial,15
2015-07-07,Sholinganalur,0.512,1,7,0,0,,industrial,15
2015-07-08,Sholinganalur,0.47,2,7,0,0,,industrial,15
2015-07-09,Sholinganalur,0.511,3,7,0,0,,industrial,15
2015-07-10,Sholinganalur,0.481,4,7,0,0,,industrial,15
2015-07-11,Sholinganalur,0.462,5,7,1,0,,industrial,15
2015-07-12,Sholinganalur,0.479,6,7,1,0,,industrial,15
2015-07-13,Sholinganalur,0.519,0,7,0,0,,industrial,15
2015-07-14,Sholinganalur,0.485,1,7,0,0,,industrial,15
2015-07-15,Sholinganalur,0.5,2,7,0,0,,industrial,15
2015-07-16,Sholinganalur,0.487,3,7,0,0,,industrial,15
2015-07-17,Sholinganalur,0.497,4,7,0,0,,industrial,15
2015-07-18,Sholinganalur,0.455,5,7,1,0,,industrial,15
2015-07-19,Sholinganalur,0.469,6,7,1,0,,industrial,15
2015-07-20,Sholinganalur,0.492,0,7,0,0,,industrial,15
2015-07-21,Sholinganalur,0.474,1,7,0,0,,industrial,15
2015-07-22,Sholinganalur,0.469,2,7,0,0,,industrial,15
2015-07-23,Sholinganalur,0.488,3,7,0,0,,industrial,15
2015-07-24,Sholinganalur,0.467,4,7,0,0,,industrial,15
2015-07-25,Sholinganalur,0.448,5,7,1,0,,industrial,15
2015-07-26,Sholinganalur,0.442,6,7,1,0,,industrial,15
2015-07-27,Sholinganalur,0.537,0,7,0,0,,industrial,15
2015-07-28,Sholinganalur,0.475,1,7,0,0,,industrial,15
2015-07-29,Sholinganalur,0.47,2,7,0,0,,industrial,15
2015-07-30,Sholinganalur,0.493,3,7,0,0,,industrial,15
2015-07-31,Sholinganalur,0.514,4,7,0,0,,industrial,15
2015-08-01,Sholinganalur,0.456,5,8,1,0,,industrial,15
2015-08-02,Sholinganalur,0.457,6,8,1,0,,industrial,15
2015-08-03,Sholinganalur,0.534,0,8,0,0,,industrial,15
2015-08-04,Sholinganalur,0.502,1,8,0,0,,industrial,15
2015-08-05,Sholinganalur,0.496,2,8,0,0,,industrial,15
2015-08-06,Sholinganalur,0.481,3,8,0,0,,industrial,15
2015-08-07,Sholinganalur,0.496,4,8,0,0,,industrial,15
2015-08-08,Sholinganalur,0.439,5,8,1,0,,industrial,15
2015-08-09,Sholinganalur,0.449,6,8,1,0,,industrial,15
2015-08-10,Sholinganalur,0.536,0,8,0,0,,industrial,15
2015-08-11,Sholinganalur,0.508,1,8,0,0,,industrial,15
2015-08-12,Sholinganalur,0.496,2,8,0,0,,industrial,15
2015-08-13,Sholinganalur,0.461,3,8,0,0,,industrial,15
2015-08-14,Sholinganalur,0.472,4,8,0,0,,industrial,15
2015-08-15,Sholinganalur,0.493,5,8,1,1,Independence,industrial,15
2015-08-16,Sholinganalur,0.455,6,8,1,0,,industrial,15
2015-08-17,Sholinganalur,0.495,0,8,0,0,,industrial,15
2015-08-18,Sholinganalur,0.486,1,8,0,0,,industrial,15
2015-08-19,Sholinganalur,0.515,2,8,0,0,,industrial,15
2015-08-20,Sholinganalur,0.495,3,8,0,0,,industrial,15
2015-08-21,Sholinganalur,0.493,4,8,0,0,,industrial,15
2015-08-22,Sholinganalur,0.444,5,8,1,0,,industrial,15
2015-08-23,Sholinganalur,0.435,6,8,1,0,,industrial,15
2015-08-24,Sholinganalur,0.495,0,8,0,0,,industrial,15
2015-08-25,Sholinganalur,0.465,1,8,0,0,,industrial,15
2015-08-26,Sholinganalur,0.49,2,8,0,0,,industrial,15
2015-08-27,Sholinganalur,0.495,3,8,0,0,,industrial,15
2015-08-28,Sholinganalur,0.475,4,8,0,0,,industrial,15
2015-08-29,Sholinganalur,0.46,5,8,1,0,,industrial,15
2015-08-30,Sholinganalur,0.478,6,8,1,0,,industrial,15
2015-08-31,Sholinganalur,0.544,0,8,0,0,,industrial,15
2015-09-01,Sholinganalur,0.501,1,9,0,0,,industrial,15
2015-09-02,Sholinganalur,0.487,2,9,0,0,,industrial,15
2015-09-03,Sholinganalur,0.5,3,9,0,0,,industrial,15
2015-09-04,Sholinganalur,0.509,4,9,0,0,,industrial,15
2015-09-05,Sholinganalur,0.43,5,9,1,0,,industrial,15
2015-09-06,Sholinganalur,0.478,6,9,1,0,,industrial,15
2015-09-07,Sholinganalur,0.505,0,9,0,0,,industrial,15
2015-09-08,Sholinganalur,0.538,1,9,0,1,Ganesh Chathurthi,industrial,15
2015-09-09,Sholinganalur,0.597,2,9,0,1,Ganesh Chathurthi,industrial,15
2015-09-10,Sholinganalur,0.667,3,9,0,1,Ganesh Chathurthi,industrial,15
2015-09-11,Sholinganalur,0.583,4,9,0,1,Ganesh Chathurthi,industrial,15
2015-09-12,Sholinganalur,0.507,5,9,1,1,Ganesh Chathurthi,industrial,15
2015-09-13,Sholinganalur,0.465,6,9,1,0,,industrial,15
2015-09-14,Sholinganalur,0.517,0,9,0,0,,industrial,15
2015-09-15,Sholinganalur,0.495,1,9,0,0,,industrial,15
2015-09-16,Sholinganalur,0.485,2,9,0,0,,industrial,15
2015-09-17,Sholinganalur,0.499,3,9,0,0,,industrial,15
2015-09-18,Sholinganalur,0.505,4,9,0,0,,industrial,15
2015-09-19,Sholinganalur,0.471,5,9,1,0,,industrial,15
2015-09-20,Sholinganalur,0.463,6,9,1,0,,industrial,15
2015-09-21,Sholinganalur,0.528,0,9,0,0,,industrial,15
2015-09-22,Sholinganalur,0.502,1,9,0,0,,industrial,15
2015-09-23,Sholinganalur,0.529,2,9,0,0,,industrial,15
2015-09-24,Sholinganalur,0.507,3,9,0,0,,industrial,15
2015-09-25,Sholinganalur,0.488,4,9,0,0,,industrial,15
2015-09-26,Sholinganalur,0.445,5,9,1,0,,industrial,15
2015-09-27,Sholinganalur,0.454,6,9,1,0,,industrial,15
2015-09-28,Sholinganalur,0.509,0,9,0,0,,industrial,15
2015-09-29,Sholinganalur,0.497,1,9,0,0,,industrial,15
2015-09-30,Sholinganalur,0.479,2,9,0,0,,industrial,15
2015-10-01,Sholinganalur,0.533,3,10,0,0,,industrial,15
2015-10-02,Sholinganalur,0.494,4,10,0,0,,industrial,15
2015-10-03,Sholinganalur,0.458,5,10,1,0,,industrial,15
2015-10-04,Sholinganalur,0.54,6,10,1,1,Dussehra,industrial,15
2015-10-05,Sholinganalur,0.659,0,10,0,1,Dussehra,industrial,15
2015-10-06,Sholinganalur,0.558,1,10,0,1,Dussehra,industrial,15
2015-10-07,Sholinganalur,0.505,2,10,0,0,,industrial,15
2015-10-08,Sholinganalur,0.503,3,10,0,0,,industrial,15
2015-10-09,Sholinganalur,0.515,4,10,0,0,,industrial,15
2015-10-10,Sholinganalur,0.473,5,10,1,0,,industrial,15
2015-10-11,Sholinganalur,0.474,6,10,1,0,,industrial,15
2015-10-12,Sholinganalur,0.541,0,10,0,0,,industrial,15
2015-10-13,Sholinganalur,0.531,1,10,0,0,,industrial,15
2015-10-14,Sholinganalur,0.538,2,10,0,0,,industrial,15
2015-10-15,Sholinganalur,0.517,3,10,0,0,,industrial,15
2015-10-16,Sholinganalur,0.519,4,10,0,0,,industrial,15
2015-10-17,Sholinganalur,0.479,5,10,1,0,,industrial,15
2015-10-18,Sholinganalur,0.489,6,10,1,0,,industrial,15
2015-10-19,Sholinganalur,0.547,0,10,0,0,,industrial,15
2015-10-20,Sholinganalur,0.536,1,10,0,0,,industrial,15
2015-10-21,Sholinganalur,0.486,2,10,0,0,,industrial,15
2015-10-22,Sholinganalur,0.58,3,10,0,1,Deepavali,industrial,15
2015-10-23,Sholinganalur,0.659,4,10,0,1,Deepavali,industrial,15
2015-10-24,Sholinganalur,0.674,5,10,1,1,Deepavali,industrial,15
2015-10-25,Sholinganalur,0.593,6,10,1,1,Deepavali,industrial,15
2015-10-26,Sholinganalur,0.589,0,10,0,1,Deepavali,industrial,15
2015-10-27,Sholinganalur,0.528,1,10,0,0,,industrial,15
2015-10-28,Sholinganalur,0.503,2,10,0,0,,industrial,15
2015-10-29,Sholinganalur,0.488,3,10,0,0,,industrial,15
2015-10-30,Sholinganalur,0.528,4,10,0,0,,industrial,15
2015-10-31,Sholinganalur,0.488,5,10,1,0,,industrial,15
2015-11-01,Sholinganalur,0.48,6,11,1,0,,industrial,15
2015-11-02,Sholinganalur,0.526,0,11,0,0,,industrial,15
2015-11-03,Sholinganalur,0.513,1,11,0,0,,industrial,15
2015-11-04,Sholinganalur,0.534,2,11,0,0,,industrial,15
2015-11-05,Sholinganalur,0.49,3,11,0,0,,industrial,15
2015-11-06,Sholinganalur,0.491,4,11,0,0,,industrial,15
2015-11-07,Sholinganalur,0.473,5,11,1,0,,industrial,15
2015-11-08,Sholinganalur,0.481,6,11,1,0,,industrial,15
2015-11-09,Sholinganalur,0.533,0,11,0,0,,industrial,15
2015-11-10,Sholinganalur,0.525,1,11,0,0,,industrial,15
2015-11-11,Sholinganalur,0.532,2,11,0,0,,industrial,15
2015-11-12,Sholinganalur,0.519,3,11,0,0,,industrial,15
2015-11-13,Sholinganalur,0.524,4,11,0,0,,industrial,15
2015-11-14,Sholinganalur,0.486,5,11,1,0,,industrial,15
2015-11-15,Sholinganalur,0.482,6,11,1,0,,industrial,15
2015-11-16,Sholinganalur,0.52,0,11,0,0,,industrial,15
2015-11-17,Sholinganalur,0.499,1,11,0,0,,industrial,15
2015-11-18,Sholinganalur,0.494,2,11,0,0,,industrial,15
2015-11-19,Sholinganalur,0.513,3,11,0,0,,industrial,15
2015-11-20,Sholinganalur,0.519,4,11,0,0,,industrial,15
2015-11-21,Sholinganalur,0.461,5,11,1,0,,industrial,15
2015-11-22,Sholinganalur,0.483,6,11,1,0,,industrial,15
2015-11-23,Sholinganalur,0.527,0,11,0,0,,industrial,15
2015-11-24,Sholinganalur,0.499,1,11,0,0,,industrial,15
2015-11-25,Sholinganalur,0.505,2,11,0,0,,industrial,15
2015-11-26,Sholinganalur,0.498,3,11,0,0,,industrial,15
2015-11-27,Sholinganalur,0.524,4,11,0,0,,industrial,15
2015-11-28,Sholinganalur,0.479,5,11,1,0,,industrial,15
2015-11-29,Sholinganalur,0.493,6,11,1,0,,industrial,15
2015-11-30,Sholinganalur,0.534,0,11,0,0,,industrial,15
2015-12-01,Sholinganalur,0.509,1,12,0,0,,industrial,15
2015-12-02,Sholinganalur,0.544,2,12,0,0,,industrial,15
2015-12-03,Sholinganalur,0.49,3,12,0,0,,industrial,15
2015-12-04,Sholinganalur,0.535,4,12,0,0,,industrial,15
2015-12-05,Sholinganalur,0.505,5,12,1,0,,industrial,15
2015-12-06,Sholinganalur,0.493,6,12,1,0,,industrial,15
2015-12-07,Sholinganalur,0.535,0,12,0,0,,industrial,15
2015-12-08,Sholinganalur,0.537,1,12,0,0,,industrial,15
2015-12-09,Sholinganalur,0.51,2,12,0,0,,industrial,15
2015-12-10,Sholinganalur,0.504,3,12,0,0,,industrial,15
2015-12-11,Sholinganalur,0.509,4,12,0,0,,industrial,15
2015-12-12,Sholinganalur,0.473,5,12,1,0,,industrial,15
2015-12-13,Sholinganalur,0.468,6,12,1,0,,industrial,15
2015-12-14,Sholinganalur,0.559,0,12,0,0,,industrial,15
2015-12-15,Sholinganalur,0.503,1,12,0,0,,industrial,15
2015-12-16,Sholinganalur,0.515,2,12,0,0,,industrial,15
2015-12-17,Sholinganalur,0.493,3,12,0,0,,industrial,15
2015-12-18,Sholinganalur,0.516,4,12,0,0,,industrial,15
2015-12-19,Sholinganalur,0.465,5,12,1,0,,industrial,15
2015-12-20,Sholinganalur,0.465,6,12,1,0,,industrial,15
2015-12-21,Sholinganalur,0.539,0,12,0,0,,industrial,15
2015-12-22,Sholinganalur,0.531,1,12,0,0,,industrial,15
2015-12-23,Sholinganalur,0.522,2,12,0,0,,industrial,15
2015-12-24,Sholinganalur,0.562,3,12,0,1,Christmas,industrial,15
2015-12-25,Sholinganalur,0.59,4,12,0,1,Christmas,industrial,15
2015-12-26,Sholinganalur,0.512,5,12,1,1,Christmas,industrial,15
2015-12-27,Sholinganalur,0.493,6,12,1,0,,industrial,15
2015-12-28,Sholinganalur,0.532,0,12,0,0,,industrial,15
2015-12-29,Sholinganalur,0.528,1,12,0,0,,industrial,15
2015-12-30,Sholinganalur,0.588,2,12,0,1,New Year,industrial,15
2015-12-31,Sholinganalur,0.602,3,12,0,1,New Year,industrial,15
2016-01-01,Sholinganalur,0.504,4,1,0,0,,industrial,15
2016-01-02,Sholinganalur,0.474,5,1,1,0,,industrial,15
2016-01-03,Sholinganalur,0.46,6,1,1,0,,industrial,15
2016-01-04,Sholinganalur,0.533,0,1,0,0,,industrial,15
2016-01-05,Sholinganalur,0.535,1,1,0,0,,industrial,15
2016-01-06,Sholinganalur,0.499,2,1,0,0,,industrial,15
2016-01-07,Sholinganalur,0.536,3,1,0,0,,industrial,15
2016-01-08,Sholinganalur,0.508,4,1,0,0,,industrial,15
2016-01-09,Sholinganalur,0.512,5,1,1,0,,industrial,15
2016-01-10,Sholinganalur,0.472,6,1,1,0,,industrial,15
2016-01-11,Sholinganalur,0.538,0,1,0,0,,industrial,15
2016-01-12,Sholinganalur,0.551,1,1,0,1,Pongal,industrial,15
2016-01-13,Sholinganalur,0.605,2,1,0,1,Pongal,industrial,15
2016-01-14,Sholinganalur,0.696,3,1,0,1,Pongal,industrial,15
2016-01-15,Sholinganalur,0.627,4,1,0,1,Pongal,industrial,15
2016-01-16,Sholinganalur,0.546,5,1,1,1,Pongal,industrial,15
2016-01-17,Sholinganalur,0.463,6,1,1,0,,industrial,15
2016-01-18,Sholinganalur,0.551,0,1,0,0,,industrial,15
2016-01-19,Sholinganalur,0.5,1,1,0,0,,industrial,15
2016-01-20,Sholinganalur,0.494,2,1,0,0,,industrial,15
2016-01-21,Sholinganalur,0.519,3,1,0,0,,industrial,15
2016-01-22,Sholinganalur,0.519,4,1,0,0,,industrial,15
2016-01-23,Sholinganalur,0.482,5,1,1,0,,industrial,15
2016-01-24,Sholinganalur,0.492,6,1,1,0,,industrial,15
2016-01-25,Sholinganalur,0.555,0,1,0,0,,industrial,15
2016-01-26,Sholinganalur,0.592,1,1,0,1,Republic Day,industrial,15
2016-01-27,Sholinganalur,0.497,2,1,0,0,,industrial,15
2016-01-28,Sholinganalur,0.538,3,1,0,0,,industrial,15
2016-01-29,Sholinganalur,0.544,4,1,0,0,,industrial,15
2016-01-30,Sholinganalur,0.476,5,1,1,0,,industrial,15
2016-01-31,Sholinganalur,0.457,6,1,1,0,,industrial,15
2016-02-01,Sholinganalur,0.518,0,2,0,0,,industrial,15
2016-02-02,Sholinganalur,0.508,1,2,0,0,,industrial,15
2016-02-03,Sholinganalur,0.546,2,2,0,0,,industrial,15
2016-02-04,Sholinganalur,0.515,3,2,0,0,,industrial,15
2016-02-05,Sholinganalur,0.506,4,2,0,0,,industrial,15
2016-02-06,Sholinganalur,0.472,5,2,1,0,,industrial,15
2016-02-07,Sholinganalur,0.462,6,2,1,0,,industrial,15
2016-02-08,Sholinganalur,0.555,0,2,0,0,,industrial,15
2016-02-09,Sholinganalur,0.514,1,2,0,0,,industrial,15
2016-02-10,Sholinganalur,0.548,2,2,0,0,,industrial,15
2016-02-11,Sholinganalur,0.525,3,2,0,0,,industrial,15
2016-02-12,Sholinganalur,0.528,4,2,0,0,,industrial,15
2016-02-13,Sholinganalur,0.478,5,2,1,0,,industrial,15
2016-02-14,Sholinganalur,0.466,6,2,1,0,,industrial,15
2016-02-15,Sholinganalur,0.527,0,2,0,0,,industrial,15
2016-02-16,Sholinganalur,0.494,1,2,0,0,,industrial,15
2016-02-17,Sholinganalur,0.529,2,2,0,0,,industrial,15
2016-02-18,Sholinganalur,0.509,3,2,0,0,,industrial,15
2016-02-19,Sholinganalur,0.53,4,2,0,0,,industrial,15
2016-02-20,Sholinganalur,0.484,5,2,1,0,,industrial,15
2016-02-21,Sholinganalur,0.477,6,2,1,0,,industrial,15
2016-02-22,Sholinganalur,0.522,0,2,0,0,,industrial,15
2016-02-23,Sholinganalur,0.52,1,2,0,0,,industrial,15
2016-02-24,Sholinganalur,0.512,2,2,0,0,,industrial,15
2016-02-25,Sholinganalur,0.529,3,2,0,0,,industrial,15
2016-02-26,Sholinganalur,0.504,4,2,0,0,,industrial,15
2016-02-27,Sholinganalur,0.49,5,2,1,0,,industrial,15
2016-02-28,Sholinganalur,0.505,6,2,1,0,,industrial,15
2016-02-29,Sholinganalur,0.545,0,2,0,0,,industrial,15
2016-03-01,Sholinganalur,0.554,1,3,0,0,,industrial,15
2016-03-02,Sholinganalur,0.55,2,3,0,0,,industrial,15
2016-03-03,Sholinganalur,0.572,3,3,0,0,,industrial,15
2016-03-04,Sholinganalur,0.547,4,3,0,0,,industrial,15
2016-03-05,Sholinganalur,0.516,5,3,1,0,,industrial,15
2016-03-06,Sholinganalur,0.505,6,3,1,0,,industrial,15
2016-03-07,Sholinganalur,0.555,0,3,0,0,,industrial,15
2016-03-08,Sholinganalur,0.521,1,3,0,0,,industrial,15
2016-03-09,Sholinganalur,0.561,2,3,0,0,,industrial,15
2016-03-10,Sholinganalur,0.524,3,3,0,0,,industrial,15
2016-03-11,Sholinganalur,0.553,4,3,0,0,,industrial,15
2016-03-12,Sholinganalur,0.512,5,3,1,0,,industrial,15
2016-03-13,Sholinganalur,0.52,6,3,1,0,,industrial,15
2016-03-14,Sholinganalur,0.559,0,3,0,0,,industrial,15
2016-03-15,Sholinganalur,0.528,1,3,0,0,,industrial,15
2016-03-16,Sholinganalur,0.547,2,3,0,0,,industrial,15
2016-03-17,Sholinganalur,0.536,3,3,0,0,,industrial,15
2016-03-18,Sholinganalur,0.521,4,3,0,0,,industrial,15
2016-03-19,Sholinganalur,0.535,5,3,1,0,,industrial,15
2016-03-20,Sholinganalur,0.494,6,3,1,0,,industrial,15
2016-03-21,Sholinganalur,0.551,0,3,0,0,,industrial,15
2016-03-22,Sholinganalur,0.537,1,3,0,0,,industrial,15
2016-03-23,Sholinganalur,0.561,2,3,0,0,,industrial,15
2016-03-24,Sholinganalur,0.506,3,3,0,0,,industrial,15
2016-03-25,Sholinganalur,0.56,4,3,0,0,,industrial,15
2016-03-26,Sholinganalur,0.492,5,3,1,0,,industrial,15
2016-03-27,Sholinganalur,0.51,6,3,1,0,,industrial,15
2016-03-28,Sholinganalur,0.556,0,3,0,0,,industrial,15
2016-03-29,Sholinganalur,0.573,1,3,0,0,,industrial,15
2016-03-30,Sholinganalur,0.543,2,3,0,0,,industrial,15
2016-04-01,Sholinganalur,0.603,4,4,0,0,,industrial,15
2016-04-02,Sholinganalur,0.57,5,4,1,0,,industrial,15
2016-04-03,Sholinganalur,0.577,6,4,1,0,,industrial,15
2016-04-04,Sholinganalur,0.65,0,4,0,0,,industrial,15
2016-04-05,Sholinganalur,0.624,1,4,0,0,,industrial,15
2016-04-06,Sholinganalur,0.616,2,4,0,0,,industrial,15
2016-04-07,Sholinganalur,0.59,3,4,0,0,,industrial,15
2016-04-08,Sholinganalur,0.609,4,4,0,0,,industrial,15
2016-04-09,Sholinganalur,0.586,5,4,1,0,,industrial,15
2016-04-10,Sholinganalur,0.564,6,4,1,0,,industrial,15
2016-04-11,Sholinganalur,0.659,0,4,0,0,,industrial,15
2016-04-12,Sholinganalur,0.616,1,4,0,0,,industrial,15
2016-04-13,Sholinganalur,0.688,2,4,0,1,Tamil New Year,industrial,15
2016-04-14,Sholinganalur,0.797,3,4,0,1,Tamil New Year,industrial,15
2016-04-15,Sholinganalur,0.656,4,4,0,1,Tamil New Year,industrial,15
2016-04-16,Sholinganalur,0.564,5,4,1,0,,industrial,15
2016-04-17,Sholinganalur,0.597,6,4,1,0,,industrial,15
2016-04-18,Sholinganalur,0.682,0,4,0,0,,industrial,15
2016-04-19,Sholinganalur,0.658,1,4,0,0,,industrial,15
2016-04-20,Sholinganalur,0.678,2,4,0,1,Eid,industrial,15
2016-04-21,Sholinganalur,0.749,3,4,0,1,Eid,industrial,15
2016-04-22,Sholinganalur,0.694,4,4,0,1,Eid,industrial,15
2016-04-23,Sholinganalur,0.598,5,4,1,0,,industrial,15
2016-04-24,Sholinganalur,0.581,6,4,1,0,,industrial,15
2016-04-25,Sholinganalur,0.664,0,4,0,0,,industrial,15
2016-04-26,Sholinganalur,0.624,1,4,0,0,,industrial,15
2016-04-27,Sholinganalur,0.625,2,4,0,0,,industrial,15
2016-04-28,Sholinganalur,0.599,3,4,0,0,,industrial,15
2016-04-29,Sholinganalur,0.61,4,4,0,0,,industrial,15
2016-04-30,Sholinganalur,0.567,5,4,1,0,,industrial,15
2016-05-01,Sholinganalur,0.555,6,5,1,0,,industrial,15
2016-05-02,Sholinganalur,0.614,0,5,0,0,,industrial,15
2016-05-03,Sholinganalur,0.608,1,5,0,0,,industrial,15
2016-05-04,Sholinganalur,0.611,2,5,0,0,,industrial,15
2016-05-05,Sholinganalur,0.618,3,5,0,0,,industrial,15
2016-05-06,Sholinganalur,0.626,4,5,0,0,,industrial,15
2016-05-07,Sholinganalur,0.579,5,5,1,0,,industrial,15
2016-05-08,Sholinganalur,0.571,6,5,1,0,,industrial,15
2016-05-09,Sholinganalur,0.629,0,5,0,0,,industrial,15
2016-05-10,Sholinganalur,0.632,1,5,0,0,,industrial,15
2016-05-11,Sholinganalur,0.614,2,5,0,0,,industrial,15
2016-05-12,Sholinganalur,0.608,3,5,0,0,,industrial,15
2016-05-13,Sholinganalur,0.612,4,5,0,0,,industrial,15
2016-05-14,Sholinganalur,0.563,5,5,1,0,,industrial,15
2016-05-15,Sholinganalur,0.566,6,5,1,0,,industrial,15
2016-05-16,Sholinganalur,0.635,0,5,0,0,,industrial,15
2016-05-17,Sholinganalur,0.61,1,5,0,0,,industrial,15
2016-05-18,Sholinganalur,0.628,2,5,0,0,,industrial,15
2016-05-19,Sholinganalur,0.623,3,5,0,0,,industrial,15
2016-05-20,Sholinganalur,0.644,4,5,0,0,,industrial,15
2016-05-21,Sholinganalur,0.597,5,5,1,0,,industrial,15
2016-05-22,Sholinganalur,0.609,6,5,1,0,,industrial,15
2016-05-23,Sholinganalur,0.657,0,5,0,0,,industrial,15
2016-05-24,Sholinganalur,0.626,1,5,0,0,,industrial,15
2016-05-25,Sholinganalur,0.607,2,5,0,0,,industrial,15
2016-05-26,Sholinganalur,0.631,3,5,0,0,,industrial,15
2016-05-27,Sholinganalur,0.603,4,5,0,0,,industrial,15
2016-05-28,Sholinganalur,0.55,5,5,1,0,,industrial,15
2016-05-29,Sholinganalur,0.602,6,5,1,0,,industrial,15
2016-05-30,Sholinganalur,0.622,0,5,0,0,,industrial,15
2016-05-31,Sholinganalur,0.624,1,5,0,0,,industrial,15
2016-06-01,Sholinganalur,0.542,2,6,0,0,,industrial,15
2016-06-02,Sholinganalur,0.576,3,6,0,0,,industrial,15
2016-06-03,Sholinganalur,0.578,4,6,0,0,,industrial,15
2016-06-04,Sholinganalur,0.529,5,6,1,0,,industrial,15
2016-06-05,Sholinganalur,0.54,6,6,1,0,,industrial,15
2016-06-06,Sholinganalur,0.585,0,6,0,0,,industrial,15
2016-06-07,Sholinganalur,0.594,1,6,0,0,,industrial,15
2016-06-08,Sholinganalur,0.569,2,6,0,0,,industrial,15
2016-06-09,Sholinganalur,0.542,3,6,0,0,,industrial,15
2016-06-10,Sholinganalur,0.558,4,6,0,0,,industrial,15
2016-06-11,Sholinganalur,0.518,5,6,1,0,,industrial,15
2016-06-12,Sholinganalur,0.517,6,6,1,0,,industrial,15
2016-06-13,Sholinganalur,0.556,0,6,0,0,,industrial,15
2016-06-14,Sholinganalur,0.563,1,6,0,0,,industrial,15
2016-06-15,Sholinganalur,0.534,2,6,0,0,,industrial,15
2016-06-16,Sholinganalur,0.515,3,6,0,0,,industrial,15
2016-06-17,Sholinganalur,0.551,4,6,0,0,,industrial,15
2016-06-18,Sholinganalur,0.509,5,6,1,0,,industrial,15
2016-06-19,Sholinganalur,0.507,6,6,1,0,,industrial,15
2016-06-20,Sholinganalur,0.53,0,6,0,0,,industrial,15
2016-06-21,Sholinganalur,0.543,1,6,0,0,,industrial,15
2016-06-22,Sholinganalur,0.554,2,6,0,0,,industrial,15
2016-06-23,Sholinganalur,0.546,3,6,0,0,,industrial,15
2016-06-24,Sholinganalur,0.563,4,6,0,0,,industrial,15
2016-06-25,Sholinganalur,0.543,5,6,1,0,,industrial,15
2016-06-26,Sholinganalur,0.529,6,6,1,0,,industrial,15
2016-06-27,Sholinganalur,0.603,0,6,0,0,,industrial,15
2016-06-28,Sholinganalur,0.576,1,6,0,0,,industrial,15
2016-06-29,Sholinganalur,0.54,2,6,0,0,,industrial,15
2016-06-30,Sholinganalur,0.564,3,6,0,0,,industrial,15
2016-07-01,Sholinganalur,0.574,4,7,0,0,,industrial,15
2016-07-02,Sholinganalur,0.514,5,7,1,0,,industrial,15
2016-07-03,Sholinganalur,0.508,6,7,1,0,,industrial,15
2016-07-04,Sholinganalur,0.594,0,7,0,0,,industrial,15
2016-07-05,Sholinganalur,0.532,1,7,0,0,,industrial,15
2016-07-06,Sholinganalur,0.539,2,7,0,0,,industrial,15
2016-07-07,Sholinganalur,0.546,3,7,0,0,,industrial,15
2016-07-08,Sholinganalur,0.565,4,7,0,0,,industrial,15
2016-07-09,Sholinganalur,0.524,5,7,1,0,,industrial,15
2016-07-10,Sholinganalur,0.537,6,7,1,0,,industrial,15
2016-07-11,Sholinganalur,0.569,0,7,0,0,,industrial,15
2016-07-12,Sholinganalur,0.541,1,7,0,0,,industrial,15
2016-07-13,Sholinganalur,0.566,2,7,0,0,,industrial,15
2016-07-14,Sholinganalur,0.544,3,7,0,0,,industrial,15
2016-07-15,Sholinganalur,0.547,4,7,0,0,,industrial,15
2016-07-16,Sholinganalur,0.492,5,7,1,0,,industrial,15
2016-07-17,Sholinganalur,0.525,6,7,1,0,,industrial,15
2016-07-18,Sholinganalur,0.612,0,7,0,0,,industrial,15
2016-07-19,Sholinganalur,0.54,1,7,0,0,,industrial,15
2016-07-20,Sholinganalur,0.574,2,7,0,0,,industrial,15
2016-07-21,Sholinganalur,0.556,3,7,0,0,,industrial,15
2016-07-22,Sholinganalur,0.527,4,7,0,0,,industrial,15
2016-07-23,Sholinganalur,0.507,5,7,1,0,,industrial,15
2016-07-24,Sholinganalur,0.506,6,7,1,0,,industrial,15
2016-07-25,Sholinganalur,0.579,0,7,0,0,,industrial,15
2016-07-26,Sholinganalur,0.564,1,7,0,0,,industrial,15
2016-07-27,Sholinganalur,0.588,2,7,0,0,,industrial,15
2016-07-28,Sholinganalur,0.533,3,7,0,0,,industrial,15
2016-07-29,Sholinganalur,0.549,4,7,0,0,,industrial,15
2016-07-30,Sholinganalur,0.507,5,7,1,0,,industrial,15
2016-07-31,Sholinganalur,0.501,6,7,1,0,,industrial,15
2016-08-01,Sholinganalur,0.587,0,8,0,0,,industrial,15
2016-08-02,Sholinganalur,0.557,1,8,0,0,,industrial,15
2016-08-03,Sholinganalur,0.527,2,8,0,0,,industrial,15
2016-08-04,Sholinganalur,0.557,3,8,0,0,,industrial,15
2016-08-05,Sholinganalur,0.537,4,8,0,0,,industrial,15
2016-08-06,Sholinganalur,0.521,5,8,1,0,,industrial,15
2016-08-07,Sholinganalur,0.541,6,8,1,0,,industrial,15
2016-08-08,Sholinganalur,0.593,0,8,0,0,,industrial,15
2016-08-09,Sholinganalur,0.56,1,8,0,0,,industrial,15
2016-08-10,Sholinganalur,0.548,2,8,0,0,,industrial,15
2016-08-11,Sholinganalur,0.558,3,8,0,0,,industrial,15
2016-08-12,Sholinganalur,0.566,4,8,0,0,,industrial,15
2016-08-13,Sholinganalur,0.528,5,8,1,0,,industrial,15
2016-08-14,Sholinganalur,0.519,6,8,1,0,,industrial,15
2016-08-15,Sholinganalur,0.648,0,8,0,1,Independence,industrial,15
2016-08-16,Sholinganalur,0.535,1,8,0,0,,industrial,15
2016-08-17,Sholinganalur,0.545,2,8,0,0,,industrial,15
2016-08-18,Sholinganalur,0.569,3,8,0,0,,industrial,15
2016-08-19,Sholinganalur,0.571,4,8,0,0,,industrial,15
2016-08-20,Sholinganalur,0.522,5,8,1,0,,industrial,15
2016-08-21,Sholinganalur,0.544,6,8,1,0,,industrial,15
2016-08-22,Sholinganalur,0.594,0,8,0,0,,industrial,15
2016-08-23,Sholinganalur,0.553,1,8,0,0,,industrial,15
2016-08-24,Sholinganalur,0.537,2,8,0,0,,industrial,15
2016-08-25,Sholinganalur,0.581,3,8,0,0,,industrial,15
2016-08-26,Sholinganalur,0.57,4,8,0,0,,industrial,15
2016-08-27,Sholinganalur,0.549,5,8,1,0,,industrial,15
2016-08-28,Sholinganalur,0.555,6,8,1,0,,industrial,15
2016-08-29,Sholinganalur,0.562,0,8,0,0,,industrial,15
2016-08-30,Sholinganalur,0.536,1,8,0,0,,industrial,15
2016-08-31,Sholinganalur,0.509,2,8,0,0,,industrial,15
2016-09-01,Sholinganalur,0.572,3,9,0,0,,industrial,15
2016-09-02,Sholinganalur,0.568,4,9,0,0,,industrial,15
2016-09-03,Sholinganalur,0.522,5,9,1,0,,industrial,15
2016-09-04,Sholinganalur,0.502,6,9,1,0,,industrial,15
2016-09-05,Sholinganalur,0.583,0,9,0,0,,industrial,15
2016-09-06,Sholinganalur,0.56,1,9,0,0,,industrial,15
2016-09-07,Sholinganalur,0.57,2,9,0,0,,industrial,15
2016-09-08,Sholinganalur,0.627,3,9,0,1,Ganesh Chathurthi,industrial,15
2016-09-09,Sholinganalur,0.701,4,9,0,1,Ganesh Chathurthi,industrial,15
2016-09-10,Sholinganalur,0.7,5,9,1,1,Ganesh Chathurthi,industrial,15
2016-09-11,Sholinganalur,0.665,6,9,1,1,Ganesh Chathurthi,industrial,15
2016-09-12,Sholinganalur,0.665,0,9,0,1,Ganesh Chathurthi,industrial,15
2016-09-13,Sholinganalur,0.537,1,9,0,0,,industrial,15
2016-09-14,Sholinganalur,0.58,2,9,0,0,,industrial,15
2016-09-15,Sholinganalur,0.577,3,9,0,0,,industrial,15
2016-09-16,Sholinganalur,0.565,4,9,0,0,,industrial,15
2016-09-17,Sholinganalur,0.525,5,9,1,0,,industrial,15
2016-09-18,Sholinganalur,0.547,6,9,1,0,,industrial,15
2016-09-19,Sholinganalur,0.556,0,9,0,0,,industrial,15
2016-09-20,Sholinganalur,0.578,1,9,0,0,,industrial,15
2016-09-21,Sholinganalur,0.549,2,9,0,0,,industrial,15
2016-09-22,Sholinganalur,0.575,3,9,0,0,,industrial,15
2016-09-23,Sholinganalur,0.559,4,9,0,0,,industrial,15
2016-09-24,Sholinganalur,0.501,5,9,1,0,,industrial,15
2016-09-25,Sholinganalur,0.513,6,9,1,0,,industrial,15
2016-09-26,Sholinganalur,0.603,0,9,0,0,,industrial,15
2016-09-27,Sholinganalur,0.553,1,9,0,0,,industrial,15
2016-09-28,Sholinganalur,0.547,2,9,0,0,,industrial,15
2016-09-29,Sholinganalur,0.546,3,9,0,0,,industrial,15
2016-09-30,Sholinganalur,0.568,4,9,0,0,,industrial,15
2016-10-01,Sholinganalur,0.577,5,10,1,0,,industrial,15
2016-10-02,Sholinganalur,0.513,6,10,1,0,,industrial,15
2016-10-03,Sholinganalur,0.667,0,10,0,0,,industrial,15
2016-10-04,Sholinganalur,0.664,1,10,0,1,Dussehra,industrial,15
2016-10-05,Sholinganalur,0.746,2,10,0,1,Dussehra,industrial,15
2016-10-06,Sholinganalur,0.651,3,10,0,1,Dussehra,industrial,15
2016-10-07,Sholinganalur,0.586,4,10,0,0,,industrial,15
2016-10-08,Sholinganalur,0.551,5,10,1,0,,industrial,15
2016-10-09,Sholinganalur,0.531,6,10,1,0,,industrial,15
2016-10-10,Sholinganalur,0.601,0,10,0,0,,industrial,15
2016-10-11,Sholinganalur,0.607,1,10,0,0,,industrial,15
2016-10-12,Sholinganalur,0.559,2,10,0,0,,industrial,15
2016-10-13,Sholinganalur,0.594,3,10,0,0,,industrial,15
2016-10-14,Sholinganalur,0.58,4,10,0,0,,industrial,15
2016-10-15,Sholinganalur,0.532,5,10,1,0,,industrial,15
2016-10-16,Sholinganalur,0.581,6,10,1,0,,industrial,15
2016-10-17,Sholinganalur,0.598,0,10,0,0,,industrial,15
2016-10-18,Sholinganalur,0.566,1,10,0,0,,industrial,15
2016-10-19,Sholinganalur,0.583,2,10,0,0,,industrial,15
2016-10-20,Sholinganalur,0.573,3,10,0,0,,industrial,15
2016-10-21,Sholinganalur,0.586,4,10,0,0,,industrial,15
2016-10-22,Sholinganalur,0.624,5,10,1,1,Deepavali,industrial,15
2016-10-23,Sholinganalur,0.699,6,10,1,1,Deepavali,industrial,15
2016-10-24,Sholinganalur,0.859,0,10,0,1,Deepavali,industrial,15
2016-10-25,Sholinganalur,0.727,1,10,0,1,Deepavali,industrial,15
2016-10-26,Sholinganalur,0.677,2,10,0,1,Deepavali,industrial,15
2016-10-27,Sholinganalur,0.584,3,10,0,0,,industrial,15
2016-10-28,Sholinganalur,0.578,4,10,0,0,,industrial,15
2016-10-29,Sholinganalur,0.573,5,10,1,0,,industrial,15
2016-10-30,Sholinganalur,0.546,6,10,1,0,,industrial,15
2016-10-31,Sholinganalur,0.636,0,10,0,0,,industrial,15
2016-11-01,Sholinganalur,0.608,1,11,0,0,,industrial,15
2016-11-02,Sholinganalur,0.609,2,11,0,0,,industrial,15
2016-11-03,Sholinganalur,0.598,3,11,0,0,,industrial,15
2016-11-04,Sholinganalur,0.586,4,11,0,0,,industrial,15
2016-11-05,Sholinganalur,0.547,5,11,1,0,,industrial,15
2016-11-06,Sholinganalur,0.544,6,11,1,0,,industrial,15
2016-11-07,Sholinganalur,0.576,0,11,0,0,,industrial,15
2016-11-08,Sholinganalur,0.599,1,11,0,0,,industrial,15
2016-11-09,Sholinganalur,0.591,2,11,0,0,,industrial,15
2016-11-10,Sholinganalur,0.601,3,11,0,0,,industrial,15
2016-11-11,Sholinganalur,0.584,4,11,0,0,,industrial,15
2016-11-12,Sholinganalur,0.559,5,11,1,0,,industrial,15
2016-11-13,Sholinganalur,0.526,6,11,1,0,,industrial,15
2016-11-14,Sholinganalur,0.594,0,11,0,0,,industrial,15
2016-11-15,Sholinganalur,0.543,1,11,0,0,,industrial,15
2016-11-16,Sholinganalur,0.584,2,11,0,0,,industrial,15
2016-11-17,Sholinganalur,0.573,3,11,0,0,,industrial,15
2016-11-18,Sholinganalur,0.57,4,11,0,0,,industrial,15
2016-11-19,Sholinganalur,0.554,5,11,1,0,,industrial,15
2016-11-20,Sholinganalur,0.541,6,11,1,0,,industrial,15
2016-11-21,Sholinganalur,0.589,0,11,0,0,,industrial,15
2016-11-22,Sholinganalur,0.631,1,11,0,0,,industrial,15
2016-11-23,Sholinganalur,0.586,2,11,0,0,,industrial,15
2016-11-24,Sholinganalur,0.567,3,11,0,0,,industrial,15
2016-11-25,Sholinganalur,0.575,4,11,0,0,,industrial,15
2016-11-26,Sholinganalur,0.545,5,11,1,0,,industrial,15
2016-11-27,Sholinganalur,0.545,6,11,1,0,,industrial,15
2016-11-28,Sholinganalur,0.64,0,11,0,0,,industrial,15
2016-11-29,Sholinganalur,0.585,1,11,0,0,,industrial,15
2016-11-30,Sholinganalur,0.619,2,11,0,0,,industrial,15
2016-12-01,Sholinganalur,0.579,3,12,0,0,,industrial,15
2016-12-02,Sholinganalur,0.594,4,12,0,0,,industrial,15
2016-12-03,Sholinganalur,0.565,5,12,1,0,,industrial,15
2016-12-04,Sholinganalur,0.568,6,12,1,0,,industrial,15
2016-12-05,Sholinganalur,0.64,0,12,0,0,,industrial,15
2016-12-06,Sholinganalur,0.582,1,12,0,0,,industrial,15
2016-12-07,Sholinganalur,0.586,2,12,0,0,,industrial,15
2016-12-08,Sholinganalur,0.543,3,12,0,0,,industrial,15
2016-12-09,Sholinganalur,0.583,4,12,0,0,,industrial,15
2016-12-10,Sholinganalur,0.566,5,12,1,0,,industrial,15
2016-12-11,Sholinganalur,0.563,6,12,1,0,,industrial,15
2016-12-12,Sholinganalur,0.614,0,12,0,0,,industrial,15
2016-12-13,Sholinganalur,0.616,1,12,0,0,,industrial,15
2016-12-14,Sholinganalur,0.58,2,12,0,0,,industrial,15
2016-12-15,Sholinganalur,0.574,3,12,0,0,,industrial,15
2016-12-16,Sholinganalur,0.578,4,12,0,0,,industrial,15
2016-12-17,Sholinganalur,0.53,5,12,1,0,,industrial,15
2016-12-18,Sholinganalur,0.558,6,12,1,0,,industrial,15
2016-12-19,Sholinganalur,0.621,0,12,0,0,,industrial,15
2016-12-20,Sholinganalur,0.597,1,12,0,0,,industrial,15
2016-12-21,Sholinganalur,0.579,2,12,0,0,,industrial,15
2016-12-22,Sholinganalur,0.585,3,12,0,0,,industrial,15
2016-12-23,Sholinganalur,0.548,4,12,0,0,,industrial,15
2016-12-24,Sholinganalur,0.596,5,12,1,1,Christmas,industrial,15
2016-12-25,Sholinganalur,0.632,6,12,1,1,Christmas,industrial,15
2016-12-26,Sholinganalur,0.64,0,12,0,1,Christmas,industrial,15
2016-12-27,Sholinganalur,0.584,1,12,0,0,,industrial,15
2016-12-28,Sholinganalur,0.582,2,12,0,0,,industrial,15
2016-12-29,Sholinganalur,0.617,3,12,0,0,,industrial,15
2016-12-30,Sholinganalur,0.624,4,12,0,1,New Year,industrial,15
2016-12-31,Sholinganalur,0.664,5,12,1,1,New Year,industrial,15
2017-01-01,Sholinganalur,0.53,6,1,1,0,,industrial,15
2017-01-02,Sholinganalur,0.605,0,1,0,0,,industrial,15
2017-01-03,Sholinganalur,0.591,1,1,0,0,,industrial,15
2017-01-04,Sholinganalur,0.583,2,1,0,0,,industrial,15
2017-01-05,Sholinganalur,0.586,3,1,0,0,,industrial,15
2017-01-06,Sholinganalur,0.592,4,1,0,0,,industrial,15
2017-01-07,Sholinganalur,0.54,5,1,1,0,,industrial,15
2017-01-08,Sholinganalur,0.563,6,1,1,0,,industrial,15
2017-01-09,Sholinganalur,0.61,0,1,0,0,,industrial,15
2017-01-10,Sholinganalur,0.585,1,1,0,0,,industrial,15
2017-01-11,Sholinganalur,0.593,2,1,0,0,,industrial,15
2017-01-12,Sholinganalur,0.649,3,1,0,1,Pongal,industrial,15
2017-01-13,Sholinganalur,0.717,4,1,0,1,Pongal,industrial,15
2017-01-14,Sholinganalur,0.719,5,1,1,1,Pongal,industrial,15
2017-01-15,Sholinganalur,0.667,6,1,1,1,Pongal,industrial,15
2017-01-16,Sholinganalur,0.671,0,1,0,1,Pongal,industrial,15
2017-01-17,Sholinganalur,0.568,1,1,0,0,,industrial,15
2017-01-18,Sholinganalur,0.561,2,1,0,0,,industrial,15
2017-01-19,Sholinganalur,0.557,3,1,0,0,,industrial,15
2017-01-20,Sholinganalur,0.617,4,1,0,0,,industrial,15
2017-01-21,Sholinganalur,0.512,5,1,1,0,,industrial,15
2017-01-22,Sholinganalur,0.568,6,1,1,0,,industrial,15
2017-01-23,Sholinganalur,0.6,0,1,0,0,,industrial,15
2017-01-24,Sholinganalur,0.607,1,1,0,0,,industrial,15
2017-01-25,Sholinganalur,0.548,2,1,0,0,,industrial,15
2017-01-26,Sholinganalur,0.64,3,1,0,1,Republic Day,industrial,15
2017-01-27,Sholinganalur,0.612,4,1,0,0,,industrial,15
2017-01-28,Sholinganalur,0.56,5,1,1,0,,industrial,15
2017-01-29,Sholinganalur,0.543,6,1,1,0,,industrial,15
2017-01-30,Sholinganalur,0.58,0,1,0,0,,industrial,15
2017-01-31,Sholinganalur,0.563,1,1,0,0,,industrial,15
2017-02-01,Sholinganalur,0.611,2,2,0,0,,industrial,15
2017-02-02,Sholinganalur,0.58,3,2,0,0,,industrial,15
2017-02-03,Sholinganalur,0.585,4,2,0,0,,industrial,15
2017-02-04,Sholinganalur,0.553,5,2,1,0,,industrial,15
2017-02-05,Sholinganalur,0.527,6,2,1,0,,industrial,15
2017-02-06,Sholinganalur,0.623,0,2,0,0,,industrial,15
2017-02-07,Sholinganalur,0.579,1,2,0,0,,industrial,15
2017-02-08,Sholinganalur,0.591,2,2,0,0,,industrial,15
2017-02-09,Sholinganalur,0.576,3,2,0,0,,industrial,15
2017-02-10,Sholinganalur,0.559,4,2,0,0,,industrial,15
2017-02-11,Sholinganalur,0.541,5,2,1,0,,industrial,15
2017-02-12,Sholinganalur,0.559,6,2,1,0,,industrial,15
2017-02-13,Sholinganalur,0.623,0,2,0,0,,industrial,15
2017-02-14,Sholinganalur,0.587,1,2,0,0,,industrial,15
2017-02-15,Sholinganalur,0.602,2,2,0,0,,industrial,15
2017-02-16,Sholinganalur,0.583,3,2,0,0,,industrial,15
2017-02-17,Sholinganalur,0.587,4,2,0,0,,industrial,15
2017-02-18,Sholinganalur,0.54,5,2,1,0,,industrial,15
2017-02-19,Sholinganalur,0.564,6,2,1,0,,industrial,15
2017-02-20,Sholinganalur,0.621,0,2,0,0,,industrial,15
2017-02-21,Sholinganalur,0.577,1,2,0,0,,industrial,15
2017-02-22,Sholinganalur,0.56,2,2,0,0,,industrial,15
2017-02-23,Sholinganalur,0.606,3,2,0,0,,industrial,15
2017-02-24,Sholinganalur,0.573,4,2,0,0,,industrial,15
2017-02-25,Sholinganalur,0.549,5,2,1,0,,industrial,15
2017-02-26,Sholinganalur,0.587,6,2,1,0,,industrial,15
2017-02-27,Sholinganalur,0.63,0,2,0,0,,industrial,15
2017-02-28,Sholinganalur,0.615,1,2,0,0,,industrial,15
2017-03-01,Sholinganalur,0.606,2,3,0,0,,industrial,15
2017-03-02,Sholinganalur,0.635,3,3,0,0,,industrial,15
2017-03-03,Sholinganalur,0.616,4,3,0,0,,industrial,15
2017-03-04,Sholinganalur,0.582,5,3,1,0,,industrial,15
2017-03-05,Sholinganalur,0.61,6,3,1,0,,industrial,15
2017-03-06,Sholinganalur,0.641,0,3,0,0,,industrial,15
2017-03-07,Sholinganalur,0.616,1,3,0,0,,industrial,15
2017-03-08,Sholinganalur,0.599,2,3,0,0,,industrial,15
2017-03-09,Sholinganalur,0.632,3,3,0,0,,industrial,15
2017-03-10,Sholinganalur,0.605,4,3,0,0,,industrial,15
2017-03-11,Sholinganalur,0.593,5,3,1,0,,industrial,15
2017-03-12,Sholinganalur,0.547,6,3,1,0,,industrial,15
2017-03-13,Sholinganalur,0.657,0,3,0,0,,industrial,15
2017-03-14,Sholinganalur,0.604,1,3,0,0,,industrial,15
2017-03-15,Sholinganalur,0.629,2,3,0,0,,industrial,15
2017-03-16,Sholinganalur,0.615,3,3,0,0,,industrial,15
2017-03-17,Sholinganalur,0.606,4,3,0,0,,industrial,15
2017-03-18,Sholinganalur,0.569,5,3,1,0,,industrial,15
2017-03-19,Sholinganalur,0.561,6,3,1,0,,industrial,15
2017-03-20,Sholinganalur,0.663,0,3,0,0,,industrial,15
2017-03-21,Sholinganalur,0.596,1,3,0,0,,industrial,15
2017-03-22,Sholinganalur,0.611,2,3,0,0,,industrial,15
2017-03-23,Sholinganalur,0.622,3,3,0,0,,industrial,15
2017-03-24,Sholinganalur,0.645,4,3,0,0,,industrial,15
2017-03-25,Sholinganalur,0.575,5,3,1,0,,industrial,15
2017-03-26,Sholinganalur,0.571,6,3,1,0,,industrial,15
2017-03-27,Sholinganalur,0.652,0,3,0,0,,industrial,15
2017-03-28,Sholinganalur,0.577,1,3,0,0,,industrial,15
2017-03-29,Sholinganalur,0.593,2,3,0,0,,industrial,15
2017-03-30,Sholinganalur,0.609,3,3,0,0,,industrial,15
2017-03-31,Sholinganalur,0.602,4,3,0,0,,industrial,15
2017-04-01,Sholinganalur,0.548,5,4,1,0,,industrial,15
2017-04-02,Sholinganalur,0.59,6,4,1,0,,industrial,15
2017-04-03,Sholinganalur,0.651,0,4,0,0,,industrial,15
2017-04-04,Sholinganalur,0.618,1,4,0,0,,industrial,15
2017-04-05,Sholinganalur,0.603,2,4,0,0,,industrial,15
2017-04-06,Sholinganalur,0.617,3,4,0,0,,industrial,15
2017-04-07,Sholinganalur,0.625,4,4,0,0,,industrial,15
2017-04-08,Sholinganalur,0.571,5,4,1,0,,industrial,15
2017-04-09,Sholinganalur,0.583,6,4,1,0,,industrial,15
2017-04-10,Sholinganalur,0.631,0,4,0,0,,industrial,15
2017-04-11,Sholinganalur,0.617,1,4,0,0,,industrial,15
2017-04-12,Sholinganalur,0.637,2,4,0,0,,industrial,15
2017-04-13,Sholinganalur,0.718,3,4,0,1,Tamil New Year,industrial,15
2017-04-14,Sholinganalur,0.8,4,4,0,1,Tamil New Year,industrial,15
2017-04-15,Sholinganalur,0.653,5,4,1,1,Tamil New Year,industrial,15
2017-04-16,Sholinganalur,0.576,6,4,1,0,,industrial,15
2017-04-17,Sholinganalur,0.638,0,4,0,0,,industrial,15
2017-04-18,Sholinganalur,0.582,1,4,0,0,,industrial,15
2017-04-19,Sholinganalur,0.591,2,4,0,0,,industrial,15
2017-04-20,Sholinganalur,0.674,3,4,0,1,Eid,industrial,15
2017-04-21,Sholinganalur,0.736,4,4,0,1,Eid,industrial,15
2017-04-22,Sholinganalur,0.66,5,4,1,1,Eid,industrial,15
2017-04-23,Sholinganalur,0.598,6,4,1,0,,industrial,15
2017-04-24,Sholinganalur,0.633,0,4,0,0,,industrial,15
2017-04-25,Sholinganalur,0.631,1,4,0,0,,industrial,15
2017-04-26,Sholinganalur,0.607,2,4,0,0,,industrial,15
2017-04-27,Sholinganalur,0.628,3,4,0,0,,industrial,15
2017-04-28,Sholinganalur,0.631,4,4,0,0,,industrial,15
2017-04-29,Sholinganalur,0.597,5,4,1,0,,industrial,15
2017-04-30,Sholinganalur,0.567,6,4,1,0,,industrial,15
2017-05-01,Sholinganalur,0.666,0,5,0,0,,industrial,15
2017-05-02,Sholinganalur,0.581,1,5,0,0,,industrial,15
2017-05-03,Sholinganalur,0.64,2,5,0,0,,industrial,15
2017-05-04,Sholinganalur,0.615,3,5,0,0,,industrial,15
2017-05-05,Sholinganalur,0.616,4,5,0,0,,industrial,15
2017-05-06,Sholinganalur,0.54,5,5,1,0,,industrial,15
2017-05-07,Sholinganalur,0.569,6,5,1,0,,industrial,15
2017-05-08,Sholinganalur,0.673,0,5,0,0,,industrial,15
2017-05-09,Sholinganalur,0.608,1,5,0,0,,industrial,15
2017-05-10,Sholinganalur,0.629,2,5,0,0,,industrial,15
2017-05-11,Sholinganalur,0.616,3,5,0,0,,industrial,15
2017-05-12,Sholinganalur,0.635,4,5,0,0,,industrial,15
2017-05-13,Sholinganalur,0.579,5,5,1,0,,industrial,15
2017-05-14,Sholinganalur,0.56,6,5,1,0,,industrial,15
2017-05-15,Sholinganalur,0.647,0,5,0,0,,industrial,15
2017-05-16,Sholinganalur,0.645,1,5,0,0,,industrial,15
2017-05-17,Sholinganalur,0.625,2,5,0,0,,industrial,15
2017-05-18,Sholinganalur,0.613,3,5,0,0,,industrial,15
2017-05-19,Sholinganalur,0.657,4,5,0,0,,industrial,15
2017-05-20,Sholinganalur,0.596,5,5,1,0,,industrial,15
2017-05-21,Sholinganalur,0.59,6,5,1,0,,industrial,15
2017-05-22,Sholinganalur,0.653,0,5,0,0,,industrial,15
2017-05-23,Sholinganalur,0.629,1,5,0,0,,industrial,15
2017-05-24,Sholinganalur,0.63,2,5,0,0,,industrial,15
2017-05-25,Sholinganalur,0.575,3,5,0,0,,industrial,15
2017-05-26,Sholinganalur,0.623,4,5,0,0,,industrial,15
2017-05-27,Sholinganalur,0.573,5,5,1,0,,industrial,15
2017-05-28,Sholinganalur,0.567,6,5,1,0,,industrial,15
2017-05-29,Sholinganalur,0.643,0,5,0,0,,industrial,15
2017-05-30,Sholinganalur,0.587,1,5,0,0,,industrial,15
2017-05-31,Sholinganalur,0.582,2,5,0,0,,industrial,15
2017-06-01,Sholinganalur,0.578,3,6,0,0,,industrial,15
2017-06-02,Sholinganalur,0.565,4,6,0,0,,industrial,15
2017-06-03,Sholinganalur,0.483,5,6,1,0,,industrial,15
2017-06-04,Sholinganalur,0.512,6,6,1,0,,industrial,15
2017-06-05,Sholinganalur,0.6,0,6,0,0,,industrial,15
2017-06-06,Sholinganalur,0.552,1,6,0,0,,industrial,15
2017-06-07,Sholinganalur,0.578,2,6,0,0,,industrial,15
2017-06-08,Sholinganalur,0.575,3,6,0,0,,industrial,15
2017-06-09,Sholinganalur,0.534,4,6,0,0,,industrial,15
2017-06-10,Sholinganalur,0.519,5,6,1,0,,industrial,15
2017-06-11,Sholinganalur,0.514,6,6,1,0,,industrial,15
2017-06-12,Sholinganalur,0.56,0,6,0,0,,industrial,15
2017-06-13,Sholinganalur,0.533,1,6,0,0,,industrial,15
2017-06-14,Sholinganalur,0.544,2,6,0,0,,industrial,15
2017-06-15,Sholinganalur,0.546,3,6,0,0,,industrial,15
2017-06-16,Sholinganalur,0.562,4,6,0,0,,industrial,15
2017-06-17,Sholinganalur,0.537,5,6,1,0,,industrial,15
2017-06-18,Sholinganalur,0.529,6,6,1,0,,industrial,15
2017-06-19,Sholinganalur,0.598,0,6,0,0,,industrial,15
2017-06-20,Sholinganalur,0.553,1,6,0,0,,industrial,15
2017-06-21,Sholinganalur,0.567,2,6,0,0,,industrial,15
2017-06-22,Sholinganalur,0.555,3,6,0,0,,industrial,15
2017-06-23,Sholinganalur,0.55,4,6,0,0,,industrial,15
2017-06-24,Sholinganalur,0.55,5,6,1,0,,industrial,15
2017-06-25,Sholinganalur,0.484,6,6,1,0,,industrial,15
2017-06-26,Sholinganalur,0.552,0,6,0,0,,industrial,15
2017-06-27,Sholinganalur,0.563,1,6,0,0,,industrial,15
2017-06-28,Sholinganalur,0.553,2,6,0,0,,industrial,15
2017-06-29,Sholinganalur,0.533,3,6,0,0,,industrial,15
2017-06-30,Sholinganalur,0.539,4,6,0,0,,industrial,15
2017-07-01,Sholinganalur,0.506,5,7,1,0,,industrial,15
2017-07-02,Sholinganalur,0.535,6,7,1,0,,industrial,15
2017-07-03,Sholinganalur,0.606,0,7,0,0,,industrial,15
2017-07-04,Sholinganalur,0.584,1,7,0,0,,industrial,15
2017-07-05,Sholinganalur,0.53,2,7,0,0,,industrial,15
2017-07-06,Sholinganalur,0.534,3,7,0,0,,industrial,15
2017-07-07,Sholinganalur,0.533,4,7,0,0,,industrial,15
2017-07-08,Sholinganalur,0.541,5,7,1,0,,industrial,15
2017-07-09,Sholinganalur,0.527,6,7,1,0,,industrial,15
2017-07-10,Sholinganalur,0.586,0,7,0,0,,industrial,15
2017-07-11,Sholinganalur,0.561,1,7,0,0,,industrial,15
2017-07-12,Sholinganalur,0.556,2,7,0,0,,industrial,15
2017-07-13,Sholinganalur,0.538,3,7,0,0,,industrial,15
2017-07-14,Sholinganalur,0.566,4,7,0,0,,industrial,15
2017-07-15,Sholinganalur,0.518,5,7,1,0,,industrial,15
2017-07-16,Sholinganalur,0.502,6,7,1,0,,industrial,15
2017-07-17,Sholinganalur,0.595,0,7,0,0,,industrial,15
2017-07-18,Sholinganalur,0.55,1,7,0,0,,industrial,15
2017-07-19,Sholinganalur,0.561,2,7,0,0,,industrial,15
2017-07-20,Sholinganalur,0.555,3,7,0,0,,industrial,15
2017-07-21,Sholinganalur,0.572,4,7,0,0,,industrial,15
2017-07-22,Sholinganalur,0.524,5,7,1,0,,industrial,15
2017-07-23,Sholinganalur,0.507,6,7,1,0,,industrial,15
2017-07-24,Sholinganalur,0.59,0,7,0,0,,industrial,15
2017-07-25,Sholinganalur,0.563,1,7,0,0,,industrial,15
2017-07-26,Sholinganalur,0.566,2,7,0,0,,industrial,15
2017-07-27,Sholinganalur,0.574,3,7,0,0,,industrial,15
2017-07-28,Sholinganalur,0.547,4,7,0,0,,industrial,15
2017-07-29,Sholinganalur,0.531,5,7,1,0,,industrial,15
2017-07-30,Sholinganalur,0.494,6,7,1,0,,industrial,15
2017-07-31,Sholinganalur,0.583,0,7,0,0,,industrial,15
2017-08-01,Sholinganalur,0.552,1,8,0,0,,industrial,15
2017-08-02,Sholinganalur,0.581,2,8,0,0,,industrial,15
2017-08-03,Sholinganalur,0.554,3,8,0,0,,industrial,15
2017-08-04,Sholinganalur,0.567,4,8,0,0,,industrial,15
2017-08-05,Sholinganalur,0.493,5,8,1,0,,industrial,15
2017-08-06,Sholinganalur,0.515,6,8,1,0,,industrial,15
2017-08-07,Sholinganalur,0.57,0,8,0,0,,industrial,15
2017-08-08,Sholinganalur,0.598,1,8,0,0,,industrial,15
2017-08-09,Sholinganalur,0.546,2,8,0,0,,industrial,15
2017-08-10,Sholinganalur,0.558,3,8,0,0,,industrial,15
2017-08-11,Sholinganalur,0.559,4,8,0,0,,industrial,15
2017-08-12,Sholinganalur,0.496,5,8,1,0,,industrial,15
2017-08-13,Sholinganalur,0.513,6,8,1,0,,industrial,15
2017-08-14,Sholinganalur,0.592,0,8,0,0,,industrial,15
2017-08-15,Sholinganalur,0.614,1,8,0,1,Independence,industrial,15
2017-08-16,Sholinganalur,0.519,2,8,0,0,,industrial,15
2017-08-17,Sholinganalur,0.548,3,8,0,0,,industrial,15
2017-08-18,Sholinganalur,0.574,4,8,0,0,,industrial,15
2017-08-19,Sholinganalur,0.53,5,8,1,0,,industrial,15
2017-08-20,Sholinganalur,0.54,6,8,1,0,,industrial,15
2017-08-21,Sholinganalur,0.568,0,8,0,0,,industrial,15
2017-08-22,Sholinganalur,0.578,1,8,0,0,,industrial,15
2017-08-23,Sholinganalur,0.556,2,8,0,0,,industrial,15
2017-08-24,Sholinganalur,0.584,3,8,0,0,,industrial,15
2017-08-25,Sholinganalur,0.557,4,8,0,0,,industrial,15
2017-08-26,Sholinganalur,0.489,5,8,1,0,,industrial,15
2017-08-27,Sholinganalur,0.534,6,8,1,0,,industrial,15
2017-08-28,Sholinganalur,0.577,0,8,0,0,,industrial,15
2017-08-29,Sholinganalur,0.551,1,8,0,0,,industrial,15
2017-08-30,Sholinganalur,0.533,2,8,0,0,,industrial,15
2017-08-31,Sholinganalur,0.584,3,8,0,0,,industrial,15
2017-09-01,Sholinganalur,0.548,4,9,0,0,,industrial,15
2017-09-02,Sholinganalur,0.545,5,9,1,0,,industrial,15
2017-09-03,Sholinganalur,0.514,6,9,1,0,,industrial,15
2017-09-04,Sholinganalur,0.569,0,9,0,0,,industrial,15
2017-09-05,Sholinganalur,0.579,1,9,0,0,,industrial,15
2017-09-06,Sholinganalur,0.556,2,9,0,0,,industrial,15
2017-09-07,Sholinganalur,0.556,3,9,0,0,,industrial,15
2017-09-08,Sholinganalur,0.598,4,9,0,1,Ganesh Chathurthi,industrial,15
2017-09-09,Sholinganalur,0.633,5,9,1,1,Ganesh Chathurthi,industrial,15
2017-09-10,Sholinganalur,0.712,6,9,1,1,Ganesh Chathurthi,industrial,15
2017-09-11,Sholinganalur,0.693,0,9,0,1,Ganesh Chathurthi,industrial,15
2017-09-12,Sholinganalur,0.612,1,9,0,1,Ganesh Chathurthi,industrial,15
2017-09-13,Sholinganalur,0.55,2,9,0,0,,industrial,15
2017-09-14,Sholinganalur,0.558,3,9,0,0,,industrial,15
2017-09-15,Sholinganalur,0.582,4,9,0,0,,industrial,15
2017-09-16,Sholinganalur,0.516,5,9,1,0,,industrial,15
2017-09-17,Sholinganalur,0.51,6,9,1,0,,industrial,15
2017-09-18,Sholinganalur,0.633,0,9,0,0,,industrial,15
2017-09-19,Sholinganalur,0.55,1,9,0,0,,industrial,15
2017-09-20,Sholinganalur,0.554,2,9,0,0,,industrial,15
2017-09-21,Sholinganalur,0.551,3,9,0,0,,industrial,15
2017-09-22,Sholinganalur,0.552,4,9,0,0,,industrial,15
2017-09-23,Sholinganalur,0.522,5,9,1,0,,industrial,15
2017-09-24,Sholinganalur,0.535,6,9,1,0,,industrial,15
2017-09-25,Sholinganalur,0.592,0,9,0,0,,industrial,15
2017-09-26,Sholinganalur,0.575,1,9,0,0,,industrial,15
2017-09-27,Sholinganalur,0.574,2,9,0,0,,industrial,15
2017-09-28,Sholinganalur,0.56,3,9,0,0,,industrial,15
2017-09-29,Sholinganalur,0.563,4,9,0,0,,industrial,15
2017-09-30,Sholinganalur,0.538,5,9,1,0,,industrial,15
2017-10-01,Sholinganalur,0.53,6,10,1,0,,industrial,15
2017-10-02,Sholinganalur,0.662,0,10,0,0,,industrial,15
2017-10-03,Sholinganalur,0.577,1,10,0,0,,industrial,15
2017-10-04,Sholinganalur,0.653,2,10,0,1,Dussehra,industrial,15
2017-10-05,Sholinganalur,0.706,3,10,0,1,Dussehra,industrial,15
2017-10-06,Sholinganalur,0.636,4,10,0,1,Dussehra,industrial,15
2017-10-07,Sholinganalur,0.564,5,10,1,0,,industrial,15
2017-10-08,Sholinganalur,0.586,6,10,1,0,,industrial,15
2017-10-09,Sholinganalur,0.605,0,10,0,0,,industrial,15
2017-10-10,Sholinganalur,0.592,1,10,0,0,,industrial,15
2017-10-11,Sholinganalur,0.59,2,10,0,0,,industrial,15
2017-10-12,Sholinganalur,0.604,3,10,0,0,,industrial,15
2017-10-13,Sholinganalur,0.625,4,10,0,0,,industrial,15
2017-10-14,Sholinganalur,0.573,5,10,1,0,,industrial,15
2017-10-15,Sholinganalur,0.544,6,10,1,0,,industrial,15
2017-10-16,Sholinganalur,0.625,0,10,0,0,,industrial,15
2017-10-17,Sholinganalur,0.597,1,10,0,0,,industrial,15
2017-10-18,Sholinganalur,0.586,2,10,0,0,,industrial,15
2017-10-19,Sholinganalur,0.567,3,10,0,0,,industrial,15
2017-10-20,Sholinganalur,0.572,4,10,0,0,,industrial,15
2017-10-21,Sholinganalur,0.567,5,10,1,0,,industrial,15
2017-10-22,Sholinganalur,0.645,6,10,1,1,Deepavali,industrial,15
2017-10-23,Sholinganalur,0.775,0,10,0,1,Deepavali,industrial,15
2017-10-24,Sholinganalur,0.827,1,10,0,1,Deepavali,industrial,15
2017-10-25,Sholinganalur,0.769,2,10,0,1,Deepavali,industrial,15
2017-10-26,Sholinganalur,0.631,3,10,0,1,Deepavali,industrial,15
2017-10-27,Sholinganalur,0.578,4,10,0,0,,industrial,15
2017-10-28,Sholinganalur,0.581,5,10,1,0,,industrial,15
2017-10-29,Sholinganalur,0.553,6,10,1,0,,industrial,15
2017-10-30,Sholinganalur,0.595,0,10,0,0,,industrial,15
2017-10-31,Sholinganalur,0.588,1,10,0,0,,industrial,15
2017-11-01,Sholinganalur,0.604,2,11,0,0,,industrial,15
2017-11-02,Sholinganalur,0.542,3,11,0,0,,industrial,15
2017-11-03,Sholinganalur,0.589,4,11,0,0,,industrial,15
2017-11-04,Sholinganalur,0.542,5,11,1,0,,industrial,15
2017-11-05,Sholinganalur,0.521,6,11,1,0,,industrial,15
2017-11-06,Sholinganalur,0.617,0,11,0,0,,industrial,15
2017-11-07,Sholinganalur,0.584,1,11,0,0,,industrial,15
2017-11-08,Sholinganalur,0.586,2,11,0,0,,industrial,15
2017-11-09,Sholinganalur,0.58,3,11,0,0,,industrial,15
2017-11-10,Sholinganalur,0.568,4,11,0,0,,industrial,15
2017-11-11,Sholinganalur,0.524,5,11,1,0,,industrial,15
2017-11-12,Sholinganalur,0.537,6,11,1,0,,industrial,15
2017-11-13,Sholinganalur,0.631,0,11,0,0,,industrial,15
2017-11-14,Sholinganalur,0.59,1,11,0,0,,industrial,15
2017-11-15,Sholinganalur,0.585,2,11,0,0,,industrial,15
2017-11-16,Sholinganalur,0.568,3,11,0,0,,industrial,15
2017-11-17,Sholinganalur,0.58,4,11,0,0,,industrial,15
2017-11-18,Sholinganalur,0.56,5,11,1,0,,industrial,15
2017-11-19,Sholinganalur,0.556,6,11,1,0,,industrial,15
2017-11-20,Sholinganalur,0.607,0,11,0,0,,industrial,15
2017-11-21,Sholinganalur,0.54,1,11,0,0,,industrial,15
2017-11-22,Sholinganalur,0.574,2,11,0,0,,industrial,15
2017-11-23,Sholinganalur,0.578,3,11,0,0,,industrial,15
2017-11-24,Sholinganalur,0.57,4,11,0,0,,industrial,15
2017-11-25,Sholinganalur,0.541,5,11,1,0,,industrial,15
2017-11-26,Sholinganalur,0.562,6,11,1,0,,industrial,15
2017-11-27,Sholinganalur,0.615,0,11,0,0,,industrial,15
2017-11-28,Sholinganalur,0.604,1,11,0,0,,industrial,15
2017-11-29,Sholinganalur,0.56,2,11,0,0,,industrial,15
2017-11-30,Sholinganalur,0.581,3,11,0,0,,industrial,15
2017-12-01,Sholinganalur,0.552,4,12,0,0,,industrial,15
2017-12-02,Sholinganalur,0.541,5,12,1,0,,industrial,15
2017-12-03,Sholinganalur,0.531,6,12,1,0,,industrial,15
2017-12-04,Sholinganalur,0.639,0,12,0,0,,industrial,15
2017-12-05,Sholinganalur,0.594,1,12,0,0,,industrial,15
2017-12-06,Sholinganalur,0.604,2,12,0,0,,industrial,15
2017-12-07,Sholinganalur,0.579,3,12,0,0,,industrial,15
2017-12-08,Sholinganalur,0.568,4,12,0,0,,industrial,15
2017-12-09,Sholinganalur,0.531,5,12,1,0,,industrial,15
2017-12-10,Sholinganalur,0.553,6,12,1,0,,industrial,15
2017-12-11,Sholinganalur,0.649,0,12,0,0,,industrial,15
2017-12-12,Sholinganalur,0.594,1,12,0,0,,industrial,15
2017-12-13,Sholinganalur,0.58,2,12,0,0,,industrial,15
2017-12-14,Sholinganalur,0.583,3,12,0,0,,industrial,15
2017-12-15,Sholinganalur,0.586,4,12,0,0,,industrial,15
2017-12-16,Sholinganalur,0.582,5,12,1,0,,industrial,15
2017-12-17,Sholinganalur,0.568,6,12,1,0,,industrial,15
2017-12-18,Sholinganalur,0.62,0,12,0,0,,industrial,15
2017-12-19,Sholinganalur,0.588,1,12,0,0,,industrial,15
2017-12-20,Sholinganalur,0.592,2,12,0,0,,industrial,15
2017-12-21,Sholinganalur,0.595,3,12,0,0,,industrial,15
2017-12-22,Sholinganalur,0.579,4,12,0,0,,industrial,15
2017-12-23,Sholinganalur,0.534,5,12,1,0,,industrial,15
2017-12-24,Sholinganalur,0.608,6,12,1,1,Christmas,industrial,15
2017-12-25,Sholinganalur,0.708,0,12,0,1,Christmas,industrial,15
2017-12-26,Sholinganalur,0.648,1,12,0,1,Christmas,industrial,15
2017-12-27,Sholinganalur,0.615,2,12,0,0,,industrial,15
2017-12-28,Sholinganalur,0.595,3,12,0,0,,industrial,15
2017-12-29,Sholinganalur,0.593,4,12,0,0,,industrial,15
2017-12-30,Sholinganalur,0.661,5,12,1,1,New Year,industrial,15
2017-12-31,Sholinganalur,0.662,6,12,1,1,New Year,industrial,15
2018-01-01,Sholinganalur,0.595,0,1,0,0,,industrial,15
2018-01-02,Sholinganalur,0.581,1,1,0,0,,industrial,15
2018-01-03,Sholinganalur,0.614,2,1,0,0,,industrial,15
2018-01-04,Sholinganalur,0.564,3,1,0,0,,industrial,15
2018-01-05,Sholinganalur,0.573,4,1,0,0,,industrial,15
2018-01-06,Sholinganalur,0.566,5,1,1,0,,industrial,15
2018-01-07,Sholinganalur,0.544,6,1,1,0,,industrial,15
2018-01-08,Sholinganalur,0.614,0,1,0,0,,industrial,15
2018-01-09,Sholinganalur,0.605,1,1,0,0,,industrial,15
2018-01-10,Sholinganalur,0.574,2,1,0,0,,industrial,15
2018-01-11,Sholinganalur,0.56,3,1,0,0,,industrial,15
2018-01-12,Sholinganalur,0.618,4,1,0,1,Pongal,industrial,15
2018-01-13,Sholinganalur,0.669,5,1,1,1,Pongal,industrial,15
2018-01-14,Sholinganalur,0.718,6,1,1,1,Pongal,industrial,15
2018-01-15,Sholinganalur,0.723,0,1,0,1,Pongal,industrial,15
2018-01-16,Sholinganalur,0.623,1,1,0,1,Pongal,industrial,15
2018-01-17,Sholinganalur,0.582,2,1,0,0,,industrial,15
2018-01-18,Sholinganalur,0.606,3,1,0,0,,industrial,15
2018-01-19,Sholinganalur,0.572,4,1,0,0,,industrial,15
2018-01-20,Sholinganalur,0.537,5,1,1,0,,industrial,15
2018-01-21,Sholinganalur,0.529,6,1,1,0,,industrial,15
2018-01-22,Sholinganalur,0.609,0,1,0,0,,industrial,15
2018-01-23,Sholinganalur,0.592,1,1,0,0,,industrial,15
2018-01-24,Sholinganalur,0.624,2,1,0,0,,industrial,15
2018-01-25,Sholinganalur,0.59,3,1,0,0,,industrial,15
2018-01-26,Sholinganalur,0.644,4,1,0,1,Republic Day,industrial,15
2018-01-27,Sholinganalur,0.562,5,1,1,0,,industrial,15
2018-01-28,Sholinganalur,0.56,6,1,1,0,,industrial,15
2018-01-29,Sholinganalur,0.605,0,1,0,0,,industrial,15
2018-01-30,Sholinganalur,0.627,1,1,0,0,,industrial,15
2018-01-31,Sholinganalur,0.586,2,1,0,0,,industrial,15
2018-02-01,Sholinganalur,0.59,3,2,0,0,,industrial,15
2018-02-02,Sholinganalur,0.596,4,2,0,0,,industrial,15
2018-02-03,Sholinganalur,0.554,5,2,1,0,,industrial,15
2018-02-04,Sholinganalur,0.573,6,2,1,0,,industrial,15
2018-02-05,Sholinganalur,0.605,0,2,0,0,,industrial,15
2018-02-06,Sholinganalur,0.6,1,2,0,0,,industrial,15
2018-02-07,Sholinganalur,0.589,2,2,0,0,,industrial,15
2018-02-08,Sholinganalur,0.604,3,2,0,0,,industrial,15
2018-02-09,Sholinganalur,0.583,4,2,0,0,,industrial,15
2018-02-10,Sholinganalur,0.542,5,2,1,0,,industrial,15
2018-02-11,Sholinganalur,0.56,6,2,1,0,,industrial,15
2018-02-12,Sholinganalur,0.622,0,2,0,0,,industrial,15
2018-02-13,Sholinganalur,0.572,1,2,0,0,,industrial,15
2018-02-14,Sholinganalur,0.61,2,2,0,0,,industrial,15
2018-02-15,Sholinganalur,0.599,3,2,0,0,,industrial,15
2018-02-16,Sholinganalur,0.585,4,2,0,0,,industrial,15
2018-02-17,Sholinganalur,0.54,5,2,1,0,,industrial,15
2018-02-18,Sholinganalur,0.554,6,2,1,0,,industrial,15
2018-02-19,Sholinganalur,0.628,0,2,0,0,,industrial,15
2018-02-20,Sholinganalur,0.558,1,2,0,0,,industrial,15
2018-02-21,Sholinganalur,0.593,2,2,0,0,,industrial,15
2018-02-22,Sholinganalur,0.598,3,2,0,0,,industrial,15
2018-02-23,Sholinganalur,0.545,4,2,0,0,,industrial,15
2018-02-24,Sholinganalur,0.551,5,2,1,0,,industrial,15
2018-02-25,Sholinganalur,0.56,6,2,1,0,,industrial,15
2018-02-26,Sholinganalur,0.626,0,2,0,0,,industrial,15
2018-02-27,Sholinganalur,0.6,1,2,0,0,,industrial,15
2018-02-28,Sholinganalur,0.581,2,2,0,0,,industrial,15
2018-03-01,Sholinganalur,0.596,3,3,0,0,,industrial,15
2018-03-02,Sholinganalur,0.582,4,3,0,0,,industrial,15
2018-03-03,Sholinganalur,0.594,5,3,1,0,,industrial,15
2018-03-04,Sholinganalur,0.588,6,3,1,0,,industrial,15
2018-03-05,Sholinganalur,0.669,0,3,0,0,,industrial,15
2018-03-06,Sholinganalur,0.602,1,3,0,0,,industrial,15
2018-03-07,Sholinganalur,0.63,2,3,0,0,,industrial,15
2018-03-08,Sholinganalur,0.588,3,3,0,0,,industrial,15
2018-03-09,Sholinganalur,0.6,4,3,0,0,,industrial,15
2018-03-10,Sholinganalur,0.578,5,3,1,0,,industrial,15
2018-03-11,Sholinganalur,0.587,6,3,1,0,,industrial,15
2018-03-12,Sholinganalur,0.679,0,3,0,0,,industrial,15
2018-03-13,Sholinganalur,0.611,1,3,0,0,,industrial,15
2018-03-14,Sholinganalur,0.6,2,3,0,0,,industrial,15
2018-03-15,Sholinganalur,0.599,3,3,0,0,,industrial,15
2018-03-16,Sholinganalur,0.603,4,3,0,0,,industrial,15
2018-03-17,Sholinganalur,0.614,5,3,1,0,,industrial,15
2018-03-18,Sholinganalur,0.589,6,3,1,0,,industrial,15
2018-03-19,Sholinganalur,0.668,0,3,0,0,,industrial,15
2018-03-20,Sholinganalur,0.611,1,3,0,0,,industrial,15
2018-03-21,Sholinganalur,0.616,2,3,0,0,,industrial,15
2018-03-22,Sholinganalur,0.629,3,3,0,0,,industrial,15
2018-03-23,Sholinganalur,0.606,4,3,0,0,,industrial,15
2018-03-24,Sholinganalur,0.571,5,3,1,0,,industrial,15
2018-03-25,Sholinganalur,0.564,6,3,1,0,,industrial,15
2018-03-26,Sholinganalur,0.638,0,3,0,0,,industrial,15
2018-03-27,Sholinganalur,0.617,1,3,0,0,,industrial,15
2018-03-28,Sholinganalur,0.6,2,3,0,0,,industrial,15
2018-03-29,Sholinganalur,0.621,3,3,0,0,,industrial,15
2018-03-30,Sholinganalur,0.621,4,3,0,0,,industrial,15
2018-03-31,Sholinganalur,0.573,5,3,1,0,,industrial,15
2015-04-01,Teynampet,2.135,2,4,0,0,,commercial,9
2015-04-02,Teynampet,2.05,3,4,0,0,,commercial,9
2015-04-03,Teynampet,2.114,4,4,0,0,,commercial,9
2015-04-04,Teynampet,2.042,5,4,1,0,,commercial,9
2015-04-05,Teynampet,2.173,6,4,1,0,,commercial,9
2015-04-06,Teynampet,2.167,0,4,0,0,,commercial,9
2015-04-07,Teynampet,2.074,1,4,0,0,,commercial,9
2015-04-08,Teynampet,2.055,2,4,0,0,,commercial,9
2015-04-09,Teynampet,2.016,3,4,0,0,,commercial,9
2015-04-10,Teynampet,2.047,4,4,0,0,,commercial,9
2015-04-11,Teynampet,2.058,5,4,1,0,,commercial,9
2015-04-12,Teynampet,2.145,6,4,1,0,,commercial,9
2015-04-13,Teynampet,2.404,0,4,0,1,Tamil New Year,commercial,9
2015-04-14,Teynampet,2.444,1,4,0,1,Tamil New Year,commercial,9
2015-04-15,Teynampet,2.187,2,4,0,1,Tamil New Year,commercial,9
2015-04-16,Teynampet,1.941,3,4,0,0,,commercial,9
2015-04-17,Teynampet,2.085,4,4,0,0,,commercial,9
2015-04-18,Teynampet,2.013,5,4,1,0,,commercial,9
2015-04-19,Teynampet,2.104,6,4,1,0,,commercial,9
2015-04-20,Teynampet,2.374,0,4,0,1,Eid,commercial,9
2015-04-21,Teynampet,2.452,1,4,0,1,Eid,commercial,9
2015-04-22,Teynampet,2.282,2,4,0,1,Eid,commercial,9
2015-04-23,Teynampet,2.057,3,4,0,0,,commercial,9
2015-04-24,Teynampet,1.881,4,4,0,0,,commercial,9
2015-04-25,Teynampet,2.065,5,4,1,0,,commercial,9
2015-04-26,Teynampet,2.112,6,4,1,0,,commercial,9
2015-04-27,Teynampet,2.256,0,4,0,0,,commercial,9
2015-04-28,Teynampet,2.151,1,4,0,0,,commercial,9
2015-04-29,Teynampet,1.964,2,4,0,0,,commercial,9
2015-04-30,Teynampet,2.026,3,4,0,0,,commercial,9
2015-05-01,Teynampet,1.951,4,5,0,0,,commercial,9
2015-05-02,Teynampet,2.18,5,5,1,0,,commercial,9
2015-05-03,Teynampet,2.149,6,5,1,0,,commercial,9
2015-05-04,Teynampet,2.172,0,5,0,0,,commercial,9
2015-05-05,Teynampet,2.058,1,5,0,0,,commercial,9
2015-05-06,Teynampet,2.132,2,5,0,0,,commercial,9
2015-05-07,Teynampet,2.122,3,5,0,0,,commercial,9
2015-05-08,Teynampet,2.119,4,5,0,0,,commercial,9
2015-05-09,Teynampet,2.114,5,5,1,0,,commercial,9
2015-05-10,Teynampet,2.063,6,5,1,0,,commercial,9
2015-05-11,Teynampet,2.199,0,5,0,0,,commercial,9
2015-05-12,Teynampet,2.098,1,5,0,0,,commercial,9
2015-05-13,Teynampet,2.036,2,5,0,0,,commercial,9
2015-05-14,Teynampet,2.026,3,5,0,0,,commercial,9
2015-05-15,Teynampet,2.117,4,5,0,0,,commercial,9
2015-05-16,Teynampet,2.189,5,5,1,0,,commercial,9
2015-05-17,Teynampet,2.038,6,5,1,0,,commercial,9
2015-05-18,Teynampet,2.133,0,5,0,0,,commercial,9
2015-05-19,Teynampet,2.069,1,5,0,0,,commercial,9
2015-05-20,Teynampet,2.077,2,5,0,0,,commercial,9
2015-05-21,Teynampet,2.015,3,5,0,0,,commercial,9
2015-05-22,Teynampet,2.163,4,5,0,0,,commercial,9
2015-05-23,Teynampet,2.112,5,5,1,0,,commercial,9
2015-05-24,Teynampet,2.119,6,5,1,0,,commercial,9
2015-05-25,Teynampet,2.263,0,5,0,0,,commercial,9
2015-05-26,Teynampet,2.02,1,5,0,0,,commercial,9
2015-05-27,Teynampet,2.042,2,5,0,0,,commercial,9
2015-05-28,Teynampet,1.97,3,5,0,0,,commercial,9
2015-05-29,Teynampet,2.037,4,5,0,0,,commercial,9
2015-05-30,Teynampet,1.992,5,5,1,0,,commercial,9
2015-05-31,Teynampet,2.132,6,5,1,0,,commercial,9
2015-06-01,Teynampet,1.97,0,6,0,0,,commercial,9
2015-06-02,Teynampet,1.837,1,6,0,0,,commercial,9
2015-06-03,Teynampet,1.847,2,6,0,0,,commercial,9
2015-06-04,Teynampet,1.895,3,6,0,0,,commercial,9
2015-06-05,Teynampet,1.789,4,6,0,0,,commercial,9
2015-06-06,Teynampet,1.898,5,6,1,0,,commercial,9
2015-06-07,Teynampet,1.926,6,6,1,0,,commercial,9
2015-06-08,Teynampet,1.841,0,6,0,0,,commercial,9
2015-06-09,Teynampet,1.89,1,6,0,0,,commercial,9
2015-06-10,Teynampet,1.759,2,6,0,0,,commercial,9
2015-06-11,Teynampet,1.846,3,6,0,0,,commercial,9
2015-06-12,Teynampet,1.788,4,6,0,0,,commercial,9
2015-06-13,Teynampet,1.968,5,6,1,0,,commercial,9
2015-06-14,Teynampet,1.821,6,6,1,0,,commercial,9
2015-06-15,Teynampet,1.849,0,6,0,0,,commercial,9
2015-06-16,Teynampet,1.86,1,6,0,0,,commercial,9
2015-06-17,Teynampet,1.829,2,6,0,0,,commercial,9
2015-06-18,Teynampet,1.769,3,6,0,0,,commercial,9
2015-06-19,Teynampet,1.882,4,6,0,0,,commercial,9
2015-06-20,Teynampet,1.774,5,6,1,0,,commercial,9
2015-06-21,Teynampet,1.828,6,6,1,0,,commercial,9
2015-06-22,Teynampet,1.911,0,6,0,0,,commercial,9
2015-06-23,Teynampet,1.897,1,6,0,0,,commercial,9
2015-06-24,Teynampet,1.924,2,6,0,0,,commercial,9
2015-06-25,Teynampet,1.914,3,6,0,0,,commercial,9
2015-06-26,Teynampet,1.844,4,6,0,0,,commercial,9
2015-06-27,Teynampet,1.749,5,6,1,0,,commercial,9
2015-06-28,Teynampet,1.909,6,6,1,0,,commercial,9
2015-06-29,Teynampet,2.031,0,6,0,0,,commercial,9
2015-06-30,Teynampet,1.921,1,6,0,0,,commercial,9
2015-07-01,Teynampet,1.878,2,7,0,0,,commercial,9
2015-07-02,Teynampet,1.786,3,7,0,0,,commercial,9
2015-07-03,Teynampet,1.823,4,7,0,0,,commercial,9
2015-07-04,Teynampet,1.996,5,7,1,0,,commercial,9
2015-07-05,Teynampet,1.807,6,7,1,0,,commercial,9
2015-07-06,Teynampet,1.878,0,7,0,0,,commercial,9
2015-07-07,Teynampet,1.905,1,7,0,0,,commercial,9
2015-07-08,Teynampet,1.828,2,7,0,0,,commercial,9
2015-07-09,Teynampet,1.787,3,7,0,0,,commercial,9
2015-07-10,Teynampet,1.937,4,7,0,0,,commercial,9
2015-07-11,Teynampet,1.913,5,7,1,0,,commercial,9
2015-07-12,Teynampet,1.865,6,7,1,0,,commercial,9
2015-07-13,Teynampet,1.878,0,7,0,0,,commercial,9
2015-07-14,Teynampet,1.966,1,7,0,0,,commercial,9
2015-07-15,Teynampet,1.851,2,7,0,0,,commercial,9
2015-07-16,Teynampet,1.93,3,7,0,0,,commercial,9
2015-07-17,Teynampet,1.902,4,7,0,0,,commercial,9
2015-07-18,Teynampet,1.857,5,7,1,0,,commercial,9
2015-07-19,Teynampet,1.858,6,7,1,0,,commercial,9
2015-07-20,Teynampet,2.029,0,7,0,0,,commercial,9
2015-07-21,Teynampet,1.934,1,7,0,0,,commercial,9
2015-07-22,Teynampet,1.748,2,7,0,0,,commercial,9
2015-07-23,Teynampet,1.883,3,7,0,0,,commercial,9
2015-07-24,Teynampet,1.846,4,7,0,0,,commercial,9
2015-07-25,Teynampet,1.828,5,7,1,0,,commercial,9
2015-07-26,Teynampet,1.902,6,7,1,0,,commercial,9
2015-07-27,Teynampet,1.866,0,7,0,0,,commercial,9
2015-07-28,Teynampet,1.826,1,7,0,0,,commercial,9
2015-07-29,Teynampet,1.808,2,7,0,0,,commercial,9
2015-07-30,Teynampet,1.825,3,7,0,0,,commercial,9
2015-07-31,Teynampet,1.848,4,7,0,0,,commercial,9
2015-08-01,Teynampet,1.829,5,8,1,0,,commercial,9
2015-08-02,Teynampet,1.976,6,8,1,0,,commercial,9
2015-08-03,Teynampet,1.974,0,8,0,0,,commercial,9
2015-08-04,Teynampet,1.952,1,8,0,0,,commercial,9
2015-08-05,Teynampet,1.844,2,8,0,0,,commercial,9
2015-08-06,Teynampet,1.822,3,8,0,0,,commercial,9
2015-08-07,Teynampet,1.95,4,8,0,0,,commercial,9
2015-08-08,Teynampet,1.854,5,8,1,0,,commercial,9
2015-08-09,Teynampet,1.877,6,8,1,0,,commercial,9
2015-08-10,Teynampet,1.987,0,8,0,0,,commercial,9
2015-08-11,Teynampet,1.784,1,8,0,0,,commercial,9
2015-08-12,Teynampet,1.892,2,8,0,0,,commercial,9
2015-08-13,Teynampet,1.885,3,8,0,0,,commercial,9
2015-08-14,Teynampet,1.923,4,8,0,0,,commercial,9
2015-08-15,Teynampet,2.131,5,8,1,1,Independence,commercial,9
2015-08-16,Teynampet,1.96,6,8,1,0,,commercial,9
2015-08-17,Teynampet,1.939,0,8,0,0,,commercial,9
2015-08-18,Teynampet,1.804,1,8,0,0,,commercial,9
2015-08-19,Teynampet,1.97,2,8,0,0,,commercial,9
2015-08-20,Teynampet,1.768,3,8,0,0,,commercial,9
2015-08-21,Teynampet,1.773,4,8,0,0,,commercial,9
2015-08-22,Teynampet,1.919,5,8,1,0,,commercial,9
2015-08-23,Teynampet,1.979,6,8,1,0,,commercial,9
2015-08-24,Teynampet,1.956,0,8,0,0,,commercial,9
2015-08-25,Teynampet,1.908,1,8,0,0,,commercial,9
2015-08-26,Teynampet,1.742,2,8,0,0,,commercial,9
2015-08-27,Teynampet,1.825,3,8,0,0,,commercial,9
2015-08-28,Teynampet,1.748,4,8,0,0,,commercial,9
2015-08-29,Teynampet,1.931,5,8,1,0,,commercial,9
2015-08-30,Teynampet,1.799,6,8,1,0,,commercial,9
2015-08-31,Teynampet,1.87,0,8,0,0,,commercial,9
2015-09-01,Teynampet,1.881,1,9,0,0,,commercial,9
2015-09-02,Teynampet,1.911,2,9,0,0,,commercial,9
2015-09-03,Teynampet,1.844,3,9,0,0,,commercial,9
2015-09-04,Teynampet,1.884,4,9,0,0,,commercial,9
2015-09-05,Teynampet,1.917,5,9,1,0,,commercial,9
2015-09-06,Teynampet,1.875,6,9,1,0,,commercial,9
2015-09-07,Teynampet,1.881,0,9,0,0,,commercial,9
2015-09-08,Teynampet,2.104,1,9,0,1,Ganesh Chathurthi,commercial,9
2015-09-09,Teynampet,2.327,2,9,0,1,Ganesh Chathurthi,commercial,9
2015-09-10,Teynampet,2.568,3,9,0,1,Ganesh Chathurthi,commercial,9
2015-09-11,Teynampet,2.306,4,9,0,1,Ganesh Chathurthi,commercial,9
2015-09-12,Teynampet,2.033,5,9,1,1,Ganesh Chathurthi,commercial,9
2015-09-13,Teynampet,1.926,6,9,1,0,,commercial,9
2015-09-14,Teynampet,1.945,0,9,0,0,,commercial,9
2015-09-15,Teynampet,1.826,1,9,0,0,,commercial,9
2015-09-16,Teynampet,1.836,2,9,0,0,,commercial,9
2015-09-17,Teynampet,1.814,3,9,0,0,,commercial,9
2015-09-18,Teynampet,1.902,4,9,0,0,,commercial,9
2015-09-19,Teynampet,1.806,5,9,1,0,,commercial,9
2015-09-20,Teynampet,1.83,6,9,1,0,,commercial,9
2015-09-21,Teynampet,1.926,0,9,0,0,,commercial,9
2015-09-22,Teynampet,1.942,1,9,0,0,,commercial,9
2015-09-23,Teynampet,1.911,2,9,0,0,,commercial,9
2015-09-24,Teynampet,1.761,3,9,0,0,,commercial,9
2015-09-25,Teynampet,1.928,4,9,0,0,,commercial,9
2015-09-26,Teynampet,1.963,5,9,1,0,,commercial,9
2015-09-27,Teynampet,1.82,6,9,1,0,,commercial,9
2015-09-28,Teynampet,1.798,0,9,0,0,,commercial,9
2015-09-29,Teynampet,1.848,1,9,0,0,,commercial,9
2015-09-30,Teynampet,1.915,2,9,0,0,,commercial,9
2015-10-01,Teynampet,2.043,3,10,0,0,,commercial,9
2015-10-02,Teynampet,1.899,4,10,0,0,,commercial,9
2015-10-03,Teynampet,2.09,5,10,1,0,,commercial,9
2015-10-04,Teynampet,2.085,6,10,1,1,Dussehra,commercial,9
2015-10-05,Teynampet,2.531,0,10,0,1,Dussehra,commercial,9
2015-10-06,Teynampet,2.166,1,10,0,1,Dussehra,commercial,9
2015-10-07,Teynampet,2.017,2,10,0,0,,commercial,9
2015-10-08,Teynampet,2.026,3,10,0,0,,commercial,9
2015-10-09,Teynampet,2.006,4,10,0,0,,commercial,9
2015-10-10,Teynampet,1.906,5,10,1,0,,commercial,9
2015-10-11,Teynampet,2.037,6,10,1,0,,commercial,9
2015-10-12,Teynampet,2.079,0,10,0,0,,commercial,9
2015-10-13,Teynampet,1.852,1,10,0,0,,commercial,9
2015-10-14,Teynampet,1.829,2,10,0,0,,commercial,9
2015-10-15,Teynampet,2.011,3,10,0,0,,commercial,9
2015-10-16,Teynampet,1.939,4,10,0,0,,commercial,9
2015-10-17,Teynampet,1.909,5,10,1,0,,commercial,9
2015-10-18,Teynampet,1.974,6,10,1,0,,commercial,9
2015-10-19,Teynampet,2.07,0,10,0,0,,commercial,9
2015-10-20,Teynampet,1.945,1,10,0,0,,commercial,9
2015-10-21,Teynampet,1.859,2,10,0,0,,commercial,9
2015-10-22,Teynampet,2.335,3,10,0,1,Deepavali,commercial,9
2015-10-23,Teynampet,2.544,4,10,0,1,Deepavali,commercial,9
2015-10-24,Teynampet,2.752,5,10,1,1,Deepavali,commercial,9
2015-10-25,Teynampet,2.493,6,10,1,1,Deepavali,commercial,9
2015-10-26,Teynampet,2.345,0,10,0,1,Deepavali,commercial,9
2015-10-27,Teynampet,1.884,1,10,0,0,,commercial,9
2015-10-28,Teynampet,1.969,2,10,0,0,,commercial,9
2015-10-29,Teynampet,1.872,3,10,0,0,,commercial,9
2015-10-30,Teynampet,1.946,4,10,0,0,,commercial,9
2015-10-31,Teynampet,1.916,5,10,1,0,,commercial,9
2015-11-01,Teynampet,1.919,6,11,1,0,,commercial,9
2015-11-02,Teynampet,2.148,0,11,0,0,,commercial,9
2015-11-03,Teynampet,1.953,1,11,0,0,,commercial,9
2015-11-04,Teynampet,1.962,2,11,0,0,,commercial,9
2015-11-05,Teynampet,1.832,3,11,0,0,,commercial,9
2015-11-06,Teynampet,1.915,4,11,0,0,,commercial,9
2015-11-07,Teynampet,2.014,5,11,1,0,,commercial,9
2015-11-08,Teynampet,1.998,6,11,1,0,,commercial,9
2015-11-09,Teynampet,1.915,0,11,0,0,,commercial,9
2015-11-10,Teynampet,1.962,1,11,0,0,,commercial,9
2015-11-11,Teynampet,1.971,2,11,0,0,,commercial,9
2015-11-12,Teynampet,2.025,3,11,0,0,,commercial,9
2015-11-13,Teynampet,1.912,4,11,0,0,,commercial,9
2015-11-14,Teynampet,1.852,5,11,1,0,,commercial,9
2015-11-15,Teynampet,1.927,6,11,1,0,,commercial,9
2015-11-16,Teynampet,1.98,0,11,0,0,,commercial,9
2015-11-17,Teynampet,1.993,1,11,0,0,,commercial,9
2015-11-18,Teynampet,1.791,2,11,0,0,,commercial,9
2015-11-19,Teynampet,1.924,3,11,0,0,,commercial,9
2015-11-20,Teynampet,2.033,4,11,0,0,,commercial,9
2015-11-21,Teynampet,1.986,5,11,1,0,,commercial,9
2015-11-22,Teynampet,2.039,6,11,1,0,,commercial,9
2015-11-23,Teynampet,1.947,0,11,0,0,,commercial,9
2015-11-24,Teynampet,1.856,1,11,0,0,,commercial,9
2015-11-25,Teynampet,2.034,2,11,0,0,,commercial,9
2015-11-26,Teynampet,1.956,3,11,0,0,,commercial,9
2015-11-27,Teynampet,1.956,4,11,0,0,,commercial,9
2015-11-28,Teynampet,1.919,5,11,1,0,,commercial,9
2015-11-29,Teynampet,1.992,6,11,1,0,,commercial,9
2015-11-30,Teynampet,1.977,0,11,0,0,,commercial,9
2015-12-01,Teynampet,2.019,1,12,0,0,,commercial,9
2015-12-02,Teynampet,2.109,2,12,0,0,,commercial,9
2015-12-03,Teynampet,1.978,3,12,0,0,,commercial,9
2015-12-04,Teynampet,1.913,4,12,0,0,,commercial,9
2015-12-05,Teynampet,1.835,5,12,1,0,,commercial,9
2015-12-06,Teynampet,1.886,6,12,1,0,,commercial,9
2015-12-07,Teynampet,2.143,0,12,0,0,,commercial,9
2015-12-08,Teynampet,1.89,1,12,0,0,,commercial,9
2015-12-09,Teynampet,1.928,2,12,0,0,,commercial,9
2015-12-10,Teynampet,1.988,3,12,0,0,,commercial,9
2015-12-11,Teynampet,2.037,4,12,0,0,,commercial,9
2015-12-12,Teynampet,1.974,5,12,1,0,,commercial,9
2015-12-13,Teynampet,1.962,6,12,1,0,,commercial,9
2015-12-14,Teynampet,2.052,0,12,0,0,,commercial,9
2015-12-15,Teynampet,1.913,1,12,0,0,,commercial,9
2015-12-16,Teynampet,1.916,2,12,0,0,,commercial,9
2015-12-17,Teynampet,1.974,3,12,0,0,,commercial,9
2015-12-18,Teynampet,1.961,4,12,0,0,,commercial,9
2015-12-19,Teynampet,2.113,5,12,1,0,,commercial,9
2015-12-20,Teynampet,2.012,6,12,1,0,,commercial,9
2015-12-21,Teynampet,2.118,0,12,0,0,,commercial,9
2015-12-22,Teynampet,1.887,1,12,0,0,,commercial,9
2015-12-23,Teynampet,1.981,2,12,0,0,,commercial,9
2015-12-24,Teynampet,2.051,3,12,0,1,Christmas,commercial,9
2015-12-25,Teynampet,2.269,4,12,0,1,Christmas,commercial,9
2015-12-26,Teynampet,2.179,5,12,1,1,Christmas,commercial,9
2015-12-27,Teynampet,1.989,6,12,1,0,,commercial,9
2015-12-28,Teynampet,2.195,0,12,0,0,,commercial,9
2015-12-29,Teynampet,2.033,1,12,0,0,,commercial,9
2015-12-30,Teynampet,2.221,2,12,0,1,New Year,commercial,9
2015-12-31,Teynampet,2.394,3,12,0,1,New Year,commercial,9
2016-01-01,Teynampet,2.053,4,1,0,0,,commercial,9
2016-01-02,Teynampet,1.9,5,1,1,0,,commercial,9
2016-01-03,Teynampet,2.068,6,1,1,0,,commercial,9
2016-01-04,Teynampet,1.987,0,1,0,0,,commercial,9
2016-01-05,Teynampet,1.917,1,1,0,0,,commercial,9
2016-01-06,Teynampet,1.983,2,1,0,0,,commercial,9
2016-01-07,Teynampet,2.022,3,1,0,0,,commercial,9
2016-01-08,Teynampet,1.882,4,1,0,0,,commercial,9
2016-01-09,Teynampet,1.955,5,1,1,0,,commercial,9
2016-01-10,Teynampet,1.992,6,1,1,0,,commercial,9
2016-01-11,Teynampet,2.036,0,1,0,0,,commercial,9
2016-01-12,Teynampet,2.2,1,1,0,1,Pongal,commercial,9
2016-01-13,Teynampet,2.581,2,1,0,1,Pongal,commercial,9
2016-01-14,Teynampet,2.567,3,1,0,1,Pongal,commercial,9
2016-01-15,Teynampet,2.288,4,1,0,1,Pongal,commercial,9
2016-01-16,Teynampet,2.1,5,1,1,1,Pongal,commercial,9
2016-01-17,Teynampet,1.967,6,1,1,0,,commercial,9
2016-01-18,Teynampet,1.99,0,1,0,0,,commercial,9
2016-01-19,Teynampet,1.977,1,1,0,0,,commercial,9
2016-01-20,Teynampet,1.976,2,1,0,0,,commercial,9
2016-01-21,Teynampet,1.923,3,1,0,0,,commercial,9
2016-01-22,Teynampet,2.066,4,1,0,0,,commercial,9
2016-01-23,Teynampet,1.942,5,1,1,0,,commercial,9
2016-01-24,Teynampet,1.979,6,1,1,0,,commercial,9
2016-01-25,Teynampet,2.087,0,1,0,0,,commercial,9
2016-01-26,Teynampet,2.202,1,1,0,1,Republic Day,commercial,9
2016-01-27,Teynampet,2.025,2,1,0,0,,commercial,9
2016-01-28,Teynampet,1.975,3,1,0,0,,commercial,9
2016-01-29,Teynampet,2.011,4,1,0,0,,commercial,9
2016-01-30,Teynampet,1.946,5,1,1,0,,commercial,9
2016-01-31,Teynampet,2.041,6,1,1,0,,commercial,9
2016-02-01,Teynampet,2.103,0,2,0,0,,commercial,9
2016-02-02,Teynampet,2.038,1,2,0,0,,commercial,9
2016-02-03,Teynampet,1.852,2,2,0,0,,commercial,9
2016-02-04,Teynampet,1.897,3,2,0,0,,commercial,9
2016-02-05,Teynampet,1.998,4,2,0,0,,commercial,9
2016-02-06,Teynampet,1.828,5,2,1,0,,commercial,9
2016-02-07,Teynampet,2.015,6,2,1,0,,commercial,9
2016-02-08,Teynampet,2.113,0,2,0,0,,commercial,9
2016-02-09,Teynampet,1.916,1,2,0,0,,commercial,9
2016-02-10,Teynampet,1.925,2,2,0,0,,commercial,9
2016-02-11,Teynampet,1.887,3,2,0,0,,commercial,9
2016-02-12,Teynampet,1.919,4,2,0,0,,commercial,9
2016-02-13,Teynampet,1.957,5,2,1,0,,commercial,9
2016-02-14,Teynampet,1.945,6,2,1,0,,commercial,9
2016-02-15,Teynampet,2.002,0,2,0,0,,commercial,9
2016-02-16,Teynampet,1.934,1,2,0,0,,commercial,9
2016-02-17,Teynampet,1.933,2,2,0,0,,commercial,9
2016-02-18,Teynampet,2.06,3,2,0,0,,commercial,9
2016-02-19,Teynampet,1.927,4,2,0,0,,commercial,9
2016-02-20,Teynampet,2.007,5,2,1,0,,commercial,9
2016-02-21,Teynampet,1.952,6,2,1,0,,commercial,9
2016-02-22,Teynampet,2.011,0,2,0,0,,commercial,9
2016-02-23,Teynampet,1.85,1,2,0,0,,commercial,9
2016-02-24,Teynampet,1.858,2,2,0,0,,commercial,9
2016-02-25,Teynampet,1.879,3,2,0,0,,commercial,9
2016-02-26,Teynampet,1.961,4,2,0,0,,commercial,9
2016-02-27,Teynampet,2.05,5,2,1,0,,commercial,9
2016-02-28,Teynampet,1.88,6,2,1,0,,commercial,9
2016-02-29,Teynampet,2.014,0,2,0,0,,commercial,9
2016-03-01,Teynampet,1.963,1,3,0,0,,commercial,9
2016-03-02,Teynampet,2.031,2,3,0,0,,commercial,9
2016-03-03,Teynampet,2.113,3,3,0,0,,commercial,9
2016-03-04,Teynampet,2.02,4,3,0,0,,commercial,9
2016-03-05,Teynampet,2.082,5,3,1,0,,commercial,9
2016-03-06,Teynampet,2.176,6,3,1,0,,commercial,9
2016-03-07,Teynampet,2.179,0,3,0,0,,commercial,9
2016-03-08,Teynampet,2.001,1,3,0,0,,commercial,9
2016-03-09,Teynampet,2.057,2,3,0,0,,commercial,9
2016-03-10,Teynampet,1.997,3,3,0,0,,commercial,9
2016-03-11,Teynampet,2.073,4,3,0,0,,commercial,9
2016-03-12,Teynampet,2.118,5,3,1,0,,commercial,9
2016-03-13,Teynampet,2.0,6,3,1,0,,commercial,9
2016-03-14,Teynampet,2.161,0,3,0,0,,commercial,9
2016-03-15,Teynampet,2.04,1,3,0,0,,commercial,9
2016-03-16,Teynampet,2.081,2,3,0,0,,commercial,9
2016-03-17,Teynampet,2.098,3,3,0,0,,commercial,9
2016-03-18,Teynampet,2.077,4,3,0,0,,commercial,9
2016-03-19,Teynampet,2.066,5,3,1,0,,commercial,9
2016-03-20,Teynampet,2.144,6,3,1,0,,commercial,9
2016-03-21,Teynampet,2.093,0,3,0,0,,commercial,9
2016-03-22,Teynampet,1.966,1,3,0,0,,commercial,9
2016-03-23,Teynampet,1.851,2,3,0,0,,commercial,9
2016-03-24,Teynampet,2.043,3,3,0,0,,commercial,9
2016-03-25,Teynampet,1.997,4,3,0,0,,commercial,9
2016-03-26,Teynampet,2.11,5,3,1,0,,commercial,9
2016-03-27,Teynampet,1.962,6,3,1,0,,commercial,9
2016-03-28,Teynampet,2.108,0,3,0,0,,commercial,9
2016-03-29,Teynampet,2.076,1,3,0,0,,commercial,9
2016-03-30,Teynampet,1.984,2,3,0,0,,commercial,9
2016-04-01,Teynampet,2.12,4,4,0,0,,commercial,9
2016-04-02,Teynampet,2.097,5,4,1,0,,commercial,9
2016-04-03,Teynampet,2.131,6,4,1,0,,commercial,9
2016-04-04,Teynampet,2.238,0,4,0,0,,commercial,9
2016-04-05,Teynampet,2.154,1,4,0,0,,commercial,9
2016-04-06,Teynampet,2.1,2,4,0,0,,commercial,9
2016-04-07,Teynampet,2.043,3,4,0,0,,commercial,9
2016-04-08,Teynampet,2.065,4,4,0,0,,commercial,9
2016-04-09,Teynampet,2.174,5,4,1,0,,commercial,9
2016-04-10,Teynampet,2.067,6,4,1,0,,commercial,9
2016-04-11,Teynampet,2.187,0,4,0,0,,commercial,9
2016-04-12,Teynampet,2.07,1,4,0,0,,commercial,9
2016-04-13,Teynampet,2.348,2,4,0,1,Tamil New Year,commercial,9
2016-04-14,Teynampet,2.538,3,4,0,1,Tamil New Year,commercial,9
2016-04-15,Teynampet,2.225,4,4,0,1,Tamil New Year,commercial,9
2016-04-16,Teynampet,2.166,5,4,1,0,,commercial,9
2016-04-17,Teynampet,2.194,6,4,1,0,,commercial,9
2016-04-18,Teynampet,2.081,0,4,0,0,,commercial,9
2016-04-19,Teynampet,2.117,1,4,0,0,,commercial,9
2016-04-20,Teynampet,2.378,2,4,0,1,Eid,commercial,9
2016-04-21,Teynampet,2.558,3,4,0,1,Eid,commercial,9
2016-04-22,Teynampet,2.275,4,4,0,1,Eid,commercial,9
2016-04-23,Teynampet,2.072,5,4,1,0,,commercial,9
2016-04-24,Teynampet,2.138,6,4,1,0,,commercial,9
2016-04-25,Teynampet,2.215,0,4,0,0,,commercial,9
2016-04-26,Teynampet,2.1,1,4,0,0,,commercial,9
2016-04-27,Teynampet,2.083,2,4,0,0,,commercial,9
2016-04-28,Teynampet,2.026,3,4,0,0,,commercial,9
2016-04-29,Teynampet,2.121,4,4,0,0,,commercial,9
2016-04-30,Teynampet,2.163,5,4,1,0,,commercial,9
2016-05-01,Teynampet,2.146,6,5,1,0,,commercial,9
2016-05-02,Teynampet,2.206,0,5,0,0,,commercial,9
2016-05-03,Teynampet,2.2,1,5,0,0,,commercial,9
2016-05-04,Teynampet,2.055,2,5,0,0,,commercial,9
2016-05-05,Teynampet,2.175,3,5,0,0,,commercial,9
2016-05-06,Teynampet,2.048,4,5,0,0,,commercial,9
2016-05-07,Teynampet,2.204,5,5,1,0,,commercial,9
2016-05-08,Teynampet,2.212,6,5,1,0,,commercial,9
2016-05-09,Teynampet,2.179,0,5,0,0,,commercial,9
2016-05-10,Teynampet,2.198,1,5,0,0,,commercial,9
2016-05-11,Teynampet,2.123,2,5,0,0,,commercial,9
2016-05-12,Teynampet,2.039,3,5,0,0,,commercial,9
2016-05-13,Teynampet,2.071,4,5,0,0,,commercial,9
2016-05-14,Teynampet,2.205,5,5,1,0,,commercial,9
2016-05-15,Teynampet,2.192,6,5,1,0,,commercial,9
2016-05-16,Teynampet,2.129,0,5,0,0,,commercial,9
2016-05-17,Teynampet,2.085,1,5,0,0,,commercial,9
2016-05-18,Teynampet,2.107,2,5,0,0,,commercial,9
2016-05-19,Teynampet,2.062,3,5,0,0,,commercial,9
2016-05-20,Teynampet,2.242,4,5,0,0,,commercial,9
2016-05-21,Teynampet,2.148,5,5,1,0,,commercial,9
2016-05-22,Teynampet,2.129,6,5,1,0,,commercial,9
2016-05-23,Teynampet,2.277,0,5,0,0,,commercial,9
2016-05-24,Teynampet,2.071,1,5,0,0,,commercial,9
2016-05-25,Teynampet,2.157,2,5,0,0,,commercial,9
2016-05-26,Teynampet,1.989,3,5,0,0,,commercial,9
2016-05-27,Teynampet,2.066,4,5,0,0,,commercial,9
2016-05-28,Teynampet,2.2,5,5,1,0,,commercial,9
2016-05-29,Teynampet,2.233,6,5,1,0,,commercial,9
2016-05-30,Teynampet,2.148,0,5,0,0,,commercial,9
2016-05-31,Teynampet,2.038,1,5,0,0,,commercial,9
2016-06-01,Teynampet,1.927,2,6,0,0,,commercial,9
2016-06-02,Teynampet,1.859,3,6,0,0,,commercial,9
2016-06-03,Teynampet,1.879,4,6,0,0,,commercial,9
2016-06-04,Teynampet,1.98,5,6,1,0,,commercial,9
2016-06-05,Teynampet,1.898,6,6,1,0,,commercial,9
2016-06-06,Teynampet,1.872,0,6,0,0,,commercial,9
2016-06-07,Teynampet,1.821,1,6,0,0,,commercial,9
2016-06-08,Teynampet,1.895,2,6,0,0,,commercial,9
2016-06-09,Teynampet,1.789,3,6,0,0,,commercial,9
2016-06-10,Teynampet,1.878,4,6,0,0,,commercial,9
2016-06-11,Teynampet,1.849,5,6,1,0,,commercial,9
2016-06-12,Teynampet,2.025,6,6,1,0,,commercial,9
2016-06-13,Teynampet,2.119,0,6,0,0,,commercial,9
2016-06-14,Teynampet,1.834,1,6,0,0,,commercial,9
2016-06-15,Teynampet,1.909,2,6,0,0,,commercial,9
2016-06-16,Teynampet,1.84,3,6,0,0,,commercial,9
2016-06-17,Teynampet,1.877,4,6,0,0,,commercial,9
2016-06-18,Teynampet,2.034,5,6,1,0,,commercial,9
2016-06-19,Teynampet,1.903,6,6,1,0,,commercial,9
2016-06-20,Teynampet,1.972,0,6,0,0,,commercial,9
2016-06-21,Teynampet,1.841,1,6,0,0,,commercial,9
2016-06-22,Teynampet,1.96,2,6,0,0,,commercial,9
2016-06-23,Teynampet,1.709,3,6,0,0,,commercial,9
2016-06-24,Teynampet,1.869,4,6,0,0,,commercial,9
2016-06-25,Teynampet,1.927,5,6,1,0,,commercial,9
2016-06-26,Teynampet,1.891,6,6,1,0,,commercial,9
2016-06-27,Teynampet,2.041,0,6,0,0,,commercial,9
2016-06-28,Teynampet,1.963,1,6,0,0,,commercial,9
2016-06-29,Teynampet,1.814,2,6,0,0,,commercial,9
2016-06-30,Teynampet,2.014,3,6,0,0,,commercial,9
2016-07-01,Teynampet,1.814,4,7,0,0,,commercial,9
2016-07-02,Teynampet,2.004,5,7,1,0,,commercial,9
2016-07-03,Teynampet,1.938,6,7,1,0,,commercial,9
2016-07-04,Teynampet,1.959,0,7,0,0,,commercial,9
2016-07-05,Teynampet,1.871,1,7,0,0,,commercial,9
2016-07-06,Teynampet,1.893,2,7,0,0,,commercial,9
2016-07-07,Teynampet,1.906,3,7,0,0,,commercial,9
2016-07-08,Teynampet,1.842,4,7,0,0,,commercial,9
2016-07-09,Teynampet,1.916,5,7,1,0,,commercial,9
2016-07-10,Teynampet,1.885,6,7,1,0,,commercial,9
2016-07-11,Teynampet,1.917,0,7,0,0,,commercial,9
2016-07-12,Teynampet,1.848,1,7,0,0,,commercial,9
2016-07-13,Teynampet,1.829,2,7,0,0,,commercial,9
2016-07-14,Teynampet,1.871,3,7,0,0,,commercial,9
2016-07-15,Teynampet,1.919,4,7,0,0,,commercial,9
2016-07-16,Teynampet,1.937,5,7,1,0,,commercial,9
2016-07-17,Teynampet,2.044,6,7,1,0,,commercial,9
2016-07-18,Teynampet,1.857,0,7,0,0,,commercial,9
2016-07-19,Teynampet,1.921,1,7,0,0,,commercial,9
2016-07-20,Teynampet,1.895,2,7,0,0,,commercial,9
2016-07-21,Teynampet,1.941,3,7,0,0,,commercial,9
2016-07-22,Teynampet,1.935,4,7,0,0,,commercial,9
2016-07-23,Teynampet,1.92,5,7,1,0,,commercial,9
2016-07-24,Teynampet,1.94,6,7,1,0,,commercial,9
2016-07-25,Teynampet,1.945,0,7,0,0,,commercial,9
2016-07-26,Teynampet,1.929,1,7,0,0,,commercial,9
2016-07-27,Teynampet,1.788,2,7,0,0,,commercial,9
2016-07-28,Teynampet,1.939,3,7,0,0,,commercial,9
2016-07-29,Teynampet,1.893,4,7,0,0,,commercial,9
2016-07-30,Teynampet,1.901,5,7,1,0,,commercial,9
2016-07-31,Teynampet,1.916,6,7,1,0,,commercial,9
2016-08-01,Teynampet,1.98,0,8,0,0,,commercial,9
2016-08-02,Teynampet,1.968,1,8,0,0,,commercial,9
2016-08-03,Teynampet,2.078,2,8,0,0,,commercial,9
2016-08-04,Teynampet,1.964,3,8,0,0,,commercial,9
2016-08-05,Teynampet,1.862,4,8,0,0,,commercial,9
2016-08-06,Teynampet,1.966,5,8,1,0,,commercial,9
2016-08-07,Teynampet,1.969,6,8,1,0,,commercial,9
2016-08-08,Teynampet,1.934,0,8,0,0,,commercial,9
2016-08-09,Teynampet,1.823,1,8,0,0,,commercial,9
2016-08-10,Teynampet,1.891,2,8,0,0,,commercial,9
2016-08-11,Teynampet,1.94,3,8,0,0,,commercial,9
2016-08-12,Teynampet,1.803,4,8,0,0,,commercial,9
2016-08-13,Teynampet,1.888,5,8,1,0,,commercial,9
2016-08-14,Teynampet,1.963,6,8,1,0,,commercial,9
2016-08-15,Teynampet,2.191,0,8,0,1,Independence,commercial,9
2016-08-16,Teynampet,1.975,1,8,0,0,,commercial,9
2016-08-17,Teynampet,1.814,2,8,0,0,,commercial,9
2016-08-18,Teynampet,2.028,3,8,0,0,,commercial,9
2016-08-19,Teynampet,1.807,4,8,0,0,,commercial,9
2016-08-20,Teynampet,1.812,5,8,1,0,,commercial,9
2016-08-21,Teynampet,1.926,6,8,1,0,,commercial,9
2016-08-22,Teynampet,1.922,0,8,0,0,,commercial,9
2016-08-23,Teynampet,1.892,1,8,0,0,,commercial,9
2016-08-24,Teynampet,1.89,2,8,0,0,,commercial,9
2016-08-25,Teynampet,1.883,3,8,0,0,,commercial,9
2016-08-26,Teynampet,1.847,4,8,0,0,,commercial,9
2016-08-27,Teynampet,1.955,5,8,1,0,,commercial,9
2016-08-28,Teynampet,1.911,6,8,1,0,,commercial,9
2016-08-29,Teynampet,2.055,0,8,0,0,,commercial,9
2016-08-30,Teynampet,1.884,1,8,0,0,,commercial,9
2016-08-31,Teynampet,1.84,2,8,0,0,,commercial,9
2016-09-01,Teynampet,1.799,3,9,0,0,,commercial,9
2016-09-02,Teynampet,1.885,4,9,0,0,,commercial,9
2016-09-03,Teynampet,1.856,5,9,1,0,,commercial,9
2016-09-04,Teynampet,1.852,6,9,1,0,,commercial,9
2016-09-05,Teynampet,2.021,0,9,0,0,,commercial,9
2016-09-06,Teynampet,1.794,1,9,0,0,,commercial,9
2016-09-07,Teynampet,1.975,2,9,0,0,,commercial,9
2016-09-08,Teynampet,2.126,3,9,0,1,Ganesh Chathurthi,commercial,9
2016-09-09,Teynampet,2.334,4,9,0,1,Ganesh Chathurthi,commercial,9
2016-09-10,Teynampet,2.524,5,9,1,1,Ganesh Chathurthi,commercial,9
2016-09-11,Teynampet,2.435,6,9,1,1,Ganesh Chathurthi,commercial,9
2016-09-12,Teynampet,2.221,0,9,0,1,Ganesh Chathurthi,commercial,9
2016-09-13,Teynampet,1.856,1,9,0,0,,commercial,9
2016-09-14,Teynampet,1.906,2,9,0,0,,commercial,9
2016-09-15,Teynampet,1.799,3,9,0,0,,commercial,9
2016-09-16,Teynampet,1.802,4,9,0,0,,commercial,9
2016-09-17,Teynampet,1.865,5,9,1,0,,commercial,9
2016-09-18,Teynampet,1.95,6,9,1,0,,commercial,9
2016-09-19,Teynampet,1.989,0,9,0,0,,commercial,9
2016-09-20,Teynampet,1.954,1,9,0,0,,commercial,9
2016-09-21,Teynampet,1.842,2,9,0,0,,commercial,9
2016-09-22,Teynampet,1.927,3,9,0,0,,commercial,9
2016-09-23,Teynampet,1.888,4,9,0,0,,commercial,9
2016-09-24,Teynampet,1.875,5,9,1,0,,commercial,9
2016-09-25,Teynampet,1.952,6,9,1,0,,commercial,9
2016-09-26,Teynampet,1.985,0,9,0,0,,commercial,9
2016-09-27,Teynampet,1.859,1,9,0,0,,commercial,9
2016-09-28,Teynampet,1.897,2,9,0,0,,commercial,9
2016-09-29,Teynampet,1.887,3,9,0,0,,commercial,9
2016-09-30,Teynampet,1.886,4,9,0,0,,commercial,9
2016-10-01,Teynampet,2.006,5,10,1,0,,commercial,9
2016-10-02,Teynampet,1.952,6,10,1,0,,commercial,9
2016-10-03,Teynampet,2.099,0,10,0,0,,commercial,9
2016-10-04,Teynampet,2.19,1,10,0,1,Dussehra,commercial,9
2016-10-05,Teynampet,2.417,2,10,0,1,Dussehra,commercial,9
2016-10-06,Teynampet,2.227,3,10,0,1,Dussehra,commercial,9
2016-10-07,Teynampet,2.038,4,10,0,0,,commercial,9
2016-10-08,Teynampet,2.043,5,10,1,0,,commercial,9
2016-10-09,Teynampet,1.999,6,10,1,0,,commercial,9
2016-10-10,Teynampet,2.058,0,10,0,0,,commercial,9
2016-10-11,Teynampet,2.032,1,10,0,0,,commercial,9
2016-10-12,Teynampet,1.851,2,10,0,0,,commercial,9
2016-10-13,Teynampet,2.042,3,10,0,0,,commercial,9
2016-10-14,Teynampet,1.882,4,10,0,0,,commercial,9
2016-10-15,Teynampet,1.945,5,10,1,0,,commercial,9
2016-10-16,Teynampet,2.0,6,10,1,0,,commercial,9
2016-10-17,Teynampet,2.23,0,10,0,0,,commercial,9
2016-10-18,Teynampet,2.095,1,10,0,0,,commercial,9
2016-10-19,Teynampet,2.037,2,10,0,0,,commercial,9
2016-10-20,Teynampet,2.016,3,10,0,0,,commercial,9
2016-10-21,Teynampet,1.883,4,10,0,0,,commercial,9
2016-10-22,Teynampet,2.313,5,10,1,1,Deepavali,commercial,9
2016-10-23,Teynampet,2.531,6,10,1,1,Deepavali,commercial,9
2016-10-24,Teynampet,2.86,0,10,0,1,Deepavali,commercial,9
2016-10-25,Teynampet,2.538,1,10,0,1,Deepavali,commercial,9
2016-10-26,Teynampet,2.228,2,10,0,1,Deepavali,commercial,9
2016-10-27,Teynampet,2.046,3,10,0,0,,commercial,9
2016-10-28,Teynampet,1.878,4,10,0,0,,commercial,9
2016-10-29,Teynampet,2.036,5,10,1,0,,commercial,9
2016-10-30,Teynampet,1.978,6,10,1,0,,commercial,9
2016-10-31,Teynampet,2.068,0,10,0,0,,commercial,9
2016-11-01,Teynampet,2.013,1,11,0,0,,commercial,9
2016-11-02,Teynampet,1.927,2,11,0,0,,commercial,9
2016-11-03,Teynampet,2.004,3,11,0,0,,commercial,9
2016-11-04,Teynampet,1.982,4,11,0,0,,commercial,9
2016-11-05,Teynampet,1.991,5,11,1,0,,commercial,9
2016-11-06,Teynampet,2.003,6,11,1,0,,commercial,9
2016-11-07,Teynampet,2.084,0,11,0,0,,commercial,9
2016-11-08,Teynampet,1.948,1,11,0,0,,commercial,9
2016-11-09,Teynampet,1.995,2,11,0,0,,commercial,9
2016-11-10,Teynampet,1.978,3,11,0,0,,commercial,9
2016-11-11,Teynampet,1.958,4,11,0,0,,commercial,9
2016-11-12,Teynampet,2.128,5,11,1,0,,commercial,9
2016-11-13,Teynampet,2.057,6,11,1,0,,commercial,9
2016-11-14,Teynampet,2.07,0,11,0,0,,commercial,9
2016-11-15,Teynampet,2.003,1,11,0,0,,commercial,9
2016-11-16,Teynampet,1.933,2,11,0,0,,commercial,9
2016-11-17,Teynampet,1.968,3,11,0,0,,commercial,9
2016-11-18,Teynampet,1.975,4,11,0,0,,commercial,9
2016-11-19,Teynampet,1.955,5,11,1,0,,commercial,9
2016-11-20,Teynampet,2.055,6,11,1,0,,commercial,9
2016-11-21,Teynampet,2.062,0,11,0,0,,commercial,9
2016-11-22,Teynampet,1.973,1,11,0,0,,commercial,9
2016-11-23,Teynampet,1.96,2,11,0,0,,commercial,9
2016-11-24,Teynampet,2.171,3,11,0,0,,commercial,9
2016-11-25,Teynampet,1.955,4,11,0,0,,commercial,9
2016-11-26,Teynampet,1.905,5,11,1,0,,commercial,9
2016-11-27,Teynampet,1.934,6,11,1,0,,commercial,9
2016-11-28,Teynampet,2.142,0,11,0,0,,commercial,9
2016-11-29,Teynampet,2.074,1,11,0,0,,commercial,9
2016-11-30,Teynampet,1.954,2,11,0,0,,commercial,9
2016-12-01,Teynampet,2.071,3,12,0,0,,commercial,9
2016-12-02,Teynampet,2.039,4,12,0,0,,commercial,9
2016-12-03,Teynampet,2.02,5,12,1,0,,commercial,9
2016-12-04,Teynampet,2.015,6,12,1,0,,commercial,9
2016-12-05,Teynampet,2.105,0,12,0,0,,commercial,9
2016-12-06,Teynampet,2.047,1,12,0,0,,commercial,9
2016-12-07,Teynampet,2.018,2,12,0,0,,commercial,9
2016-12-08,Teynampet,1.954,3,12,0,0,,commercial,9
2016-12-09,Teynampet,1.984,4,12,0,0,,commercial,9
2016-12-10,Teynampet,2.152,5,12,1,0,,commercial,9
2016-12-11,Teynampet,2.047,6,12,1,0,,commercial,9
2016-12-12,Teynampet,2.149,0,12,0,0,,commercial,9
2016-12-13,Teynampet,2.027,1,12,0,0,,commercial,9
2016-12-14,Teynampet,2.011,2,12,0,0,,commercial,9
2016-12-15,Teynampet,2.001,3,12,0,0,,commercial,9
2016-12-16,Teynampet,2.048,4,12,0,0,,commercial,9
2016-12-17,Teynampet,2.075,5,12,1,0,,commercial,9
2016-12-18,Teynampet,2.047,6,12,1,0,,commercial,9
2016-12-19,Teynampet,2.05,0,12,0,0,,commercial,9
2016-12-20,Teynampet,2.017,1,12,0,0,,commercial,9
2016-12-21,Teynampet,1.99,2,12,0,0,,commercial,9
2016-12-22,Teynampet,1.976,3,12,0,0,,commercial,9
2016-12-23,Teynampet,2.155,4,12,0,0,,commercial,9
2016-12-24,Teynampet,2.083,5,12,1,1,Christmas,commercial,9
2016-12-25,Teynampet,2.403,6,12,1,1,Christmas,commercial,9
2016-12-26,Teynampet,2.193,0,12,0,1,Christmas,commercial,9
2016-12-27,Teynampet,2.002,1,12,0,0,,commercial,9
2016-12-28,Teynampet,2.148,2,12,0,0,,commercial,9
2016-12-29,Teynampet,1.937,3,12,0,0,,commercial,9
2016-12-30,Teynampet,2.146,4,12,0,1,New Year,commercial,9
2016-12-31,Teynampet,2.436,5,12,1,1,New Year,commercial,9
2017-01-01,Teynampet,1.98,6,1,1,0,,commercial,9
2017-01-02,Teynampet,2.15,0,1,0,0,,commercial,9
2017-01-03,Teynampet,1.962,1,1,0,0,,commercial,9
2017-01-04,Teynampet,2.033,2,1,0,0,,commercial,9
2017-01-05,Teynampet,1.915,3,1,0,0,,commercial,9
2017-01-06,Teynampet,1.886,4,1,0,0,,commercial,9
2017-01-07,Teynampet,2.017,5,1,1,0,,commercial,9
2017-01-08,Teynampet,1.936,6,1,1,0,,commercial,9
2017-01-09,Teynampet,2.189,0,1,0,0,,commercial,9
2017-01-10,Teynampet,1.903,1,1,0,0,,commercial,9
2017-01-11,Teynampet,1.932,2,1,0,0,,commercial,9
2017-01-12,Teynampet,2.221,3,1,0,1,Pongal,commercial,9
2017-01-13,Teynampet,2.351,4,1,0,1,Pongal,commercial,9
2017-01-14,Teynampet,2.52,5,1,1,1,Pongal,commercial,9
2017-01-15,Teynampet,2.587,6,1,1,1,Pongal,commercial,9
2017-01-16,Teynampet,2.234,0,1,0,1,Pongal,commercial,9
2017-01-17,Teynampet,1.983,1,1,0,0,,commercial,9
2017-01-18,Teynampet,1.982,2,1,0,0,,commercial,9
2017-01-19,Teynampet,2.037,3,1,0,0,,commercial,9
2017-01-20,Teynampet,2.022,4,1,0,0,,commercial,9
2017-01-21,Teynampet,1.981,5,1,1,0,,commercial,9
2017-01-22,Teynampet,2.011,6,1,1,0,,commercial,9
2017-01-23,Teynampet,2.08,0,1,0,0,,commercial,9
2017-01-24,Teynampet,2.039,1,1,0,0,,commercial,9
2017-01-25,Teynampet,1.924,2,1,0,0,,commercial,9
2017-01-26,Teynampet,2.327,3,1,0,1,Republic Day,commercial,9
2017-01-27,Teynampet,1.949,4,1,0,0,,commercial,9
2017-01-28,Teynampet,2.031,5,1,1,0,,commercial,9
2017-01-29,Teynampet,1.961,6,1,1,0,,commercial,9
2017-01-30,Teynampet,2.012,0,1,0,0,,commercial,9
2017-01-31,Teynampet,1.942,1,1,0,0,,commercial,9
2017-02-01,Teynampet,1.936,2,2,0,0,,commercial,9
2017-02-02,Teynampet,1.97,3,2,0,0,,commercial,9
2017-02-03,Teynampet,1.936,4,2,0,0,,commercial,9
2017-02-04,Teynampet,2.074,5,2,1,0,,commercial,9
2017-02-05,Teynampet,1.984,6,2,1,0,,commercial,9
2017-02-06,Teynampet,2.038,0,2,0,0,,commercial,9
2017-02-07,Teynampet,1.971,1,2,0,0,,commercial,9
2017-02-08,Teynampet,2.054,2,2,0,0,,commercial,9
2017-02-09,Teynampet,2.007,3,2,0,0,,commercial,9
2017-02-10,Teynampet,1.988,4,2,0,0,,commercial,9
2017-02-11,Teynampet,1.944,5,2,1,0,,commercial,9
2017-02-12,Teynampet,1.962,6,2,1,0,,commercial,9
2017-02-13,Teynampet,2.014,0,2,0,0,,commercial,9
2017-02-14,Teynampet,2.072,1,2,0,0,,commercial,9
2017-02-15,Teynampet,2.026,2,2,0,0,,commercial,9
2017-02-16,Teynampet,1.943,3,2,0,0,,commercial,9
2017-02-17,Teynampet,1.961,4,2,0,0,,commercial,9
2017-02-18,Teynampet,1.981,5,2,1,0,,commercial,9
2017-02-19,Teynampet,1.977,6,2,1,0,,commercial,9
2017-02-20,Teynampet,2.123,0,2,0,0,,commercial,9
2017-02-21,Teynampet,1.977,1,2,0,0,,commercial,9
2017-02-22,Teynampet,2.119,2,2,0,0,,commercial,9
2017-02-23,Teynampet,2.069,3,2,0,0,,commercial,9
2017-02-24,Teynampet,2.073,4,2,0,0,,commercial,9
2017-02-25,Teynampet,2.072,5,2,1,0,,commercial,9
2017-02-26,Teynampet,2.005,6,2,1,0,,commercial,9
2017-02-27,Teynampet,2.132,0,2,0,0,,commercial,9
2017-02-28,Teynampet,1.973,1,2,0,0,,commercial,9
2017-03-01,Teynampet,2.196,2,3,0,0,,commercial,9
2017-03-02,Teynampet,2.119,3,3,0,0,,commercial,9
2017-03-03,Teynampet,2.11,4,3,0,0,,commercial,9
2017-03-04,Teynampet,2.141,5,3,1,0,,commercial,9
2017-03-05,Teynampet,2.244,6,3,1,0,,commercial,9
2017-03-06,Teynampet,2.104,0,3,0,0,,commercial,9
2017-03-07,Teynampet,2.209,1,3,0,0,,commercial,9
2017-03-08,Teynampet,2.082,2,3,0,0,,commercial,9
2017-03-09,Teynampet,2.006,3,3,0,0,,commercial,9
2017-03-10,Teynampet,2.047,4,3,0,0,,commercial,9
2017-03-11,Teynampet,2.027,5,3,1,0,,commercial,9
2017-03-12,Teynampet,2.175,6,3,1,0,,commercial,9
2017-03-13,Teynampet,2.13,0,3,0,0,,commercial,9
2017-03-14,Teynampet,2.105,1,3,0,0,,commercial,9
2017-03-15,Teynampet,2.165,2,3,0,0,,commercial,9
2017-03-16,Teynampet,2.052,3,3,0,0,,commercial,9
2017-03-17,Teynampet,2.077,4,3,0,0,,commercial,9
2017-03-18,Teynampet,2.049,5,3,1,0,,commercial,9
2017-03-19,Teynampet,2.108,6,3,1,0,,commercial,9
2017-03-20,Teynampet,2.369,0,3,0,0,,commercial,9
2017-03-21,Teynampet,2.143,1,3,0,0,,commercial,9
2017-03-22,Teynampet,2.077,2,3,0,0,,commercial,9
2017-03-23,Teynampet,2.056,3,3,0,0,,commercial,9
2017-03-24,Teynampet,2.091,4,3,0,0,,commercial,9
2017-03-25,Teynampet,2.141,5,3,1,0,,commercial,9
2017-03-26,Teynampet,2.106,6,3,1,0,,commercial,9
2017-03-27,Teynampet,2.234,0,3,0,0,,commercial,9
2017-03-28,Teynampet,2.034,1,3,0,0,,commercial,9
2017-03-29,Teynampet,2.034,2,3,0,0,,commercial,9
2017-03-30,Teynampet,2.117,3,3,0,0,,commercial,9
2017-03-31,Teynampet,2.021,4,3,0,0,,commercial,9
2017-04-01,Teynampet,2.082,5,4,1,0,,commercial,9
2017-04-02,Teynampet,2.037,6,4,1,0,,commercial,9
2017-04-03,Teynampet,1.986,0,4,0,0,,commercial,9
2017-04-04,Teynampet,2.007,1,4,0,0,,commercial,9
2017-04-05,Teynampet,1.9,2,4,0,0,,commercial,9
2017-04-06,Teynampet,2.042,3,4,0,0,,commercial,9
2017-04-07,Teynampet,1.986,4,4,0,0,,commercial,9
2017-04-08,Teynampet,2.151,5,4,1,0,,commercial,9
2017-04-09,Teynampet,2.103,6,4,1,0,,commercial,9
2017-04-10,Teynampet,2.034,0,4,0,0,,commercial,9
2017-04-11,Teynampet,1.88,1,4,0,0,,commercial,9
2017-04-12,Teynampet,1.955,2,4,0,0,,commercial,9
2017-04-13,Teynampet,2.168,3,4,0,1,Tamil New Year,commercial,9
2017-04-14,Teynampet,2.638,4,4,0,1,Tamil New Year,commercial,9
2017-04-15,Teynampet,2.292,5,4,1,1,Tamil New Year,commercial,9
2017-04-16,Teynampet,2.095,6,4,1,0,,commercial,9
2017-04-17,Teynampet,2.083,0,4,0,0,,commercial,9
2017-04-18,Teynampet,1.99,1,4,0,0,,commercial,9
2017-04-19,Teynampet,1.999,2,4,0,0,,commercial,9
2017-04-20,Teynampet,2.274,3,4,0,1,Eid,commercial,9
2017-04-21,Teynampet,2.423,4,4,0,1,Eid,commercial,9
2017-04-22,Teynampet,2.171,5,4,1,1,Eid,commercial,9
2017-04-23,Teynampet,2.137,6,4,1,0,,commercial,9
2017-04-24,Teynampet,2.082,0,4,0,0,,commercial,9
2017-04-25,Teynampet,1.973,1,4,0,0,,commercial,9
2017-04-26,Teynampet,1.831,2,4,0,0,,commercial,9
2017-04-27,Teynampet,2.039,3,4,0,0,,commercial,9
2017-04-28,Teynampet,2.007,4,4,0,0,,commercial,9
2017-04-29,Teynampet,2.044,5,4,1,0,,commercial,9
2017-04-30,Teynampet,2.013,6,4,1,0,,commercial,9
2017-05-01,Teynampet,2.065,0,5,0,0,,commercial,9
2017-05-02,Teynampet,1.979,1,5,0,0,,commercial,9
2017-05-03,Teynampet,2.029,2,5,0,0,,commercial,9
2017-05-04,Teynampet,2.039,3,5,0,0,,commercial,9
2017-05-05,Teynampet,1.987,4,5,0,0,,commercial,9
2017-05-06,Teynampet,2.096,5,5,1,0,,commercial,9
2017-05-07,Teynampet,2.033,6,5,1,0,,commercial,9
2017-05-08,Teynampet,2.069,0,5,0,0,,commercial,9
2017-05-09,Teynampet,2.013,1,5,0,0,,commercial,9
2017-05-10,Teynampet,1.919,2,5,0,0,,commercial,9
2017-05-11,Teynampet,2.015,3,5,0,0,,commercial,9
2017-05-12,Teynampet,1.908,4,5,0,0,,commercial,9
2017-05-13,Teynampet,1.975,5,5,1,0,,commercial,9
2017-05-14,Teynampet,1.914,6,5,1,0,,commercial,9
2017-05-15,Teynampet,2.09,0,5,0,0,,commercial,9
2017-05-16,Teynampet,2.097,1,5,0,0,,commercial,9
2017-05-17,Teynampet,1.994,2,5,0,0,,commercial,9
2017-05-18,Teynampet,2.039,3,5,0,0,,commercial,9
2017-05-19,Teynampet,2.142,4,5,0,0,,commercial,9
2017-05-20,Teynampet,2.063,5,5,1,0,,commercial,9
2017-05-21,Teynampet,1.991,6,5,1,0,,commercial,9
2017-05-22,Teynampet,2.061,0,5,0,0,,commercial,9
2017-05-23,Teynampet,2.001,1,5,0,0,,commercial,9
2017-05-24,Teynampet,1.963,2,5,0,0,,commercial,9
2017-05-25,Teynampet,1.967,3,5,0,0,,commercial,9
2017-05-26,Teynampet,2.06,4,5,0,0,,commercial,9
2017-05-27,Teynampet,2.101,5,5,1,0,,commercial,9
2017-05-28,Teynampet,1.937,6,5,1,0,,commercial,9
2017-05-29,Teynampet,2.049,0,5,0,0,,commercial,9
2017-05-30,Teynampet,1.973,1,5,0,0,,commercial,9
2017-05-31,Teynampet,2.037,2,5,0,0,,commercial,9
2017-06-01,Teynampet,1.872,3,6,0,0,,commercial,9
2017-06-02,Teynampet,1.957,4,6,0,0,,commercial,9
2017-06-03,Teynampet,1.818,5,6,1,0,,commercial,9
2017-06-04,Teynampet,1.821,6,6,1,0,,commercial,9
2017-06-05,Teynampet,1.934,0,6,0,0,,commercial,9
2017-06-06,Teynampet,1.773,1,6,0,0,,commercial,9
2017-06-07,Teynampet,1.803,2,6,0,0,,commercial,9
2017-06-08,Teynampet,1.788,3,6,0,0,,commercial,9
2017-06-09,Teynampet,1.668,4,6,0,0,,commercial,9
2017-06-10,Teynampet,1.851,5,6,1,0,,commercial,9
2017-06-11,Teynampet,1.834,6,6,1,0,,commercial,9
2017-06-12,Teynampet,1.973,0,6,0,0,,commercial,9
2017-06-13,Teynampet,1.811,1,6,0,0,,commercial,9
2017-06-14,Teynampet,1.742,2,6,0,0,,commercial,9
2017-06-15,Teynampet,1.796,3,6,0,0,,commercial,9
2017-06-16,Teynampet,1.697,4,6,0,0,,commercial,9
2017-06-17,Teynampet,1.777,5,6,1,0,,commercial,9
2017-06-18,Teynampet,1.879,6,6,1,0,,commercial,9
2017-06-19,Teynampet,1.887,0,6,0,0,,commercial,9
2017-06-20,Teynampet,1.86,1,6,0,0,,commercial,9
2017-06-21,Teynampet,1.703,2,6,0,0,,commercial,9
2017-06-22,Teynampet,1.797,3,6,0,0,,commercial,9
2017-06-23,Teynampet,1.784,4,6,0,0,,commercial,9
2017-06-24,Teynampet,1.897,5,6,1,0,,commercial,9
2017-06-25,Teynampet,1.881,6,6,1,0,,commercial,9
2017-06-26,Teynampet,1.937,0,6,0,0,,commercial,9
2017-06-27,Teynampet,1.894,1,6,0,0,,commercial,9
2017-06-28,Teynampet,1.79,2,6,0,0,,commercial,9
2017-06-29,Teynampet,1.883,3,6,0,0,,commercial,9
2017-06-30,Teynampet,1.754,4,6,0,0,,commercial,9
2017-07-01,Teynampet,1.784,5,7,1,0,,commercial,9
2017-07-02,Teynampet,1.885,6,7,1,0,,commercial,9
2017-07-03,Teynampet,1.815,0,7,0,0,,commercial,9
2017-07-04,Teynampet,1.841,1,7,0,0,,commercial,9
2017-07-05,Teynampet,1.816,2,7,0,0,,commercial,9
2017-07-06,Teynampet,1.868,3,7,0,0,,commercial,9
2017-07-07,Teynampet,1.807,4,7,0,0,,commercial,9
2017-07-08,Teynampet,1.847,5,7,1,0,,commercial,9
2017-07-09,Teynampet,1.872,6,7,1,0,,commercial,9
2017-07-10,Teynampet,1.863,0,7,0,0,,commercial,9
2017-07-11,Teynampet,1.772,1,7,0,0,,commercial,9
2017-07-12,Teynampet,1.836,2,7,0,0,,commercial,9
2017-07-13,Teynampet,1.809,3,7,0,0,,commercial,9
2017-07-14,Teynampet,1.788,4,7,0,0,,commercial,9
2017-07-15,Teynampet,1.839,5,7,1,0,,commercial,9
2017-07-16,Teynampet,1.932,6,7,1,0,,commercial,9
2017-07-17,Teynampet,1.876,0,7,0,0,,commercial,9
2017-07-18,Teynampet,1.785,1,7,0,0,,commercial,9
2017-07-19,Teynampet,1.718,2,7,0,0,,commercial,9
2017-07-20,Teynampet,1.808,3,7,0,0,,commercial,9
2017-07-21,Teynampet,1.846,4,7,0,0,,commercial,9
2017-07-22,Teynampet,1.89,5,7,1,0,,commercial,9
2017-07-23,Teynampet,1.85,6,7,1,0,,commercial,9
2017-07-24,Teynampet,1.955,0,7,0,0,,commercial,9
2017-07-25,Teynampet,1.85,1,7,0,0,,commercial,9
2017-07-26,Teynampet,1.871,2,7,0,0,,commercial,9
2017-07-27,Teynampet,1.864,3,7,0,0,,commercial,9
2017-07-28,Teynampet,1.896,4,7,0,0,,commercial,9
2017-07-29,Teynampet,1.834,5,7,1,0,,commercial,9
2017-07-30,Teynampet,1.77,6,7,1,0,,commercial,9
2017-07-31,Teynampet,1.939,0,7,0,0,,commercial,9
2017-08-01,Teynampet,1.853,1,8,0,0,,commercial,9
2017-08-02,Teynampet,1.896,2,8,0,0,,commercial,9
2017-08-03,Teynampet,1.88,3,8,0,0,,commercial,9
2017-08-04,Teynampet,1.916,4,8,0,0,,commercial,9
2017-08-05,Teynampet,1.878,5,8,1,0,,commercial,9
2017-08-06,Teynampet,1.856,6,8,1,0,,commercial,9
2017-08-07,Teynampet,1.822,0,8,0,0,,commercial,9
2017-08-08,Teynampet,1.827,1,8,0,0,,commercial,9
2017-08-09,Teynampet,1.78,2,8,0,0,,commercial,9
2017-08-10,Teynampet,1.822,3,8,0,0,,commercial,9
2017-08-11,Teynampet,1.813,4,8,0,0,,commercial,9
2017-08-12,Teynampet,1.87,5,8,1,0,,commercial,9
2017-08-13,Teynampet,1.838,6,8,1,0,,commercial,9
2017-08-14,Teynampet,1.954,0,8,0,0,,commercial,9
2017-08-15,Teynampet,1.829,1,8,0,1,Independence,commercial,9
2017-08-16,Teynampet,1.821,2,8,0,0,,commercial,9
2017-08-17,Teynampet,1.876,3,8,0,0,,commercial,9
2017-08-18,Teynampet,1.912,4,8,0,0,,commercial,9
2017-08-19,Teynampet,1.884,5,8,1,0,,commercial,9
2017-08-20,Teynampet,1.937,6,8,1,0,,commercial,9
2017-08-21,Teynampet,1.91,0,8,0,0,,commercial,9
2017-08-22,Teynampet,1.81,1,8,0,0,,commercial,9
2017-08-23,Teynampet,1.839,2,8,0,0,,commercial,9
2017-08-24,Teynampet,1.81,3,8,0,0,,commercial,9
2017-08-25,Teynampet,1.768,4,8,0,0,,commercial,9
2017-08-26,Teynampet,1.815,5,8,1,0,,commercial,9
2017-08-27,Teynampet,1.782,6,8,1,0,,commercial,9
2017-08-28,Teynampet,1.931,0,8,0,0,,commercial,9
2017-08-29,Teynampet,1.811,1,8,0,0,,commercial,9
2017-08-30,Teynampet,1.791,2,8,0,0,,commercial,9
2017-08-31,Teynampet,1.779,3,8,0,0,,commercial,9
2017-09-01,Teynampet,1.838,4,9,0,0,,commercial,9
2017-09-02,Teynampet,1.887,5,9,1,0,,commercial,9
2017-09-03,Teynampet,1.781,6,9,1,0,,commercial,9
2017-09-04,Teynampet,1.827,0,9,0,0,,commercial,9
2017-09-05,Teynampet,1.862,1,9,0,0,,commercial,9
2017-09-06,Teynampet,1.736,2,9,0,0,,commercial,9
2017-09-07,Teynampet,1.84,3,9,0,0,,commercial,9
2017-09-08,Teynampet,2.12,4,9,0,1,Ganesh Chathurthi,commercial,9
2017-09-09,Teynampet,2.384,5,9,1,1,Ganesh Chathurthi,commercial,9
2017-09-10,Teynampet,2.544,6,9,1,1,Ganesh Chathurthi,commercial,9
2017-09-11,Teynampet,2.394,0,9,0,1,Ganesh Chathurthi,commercial,9
2017-09-12,Teynampet,2.158,1,9,0,1,Ganesh Chathurthi,commercial,9
2017-09-13,Teynampet,1.683,2,9,0,0,,commercial,9
2017-09-14,Teynampet,1.785,3,9,0,0,,commercial,9
2017-09-15,Teynampet,1.856,4,9,0,0,,commercial,9
2017-09-16,Teynampet,1.825,5,9,1,0,,commercial,9
2017-09-17,Teynampet,1.912,6,9,1,0,,commercial,9
2017-09-18,Teynampet,1.899,0,9,0,0,,commercial,9
2017-09-19,Teynampet,1.817,1,9,0,0,,commercial,9
2017-09-20,Teynampet,1.795,2,9,0,0,,commercial,9
2017-09-21,Teynampet,1.782,3,9,0,0,,commercial,9
2017-09-22,Teynampet,1.781,4,9,0,0,,commercial,9
2017-09-23,Teynampet,1.859,5,9,1,0,,commercial,9
2017-09-24,Teynampet,1.801,6,9,1,0,,commercial,9
2017-09-25,Teynampet,1.955,0,9,0,0,,commercial,9
2017-09-26,Teynampet,1.846,1,9,0,0,,commercial,9
2017-09-27,Teynampet,1.87,2,9,0,0,,commercial,9
2017-09-28,Teynampet,1.749,3,9,0,0,,commercial,9
2017-09-29,Teynampet,1.718,4,9,0,0,,commercial,9
2017-09-30,Teynampet,1.844,5,9,1,0,,commercial,9
2017-10-01,Teynampet,2.11,6,10,1,0,,commercial,9
2017-10-02,Teynampet,2.077,0,10,0,0,,commercial,9
2017-10-03,Teynampet,1.874,1,10,0,0,,commercial,9
2017-10-04,Teynampet,2.171,2,10,0,1,Dussehra,commercial,9
2017-10-05,Teynampet,2.434,3,10,0,1,Dussehra,commercial,9
2017-10-06,Teynampet,2.056,4,10,0,1,Dussehra,commercial,9
2017-10-07,Teynampet,2.021,5,10,1,0,,commercial,9
2017-10-08,Teynampet,1.931,6,10,1,0,,commercial,9
2017-10-09,Teynampet,1.995,0,10,0,0,,commercial,9
2017-10-10,Teynampet,1.907,1,10,0,0,,commercial,9
2017-10-11,Teynampet,1.971,2,10,0,0,,commercial,9
2017-10-12,Teynampet,1.862,3,10,0,0,,commercial,9
2017-10-13,Teynampet,1.808,4,10,0,0,,commercial,9
2017-10-14,Teynampet,1.96,5,10,1,0,,commercial,9
2017-10-15,Teynampet,1.822,6,10,1,0,,commercial,9
2017-10-16,Teynampet,1.983,0,10,0,0,,commercial,9
2017-10-17,Teynampet,1.973,1,10,0,0,,commercial,9
2017-10-18,Teynampet,1.939,2,10,0,0,,commercial,9
2017-10-19,Teynampet,1.965,3,10,0,0,,commercial,9
2017-10-20,Teynampet,1.941,4,10,0,0,,commercial,9
2017-10-21,Teynampet,2.081,5,10,1,0,,commercial,9
2017-10-22,Teynampet,2.161,6,10,1,1,Deepavali,commercial,9
2017-10-23,Teynampet,2.565,0,10,0,1,Deepavali,commercial,9
2017-10-24,Teynampet,2.633,1,10,0,1,Deepavali,commercial,9
2017-10-25,Teynampet,2.483,2,10,0,1,Deepavali,commercial,9
2017-10-26,Teynampet,2.156,3,10,0,1,Deepavali,commercial,9
2017-10-27,Teynampet,2.004,4,10,0,0,,commercial,9
2017-10-28,Teynampet,1.91,5,10,1,0,,commercial,9
2017-10-29,Teynampet,2.023,6,10,1,0,,commercial,9
2017-10-30,Teynampet,2.036,0,10,0,0,,commercial,9
2017-10-31,Teynampet,1.904,1,10,0,0,,commercial,9
2017-11-01,Teynampet,1.937,2,11,0,0,,commercial,9
2017-11-02,Teynampet,1.92,3,11,0,0,,commercial,9
2017-11-03,Teynampet,1.926,4,11,0,0,,commercial,9
2017-11-04,Teynampet,1.929,5,11,1,0,,commercial,9
2017-11-05,Teynampet,1.9,6,11,1,0,,commercial,9
2017-11-06,Teynampet,1.981,0,11,0,0,,commercial,9
2017-11-07,Teynampet,1.809,1,11,0,0,,commercial,9
2017-11-08,Teynampet,1.954,2,11,0,0,,commercial,9
2017-11-09,Teynampet,1.835,3,11,0,0,,commercial,9
2017-11-10,Teynampet,1.893,4,11,0,0,,commercial,9
2017-11-11,Teynampet,1.979,5,11,1,0,,commercial,9
2017-11-12,Teynampet,1.99,6,11,1,0,,commercial,9
2017-11-13,Teynampet,1.894,0,11,0,0,,commercial,9
2017-11-14,Teynampet,1.9,1,11,0,0,,commercial,9
2017-11-15,Teynampet,1.932,2,11,0,0,,commercial,9
2017-11-16,Teynampet,1.909,3,11,0,0,,commercial,9
2017-11-17,Teynampet,1.982,4,11,0,0,,commercial,9
2017-11-18,Teynampet,1.893,5,11,1,0,,commercial,9
2017-11-19,Teynampet,1.822,6,11,1,0,,commercial,9
2017-11-20,Teynampet,2.049,0,11,0,0,,commercial,9
2017-11-21,Teynampet,1.875,1,11,0,0,,commercial,9
2017-11-22,Teynampet,1.805,2,11,0,0,,commercial,9
2017-11-23,Teynampet,1.896,3,11,0,0,,commercial,9
2017-11-24,Teynampet,1.976,4,11,0,0,,commercial,9
2017-11-25,Teynampet,1.867,5,11,1,0,,commercial,9
2017-11-26,Teynampet,2.077,6,11,1,0,,commercial,9
2017-11-27,Teynampet,1.951,0,11,0,0,,commercial,9
2017-11-28,Teynampet,1.911,1,11,0,0,,commercial,9
2017-11-29,Teynampet,1.836,2,11,0,0,,commercial,9
2017-11-30,Teynampet,1.908,3,11,0,0,,commercial,9
2017-12-01,Teynampet,1.898,4,12,0,0,,commercial,9
2017-12-02,Teynampet,1.854,5,12,1,0,,commercial,9
2017-12-03,Teynampet,2.105,6,12,1,0,,commercial,9
2017-12-04,Teynampet,1.971,0,12,0,0,,commercial,9
2017-12-05,Teynampet,1.877,1,12,0,0,,commercial,9
2017-12-06,Teynampet,1.961,2,12,0,0,,commercial,9
2017-12-07,Teynampet,2.009,3,12,0,0,,commercial,9
2017-12-08,Teynampet,1.97,4,12,0,0,,commercial,9
2017-12-09,Teynampet,1.871,5,12,1,0,,commercial,9
2017-12-10,Teynampet,1.953,6,12,1,0,,commercial,9
2017-12-11,Teynampet,1.888,0,12,0,0,,commercial,9
2017-12-12,Teynampet,1.957,1,12,0,0,,commercial,9
2017-12-13,Teynampet,1.812,2,12,0,0,,commercial,9
2017-12-14,Teynampet,1.86,3,12,0,0,,commercial,9
2017-12-15,Teynampet,1.905,4,12,0,0,,commercial,9
2017-12-16,Teynampet,1.967,5,12,1,0,,commercial,9
2017-12-17,Teynampet,1.926,6,12,1,0,,commercial,9
2017-12-18,Teynampet,2.092,0,12,0,0,,commercial,9
2017-12-19,Teynampet,1.947,1,12,0,0,,commercial,9
2017-12-20,Teynampet,1.942,2,12,0,0,,commercial,9
2017-12-21,Teynampet,1.835,3,12,0,0,,commercial,9
2017-12-22,Teynampet,2.003,4,12,0,0,,commercial,9
2017-12-23,Teynampet,1.894,5,12,1,0,,commercial,9
2017-12-24,Teynampet,2.195,6,12,1,1,Christmas,commercial,9
2017-12-25,Teynampet,2.441,0,12,0,1,Christmas,commercial,9
2017-12-26,Teynampet,2.08,1,12,0,1,Christmas,commercial,9
2017-12-27,Teynampet,1.965,2,12,0,0,,commercial,9
2017-12-28,Teynampet,1.729,3,12,0,0,,commercial,9
2017-12-29,Teynampet,1.894,4,12,0,0,,commercial,9
2017-12-30,Teynampet,2.205,5,12,1,1,New Year,commercial,9
2017-12-31,Teynampet,2.394,6,12,1,1,New Year,commercial,9
2018-01-01,Teynampet,1.928,0,1,0,0,,commercial,9
2018-01-02,Teynampet,1.889,1,1,0,0,,commercial,9
2018-01-03,Teynampet,1.761,2,1,0,0,,commercial,9
2018-01-04,Teynampet,1.929,3,1,0,0,,commercial,9
2018-01-05,Teynampet,1.798,4,1,0,0,,commercial,9
2018-01-06,Teynampet,2.007,5,1,1,0,,commercial,9
2018-01-07,Teynampet,2.01,6,1,1,0,,commercial,9
2018-01-08,Teynampet,1.972,0,1,0,0,,commercial,9
2018-01-09,Teynampet,1.935,1,1,0,0,,commercial,9
2018-01-10,Teynampet,1.893,2,1,0,0,,commercial,9
2018-01-11,Teynampet,1.919,3,1,0,0,,commercial,9
2018-01-12,Teynampet,2.024,4,1,0,1,Pongal,commercial,9
2018-01-13,Teynampet,2.372,5,1,1,1,Pongal,commercial,9
2018-01-14,Teynampet,2.399,6,1,1,1,Pongal,commercial,9
2018-01-15,Teynampet,2.269,0,1,0,1,Pongal,commercial,9
2018-01-16,Teynampet,2.088,1,1,0,1,Pongal,commercial,9
2018-01-17,Teynampet,1.893,2,1,0,0,,commercial,9
2018-01-18,Teynampet,1.921,3,1,0,0,,commercial,9
2018-01-19,Teynampet,1.868,4,1,0,0,,commercial,9
2018-01-20,Teynampet,2.051,5,1,1,0,,commercial,9
2018-01-21,Teynampet,1.95,6,1,1,0,,commercial,9
2018-01-22,Teynampet,2.015,0,1,0,0,,commercial,9
2018-01-23,Teynampet,1.917,1,1,0,0,,commercial,9
2018-01-24,Teynampet,1.963,2,1,0,0,,commercial,9
2018-01-25,Teynampet,1.938,3,1,0,0,,commercial,9
2018-01-26,Teynampet,2.124,4,1,0,1,Republic Day,commercial,9
2018-01-27,Teynampet,1.984,5,1,1,0,,commercial,9
2018-01-28,Teynampet,1.835,6,1,1,0,,commercial,9
2018-01-29,Teynampet,1.894,0,1,0,0,,commercial,9
2018-01-30,Teynampet,1.901,1,1,0,0,,commercial,9
2018-01-31,Teynampet,1.894,2,1,0,0,,commercial,9
2018-02-01,Teynampet,1.939,3,2,0,0,,commercial,9
2018-02-02,Teynampet,1.907,4,2,0,0,,commercial,9
2018-02-03,Teynampet,1.975,5,2,1,0,,commercial,9
2018-02-04,Teynampet,1.868,6,2,1,0,,commercial,9
2018-02-05,Teynampet,2.0,0,2,0,0,,commercial,9
2018-02-06,Teynampet,1.829,1,2,0,0,,commercial,9
2018-02-07,Teynampet,1.928,2,2,0,0,,commercial,9
2018-02-08,Teynampet,1.798,3,2,0,0,,commercial,9
2018-02-09,Teynampet,1.925,4,2,0,0,,commercial,9
2018-02-10,Teynampet,1.855,5,2,1,0,,commercial,9
2018-02-11,Teynampet,1.918,6,2,1,0,,commercial,9
2018-02-12,Teynampet,2.055,0,2,0,0,,commercial,9
2018-02-13,Teynampet,1.919,1,2,0,0,,commercial,9
2018-02-14,Teynampet,1.811,2,2,0,0,,commercial,9
2018-02-15,Teynampet,1.867,3,2,0,0,,commercial,9
2018-02-16,Teynampet,1.82,4,2,0,0,,commercial,9
2018-02-17,Teynampet,1.842,5,2,1,0,,commercial,9
2018-02-18,Teynampet,1.948,6,2,1,0,,commercial,9
2018-02-19,Teynampet,2.034,0,2,0,0,,commercial,9
2018-02-20,Teynampet,1.931,1,2,0,0,,commercial,9
2018-02-21,Teynampet,1.94,2,2,0,0,,commercial,9
2018-02-22,Teynampet,1.905,3,2,0,0,,commercial,9
2018-02-23,Teynampet,1.89,4,2,0,0,,commercial,9
2018-02-24,Teynampet,1.878,5,2,1,0,,commercial,9
2018-02-25,Teynampet,1.915,6,2,1,0,,commercial,9
2018-02-26,Teynampet,1.921,0,2,0,0,,commercial,9
2018-02-27,Teynampet,1.857,1,2,0,0,,commercial,9
2018-02-28,Teynampet,1.911,2,2,0,0,,commercial,9
2018-03-01,Teynampet,1.994,3,3,0,0,,commercial,9
2018-03-02,Teynampet,2.185,4,3,0,0,,commercial,9
2018-03-03,Teynampet,1.956,5,3,1,0,,commercial,9
2018-03-04,Teynampet,2.03,6,3,1,0,,commercial,9
2018-03-05,Teynampet,2.011,0,3,0,0,,commercial,9
2018-03-06,Teynampet,1.978,1,3,0,0,,commercial,9
2018-03-07,Teynampet,1.98,2,3,0,0,,commercial,9
2018-03-08,Teynampet,2.052,3,3,0,0,,commercial,9
2018-03-09,Teynampet,1.974,4,3,0,0,,commercial,9
2018-03-10,Teynampet,2.026,5,3,1,0,,commercial,9
2018-03-11,Teynampet,2.012,6,3,1,0,,commercial,9
2018-03-12,Teynampet,2.013,0,3,0,0,,commercial,9
2018-03-13,Teynampet,1.962,1,3,0,0,,commercial,9
2018-03-14,Teynampet,1.978,2,3,0,0,,commercial,9
2018-03-15,Teynampet,2.005,3,3,0,0,,commercial,9
2018-03-16,Teynampet,2.034,4,3,0,0,,commercial,9
2018-03-17,Teynampet,2.024,5,3,1,0,,commercial,9
2018-03-18,Teynampet,2.022,6,3,1,0,,commercial,9
2018-03-19,Teynampet,1.992,0,3,0,0,,commercial,9
2018-03-20,Teynampet,2.033,1,3,0,0,,commercial,9
2018-03-21,Teynampet,1.959,2,3,0,0,,commercial,9
2018-03-22,Teynampet,2.046,3,3,0,0,,commercial,9
2018-03-23,Teynampet,2.08,4,3,0,0,,commercial,9
2018-03-24,Teynampet,2.026,5,3,1,0,,commercial,9
2018-03-25,Teynampet,1.975,6,3,1,0,,commercial,9
2018-03-26,Teynampet,2.1,0,3,0,0,,commercial,9
2018-03-27,Teynampet,2.022,1,3,0,0,,commercial,9
2018-03-28,Teynampet,1.982,2,3,0,0,,commercial,9
2018-03-29,Teynampet,1.967,3,3,0,0,,commercial,9
2018-03-30,Teynampet,2.035,4,3,0,0,,commercial,9
2018-03-31,Teynampet,2.068,5,3,1,0,,commercial,9
2015-04-01,Thiru Vi Ka Nagar,0.98,2,4,0,0,,residential,6
2015-04-02,Thiru Vi Ka Nagar,0.986,3,4,0,0,,residential,6
2015-04-03,Thiru Vi Ka Nagar,1.032,4,4,0,0,,residential,6
2015-04-04,Thiru Vi Ka Nagar,1.143,5,4,1,0,,residential,6
2015-04-05,Thiru Vi Ka Nagar,1.081,6,4,1,0,,residential,6
2015-04-06,Thiru Vi Ka Nagar,1.085,0,4,0,0,,residential,6
2015-04-07,Thiru Vi Ka Nagar,0.996,1,4,0,0,,residential,6
2015-04-08,Thiru Vi Ka Nagar,1.013,2,4,0,0,,residential,6
2015-04-09,Thiru Vi Ka Nagar,1.056,3,4,0,0,,residential,6
2015-04-10,Thiru Vi Ka Nagar,1.037,4,4,0,0,,residential,6
2015-04-11,Thiru Vi Ka Nagar,1.14,5,4,1,0,,residential,6
2015-04-12,Thiru Vi Ka Nagar,1.178,6,4,1,0,,residential,6
2015-04-13,Thiru Vi Ka Nagar,1.171,0,4,0,1,Tamil New Year,residential,6
2015-04-14,Thiru Vi Ka Nagar,1.228,1,4,0,1,Tamil New Year,residential,6
2015-04-15,Thiru Vi Ka Nagar,1.114,2,4,0,1,Tamil New Year,residential,6
2015-04-16,Thiru Vi Ka Nagar,1.005,3,4,0,0,,residential,6
2015-04-17,Thiru Vi Ka Nagar,0.941,4,4,0,0,,residential,6
2015-04-18,Thiru Vi Ka Nagar,1.107,5,4,1,0,,residential,6
2015-04-19,Thiru Vi Ka Nagar,1.096,6,4,1,0,,residential,6
2015-04-20,Thiru Vi Ka Nagar,1.197,0,4,0,1,Eid,residential,6
2015-04-21,Thiru Vi Ka Nagar,1.228,1,4,0,1,Eid,residential,6
2015-04-22,Thiru Vi Ka Nagar,1.094,2,4,0,1,Eid,residential,6
2015-04-23,Thiru Vi Ka Nagar,1.031,3,4,0,0,,residential,6
2015-04-24,Thiru Vi Ka Nagar,1.035,4,4,0,0,,residential,6
2015-04-25,Thiru Vi Ka Nagar,1.088,5,4,1,0,,residential,6
2015-04-26,Thiru Vi Ka Nagar,1.097,6,4,1,0,,residential,6
2015-04-27,Thiru Vi Ka Nagar,0.992,0,4,0,0,,residential,6
2015-04-28,Thiru Vi Ka Nagar,0.979,1,4,0,0,,residential,6
2015-04-29,Thiru Vi Ka Nagar,0.99,2,4,0,0,,residential,6
2015-04-30,Thiru Vi Ka Nagar,1.015,3,4,0,0,,residential,6
2015-05-01,Thiru Vi Ka Nagar,0.984,4,5,0,0,,residential,6
2015-05-02,Thiru Vi Ka Nagar,1.097,5,5,1,0,,residential,6
2015-05-03,Thiru Vi Ka Nagar,1.073,6,5,1,0,,residential,6
2015-05-04,Thiru Vi Ka Nagar,1.069,0,5,0,0,,residential,6
2015-05-05,Thiru Vi Ka Nagar,1.026,1,5,0,0,,residential,6
2015-05-06,Thiru Vi Ka Nagar,1.025,2,5,0,0,,residential,6
2015-05-07,Thiru Vi Ka Nagar,1.013,3,5,0,0,,residential,6
2015-05-08,Thiru Vi Ka Nagar,0.966,4,5,0,0,,residential,6
2015-05-09,Thiru Vi Ka Nagar,1.093,5,5,1,0,,residential,6
2015-05-10,Thiru Vi Ka Nagar,1.1,6,5,1,0,,residential,6
2015-05-11,Thiru Vi Ka Nagar,1.05,0,5,0,0,,residential,6
2015-05-12,Thiru Vi Ka Nagar,1.015,1,5,0,0,,residential,6
2015-05-13,Thiru Vi Ka Nagar,1.056,2,5,0,0,,residential,6
2015-05-14,Thiru Vi Ka Nagar,1.037,3,5,0,0,,residential,6
2015-05-15,Thiru Vi Ka Nagar,0.983,4,5,0,0,,residential,6
2015-05-16,Thiru Vi Ka Nagar,1.137,5,5,1,0,,residential,6
2015-05-17,Thiru Vi Ka Nagar,1.135,6,5,1,0,,residential,6
2015-05-18,Thiru Vi Ka Nagar,1.038,0,5,0,0,,residential,6
2015-05-19,Thiru Vi Ka Nagar,1.038,1,5,0,0,,residential,6
2015-05-20,Thiru Vi Ka Nagar,1.008,2,5,0,0,,residential,6
2015-05-21,Thiru Vi Ka Nagar,0.97,3,5,0,0,,residential,6
2015-05-22,Thiru Vi Ka Nagar,1.026,4,5,0,0,,residential,6
2015-05-23,Thiru Vi Ka Nagar,1.121,5,5,1,0,,residential,6
2015-05-24,Thiru Vi Ka Nagar,1.106,6,5,1,0,,residential,6
2015-05-25,Thiru Vi Ka Nagar,1.062,0,5,0,0,,residential,6
2015-05-26,Thiru Vi Ka Nagar,0.991,1,5,0,0,,residential,6
2015-05-27,Thiru Vi Ka Nagar,1.031,2,5,0,0,,residential,6
2015-05-28,Thiru Vi Ka Nagar,1.011,3,5,0,0,,residential,6
2015-05-29,Thiru Vi Ka Nagar,1.018,4,5,0,0,,residential,6
2015-05-30,Thiru Vi Ka Nagar,1.126,5,5,1,0,,residential,6
2015-05-31,Thiru Vi Ka Nagar,1.075,6,5,1,0,,residential,6
2015-06-01,Thiru Vi Ka Nagar,0.936,0,6,0,0,,residential,6
2015-06-02,Thiru Vi Ka Nagar,0.855,1,6,0,0,,residential,6
2015-06-03,Thiru Vi Ka Nagar,0.932,2,6,0,0,,residential,6
2015-06-04,Thiru Vi Ka Nagar,0.883,3,6,0,0,,residential,6
2015-06-05,Thiru Vi Ka Nagar,0.92,4,6,0,0,,residential,6
2015-06-06,Thiru Vi Ka Nagar,1.019,5,6,1,0,,residential,6
2015-06-07,Thiru Vi Ka Nagar,1.026,6,6,1,0,,residential,6
2015-06-08,Thiru Vi Ka Nagar,0.927,0,6,0,0,,residential,6
2015-06-09,Thiru Vi Ka Nagar,0.914,1,6,0,0,,residential,6
2015-06-10,Thiru Vi Ka Nagar,0.962,2,6,0,0,,residential,6
2015-06-11,Thiru Vi Ka Nagar,0.963,3,6,0,0,,residential,6
2015-06-12,Thiru Vi Ka Nagar,0.943,4,6,0,0,,residential,6
2015-06-13,Thiru Vi Ka Nagar,1.018,5,6,1,0,,residential,6
2015-06-14,Thiru Vi Ka Nagar,0.977,6,6,1,0,,residential,6
2015-06-15,Thiru Vi Ka Nagar,0.983,0,6,0,0,,residential,6
2015-06-16,Thiru Vi Ka Nagar,0.912,1,6,0,0,,residential,6
2015-06-17,Thiru Vi Ka Nagar,0.932,2,6,0,0,,residential,6
2015-06-18,Thiru Vi Ka Nagar,0.899,3,6,0,0,,residential,6
2015-06-19,Thiru Vi Ka Nagar,0.911,4,6,0,0,,residential,6
2015-06-20,Thiru Vi Ka Nagar,1.013,5,6,1,0,,residential,6
2015-06-21,Thiru Vi Ka Nagar,1.015,6,6,1,0,,residential,6
2015-06-22,Thiru Vi Ka Nagar,0.976,0,6,0,0,,residential,6
2015-06-23,Thiru Vi Ka Nagar,0.9,1,6,0,0,,residential,6
2015-06-24,Thiru Vi Ka Nagar,0.879,2,6,0,0,,residential,6
2015-06-25,Thiru Vi Ka Nagar,0.961,3,6,0,0,,residential,6
2015-06-26,Thiru Vi Ka Nagar,0.985,4,6,0,0,,residential,6
2015-06-27,Thiru Vi Ka Nagar,1.021,5,6,1,0,,residential,6
2015-06-28,Thiru Vi Ka Nagar,0.968,6,6,1,0,,residential,6
2015-06-29,Thiru Vi Ka Nagar,0.94,0,6,0,0,,residential,6
2015-06-30,Thiru Vi Ka Nagar,0.93,1,6,0,0,,residential,6
2015-07-01,Thiru Vi Ka Nagar,0.953,2,7,0,0,,residential,6
2015-07-02,Thiru Vi Ka Nagar,0.883,3,7,0,0,,residential,6
2015-07-03,Thiru Vi Ka Nagar,0.913,4,7,0,0,,residential,6
2015-07-04,Thiru Vi Ka Nagar,1.014,5,7,1,0,,residential,6
2015-07-05,Thiru Vi Ka Nagar,1.034,6,7,1,0,,residential,6
2015-07-06,Thiru Vi Ka Nagar,0.952,0,7,0,0,,residential,6
2015-07-07,Thiru Vi Ka Nagar,0.873,1,7,0,0,,residential,6
2015-07-08,Thiru Vi Ka Nagar,0.933,2,7,0,0,,residential,6
2015-07-09,Thiru Vi Ka Nagar,0.947,3,7,0,0,,residential,6
2015-07-10,Thiru Vi Ka Nagar,0.914,4,7,0,0,,residential,6
2015-07-11,Thiru Vi Ka Nagar,1.02,5,7,1,0,,residential,6
2015-07-12,Thiru Vi Ka Nagar,0.993,6,7,1,0,,residential,6
2015-07-13,Thiru Vi Ka Nagar,0.938,0,7,0,0,,residential,6
2015-07-14,Thiru Vi Ka Nagar,0.944,1,7,0,0,,residential,6
2015-07-15,Thiru Vi Ka Nagar,0.927,2,7,0,0,,residential,6
2015-07-16,Thiru Vi Ka Nagar,0.93,3,7,0,0,,residential,6
2015-07-17,Thiru Vi Ka Nagar,0.957,4,7,0,0,,residential,6
2015-07-18,Thiru Vi Ka Nagar,0.976,5,7,1,0,,residential,6
2015-07-19,Thiru Vi Ka Nagar,0.991,6,7,1,0,,residential,6
2015-07-20,Thiru Vi Ka Nagar,0.967,0,7,0,0,,residential,6
2015-07-21,Thiru Vi Ka Nagar,0.901,1,7,0,0,,residential,6
2015-07-22,Thiru Vi Ka Nagar,0.938,2,7,0,0,,residential,6
2015-07-23,Thiru Vi Ka Nagar,0.911,3,7,0,0,,residential,6
2015-07-24,Thiru Vi Ka Nagar,0.889,4,7,0,0,,residential,6
2015-07-25,Thiru Vi Ka Nagar,1.01,5,7,1,0,,residential,6
2015-07-26,Thiru Vi Ka Nagar,1.013,6,7,1,0,,residential,6
2015-07-27,Thiru Vi Ka Nagar,0.989,0,7,0,0,,residential,6
2015-07-28,Thiru Vi Ka Nagar,0.927,1,7,0,0,,residential,6
2015-07-29,Thiru Vi Ka Nagar,0.929,2,7,0,0,,residential,6
2015-07-30,Thiru Vi Ka Nagar,0.925,3,7,0,0,,residential,6
2015-07-31,Thiru Vi Ka Nagar,0.911,4,7,0,0,,residential,6
2015-08-01,Thiru Vi Ka Nagar,0.986,5,8,1,0,,residential,6
2015-08-02,Thiru Vi Ka Nagar,1.017,6,8,1,0,,residential,6
2015-08-03,Thiru Vi Ka Nagar,0.952,0,8,0,0,,residential,6
2015-08-04,Thiru Vi Ka Nagar,0.963,1,8,0,0,,residential,6
2015-08-05,Thiru Vi Ka Nagar,0.953,2,8,0,0,,residential,6
2015-08-06,Thiru Vi Ka Nagar,0.934,3,8,0,0,,residential,6
2015-08-07,Thiru Vi Ka Nagar,0.927,4,8,0,0,,residential,6
2015-08-08,Thiru Vi Ka Nagar,1.005,5,8,1,0,,residential,6
2015-08-09,Thiru Vi Ka Nagar,0.97,6,8,1,0,,residential,6
2015-08-10,Thiru Vi Ka Nagar,0.956,0,8,0,0,,residential,6
2015-08-11,Thiru Vi Ka Nagar,0.919,1,8,0,0,,residential,6
2015-08-12,Thiru Vi Ka Nagar,0.922,2,8,0,0,,residential,6
2015-08-13,Thiru Vi Ka Nagar,0.929,3,8,0,0,,residential,6
2015-08-14,Thiru Vi Ka Nagar,0.941,4,8,0,0,,residential,6
2015-08-15,Thiru Vi Ka Nagar,1.086,5,8,1,1,Independence,residential,6
2015-08-16,Thiru Vi Ka Nagar,0.987,6,8,1,0,,residential,6
2015-08-17,Thiru Vi Ka Nagar,1.004,0,8,0,0,,residential,6
2015-08-18,Thiru Vi Ka Nagar,0.937,1,8,0,0,,residential,6
2015-08-19,Thiru Vi Ka Nagar,0.905,2,8,0,0,,residential,6
2015-08-20,Thiru Vi Ka Nagar,0.913,3,8,0,0,,residential,6
2015-08-21,Thiru Vi Ka Nagar,0.913,4,8,0,0,,residential,6
2015-08-22,Thiru Vi Ka Nagar,1.009,5,8,1,0,,residential,6
2015-08-23,Thiru Vi Ka Nagar,1.022,6,8,1,0,,residential,6
2015-08-24,Thiru Vi Ka Nagar,1.035,0,8,0,0,,residential,6
2015-08-25,Thiru Vi Ka Nagar,0.921,1,8,0,0,,residential,6
2015-08-26,Thiru Vi Ka Nagar,0.934,2,8,0,0,,residential,6
2015-08-27,Thiru Vi Ka Nagar,0.87,3,8,0,0,,residential,6
2015-08-28,Thiru Vi Ka Nagar,0.903,4,8,0,0,,residential,6
2015-08-29,Thiru Vi Ka Nagar,1.045,5,8,1,0,,residential,6
2015-08-30,Thiru Vi Ka Nagar,1.02,6,8,1,0,,residential,6
2015-08-31,Thiru Vi Ka Nagar,0.835,0,8,0,0,,residential,6
2015-09-01,Thiru Vi Ka Nagar,0.935,1,9,0,0,,residential,6
2015-09-02,Thiru Vi Ka Nagar,0.969,2,9,0,0,,residential,6
2015-09-03,Thiru Vi Ka Nagar,0.861,3,9,0,0,,residential,6
2015-09-04,Thiru Vi Ka Nagar,0.958,4,9,0,0,,residential,6
2015-09-05,Thiru Vi Ka Nagar,0.924,5,9,1,0,,residential,6
2015-09-06,Thiru Vi Ka Nagar,1.036,6,9,1,0,,residential,6
2015-09-07,Thiru Vi Ka Nagar,0.962,0,9,0,0,,residential,6
2015-09-08,Thiru Vi Ka Nagar,0.951,1,9,0,1,Ganesh Chathurthi,residential,6
2015-09-09,Thiru Vi Ka Nagar,1.145,2,9,0,1,Ganesh Chathurthi,residential,6
2015-09-10,Thiru Vi Ka Nagar,1.28,3,9,0,1,Ganesh Chathurthi,residential,6
2015-09-11,Thiru Vi Ka Nagar,1.142,4,9,0,1,Ganesh Chathurthi,residential,6
2015-09-12,Thiru Vi Ka Nagar,1.145,5,9,1,1,Ganesh Chathurthi,residential,6
2015-09-13,Thiru Vi Ka Nagar,0.995,6,9,1,0,,residential,6
2015-09-14,Thiru Vi Ka Nagar,0.908,0,9,0,0,,residential,6
2015-09-15,Thiru Vi Ka Nagar,0.935,1,9,0,0,,residential,6
2015-09-16,Thiru Vi Ka Nagar,0.964,2,9,0,0,,residential,6
2015-09-17,Thiru Vi Ka Nagar,0.947,3,9,0,0,,residential,6
2015-09-18,Thiru Vi Ka Nagar,0.862,4,9,0,0,,residential,6
2015-09-19,Thiru Vi Ka Nagar,0.962,5,9,1,0,,residential,6
2015-09-20,Thiru Vi Ka Nagar,0.982,6,9,1,0,,residential,6
2015-09-21,Thiru Vi Ka Nagar,0.916,0,9,0,0,,residential,6
2015-09-22,Thiru Vi Ka Nagar,0.917,1,9,0,0,,residential,6
2015-09-23,Thiru Vi Ka Nagar,0.927,2,9,0,0,,residential,6
2015-09-24,Thiru Vi Ka Nagar,0.877,3,9,0,0,,residential,6
2015-09-25,Thiru Vi Ka Nagar,0.938,4,9,0,0,,residential,6
2015-09-26,Thiru Vi Ka Nagar,1.026,5,9,1,0,,residential,6
2015-09-27,Thiru Vi Ka Nagar,0.991,6,9,1,0,,residential,6
2015-09-28,Thiru Vi Ka Nagar,0.957,0,9,0,0,,residential,6
2015-09-29,Thiru Vi Ka Nagar,0.863,1,9,0,0,,residential,6
2015-09-30,Thiru Vi Ka Nagar,0.907,2,9,0,0,,residential,6
2015-10-01,Thiru Vi Ka Nagar,0.965,3,10,0,0,,residential,6
2015-10-02,Thiru Vi Ka Nagar,0.969,4,10,0,0,,residential,6
2015-10-03,Thiru Vi Ka Nagar,1.073,5,10,1,0,,residential,6
2015-10-04,Thiru Vi Ka Nagar,1.202,6,10,1,1,Dussehra,residential,6
2015-10-05,Thiru Vi Ka Nagar,1.256,0,10,0,1,Dussehra,residential,6
2015-10-06,Thiru Vi Ka Nagar,1.094,1,10,0,1,Dussehra,residential,6
2015-10-07,Thiru Vi Ka Nagar,0.993,2,10,0,0,,residential,6
2015-10-08,Thiru Vi Ka Nagar,0.962,3,10,0,0,,residential,6
2015-10-09,Thiru Vi Ka Nagar,0.974,4,10,0,0,,residential,6
2015-10-10,Thiru Vi Ka Nagar,1.055,5,10,1,0,,residential,6
2015-10-11,Thiru Vi Ka Nagar,1.04,6,10,1,0,,residential,6
2015-10-12,Thiru Vi Ka Nagar,1.028,0,10,0,0,,residential,6
2015-10-13,Thiru Vi Ka Nagar,0.948,1,10,0,0,,residential,6
2015-10-14,Thiru Vi Ka Nagar,0.976,2,10,0,0,,residential,6
2015-10-15,Thiru Vi Ka Nagar,0.965,3,10,0,0,,residential,6
2015-10-16,Thiru Vi Ka Nagar,0.956,4,10,0,0,,residential,6
2015-10-17,Thiru Vi Ka Nagar,1.05,5,10,1,0,,residential,6
2015-10-18,Thiru Vi Ka Nagar,1.045,6,10,1,0,,residential,6
2015-10-19,Thiru Vi Ka Nagar,0.963,0,10,0,0,,residential,6
2015-10-20,Thiru Vi Ka Nagar,0.975,1,10,0,0,,residential,6
2015-10-21,Thiru Vi Ka Nagar,0.971,2,10,0,0,,residential,6
2015-10-22,Thiru Vi Ka Nagar,1.121,3,10,0,1,Deepavali,residential,6
2015-10-23,Thiru Vi Ka Nagar,1.202,4,10,0,1,Deepavali,residential,6
2015-10-24,Thiru Vi Ka Nagar,1.57,5,10,1,1,Deepavali,residential,6
2015-10-25,Thiru Vi Ka Nagar,1.328,6,10,1,1,Deepavali,residential,6
2015-10-26,Thiru Vi Ka Nagar,1.117,0,10,0,1,Deepavali,residential,6
2015-10-27,Thiru Vi Ka Nagar,0.936,1,10,0,0,,residential,6
2015-10-28,Thiru Vi Ka Nagar,0.914,2,10,0,0,,residential,6
2015-10-29,Thiru Vi Ka Nagar,1.009,3,10,0,0,,residential,6
2015-10-30,Thiru Vi Ka Nagar,1.004,4,10,0,0,,residential,6
2015-10-31,Thiru Vi Ka Nagar,1.08,5,10,1,0,,residential,6
2015-11-01,Thiru Vi Ka Nagar,1.032,6,11,1,0,,residential,6
2015-11-02,Thiru Vi Ka Nagar,1.068,0,11,0,0,,residential,6
2015-11-03,Thiru Vi Ka Nagar,0.954,1,11,0,0,,residential,6
2015-11-04,Thiru Vi Ka Nagar,0.957,2,11,0,0,,residential,6
2015-11-05,Thiru Vi Ka Nagar,1.006,3,11,0,0,,residential,6
2015-11-06,Thiru Vi Ka Nagar,0.983,4,11,0,0,,residential,6
2015-11-07,Thiru Vi Ka Nagar,1.131,5,11,1,0,,residential,6
2015-11-08,Thiru Vi Ka Nagar,1.069,6,11,1,0,,residential,6
2015-11-09,Thiru Vi Ka Nagar,1.001,0,11,0,0,,residential,6
2015-11-10,Thiru Vi Ka Nagar,0.947,1,11,0,0,,residential,6
2015-11-11,Thiru Vi Ka Nagar,0.911,2,11,0,0,,residential,6
2015-11-12,Thiru Vi Ka Nagar,0.956,3,11,0,0,,residential,6
2015-11-13,Thiru Vi Ka Nagar,0.997,4,11,0,0,,residential,6
2015-11-14,Thiru Vi Ka Nagar,1.08,5,11,1,0,,residential,6
2015-11-15,Thiru Vi Ka Nagar,1.061,6,11,1,0,,residential,6
2015-11-16,Thiru Vi Ka Nagar,0.982,0,11,0,0,,residential,6
2015-11-17,Thiru Vi Ka Nagar,0.971,1,11,0,0,,residential,6
2015-11-18,Thiru Vi Ka Nagar,0.994,2,11,0,0,,residential,6
2015-11-19,Thiru Vi Ka Nagar,0.977,3,11,0,0,,residential,6
2015-11-20,Thiru Vi Ka Nagar,0.969,4,11,0,0,,residential,6
2015-11-21,Thiru Vi Ka Nagar,1.035,5,11,1,0,,residential,6
2015-11-22,Thiru Vi Ka Nagar,1.088,6,11,1,0,,residential,6
2015-11-23,Thiru Vi Ka Nagar,0.917,0,11,0,0,,residential,6
2015-11-24,Thiru Vi Ka Nagar,0.975,1,11,0,0,,residential,6
2015-11-25,Thiru Vi Ka Nagar,1.039,2,11,0,0,,residential,6
2015-11-26,Thiru Vi Ka Nagar,0.921,3,11,0,0,,residential,6
2015-11-27,Thiru Vi Ka Nagar,0.957,4,11,0,0,,residential,6
2015-11-28,Thiru Vi Ka Nagar,1.061,5,11,1,0,,residential,6
2015-11-29,Thiru Vi Ka Nagar,1.046,6,11,1,0,,residential,6
2015-11-30,Thiru Vi Ka Nagar,1.044,0,11,0,0,,residential,6
2015-12-01,Thiru Vi Ka Nagar,0.978,1,12,0,0,,residential,6
2015-12-02,Thiru Vi Ka Nagar,0.969,2,12,0,0,,residential,6
2015-12-03,Thiru Vi Ka Nagar,0.987,3,12,0,0,,residential,6
2015-12-04,Thiru Vi Ka Nagar,0.965,4,12,0,0,,residential,6
2015-12-05,Thiru Vi Ka Nagar,1.162,5,12,1,0,,residential,6
2015-12-06,Thiru Vi Ka Nagar,1.066,6,12,1,0,,residential,6
2015-12-07,Thiru Vi Ka Nagar,1.019,0,12,0,0,,residential,6
2015-12-08,Thiru Vi Ka Nagar,0.915,1,12,0,0,,residential,6
2015-12-09,Thiru Vi Ka Nagar,0.949,2,12,0,0,,residential,6
2015-12-10,Thiru Vi Ka Nagar,0.998,3,12,0,0,,residential,6
2015-12-11,Thiru Vi Ka Nagar,0.926,4,12,0,0,,residential,6
2015-12-12,Thiru Vi Ka Nagar,0.992,5,12,1,0,,residential,6
2015-12-13,Thiru Vi Ka Nagar,1.062,6,12,1,0,,residential,6
2015-12-14,Thiru Vi Ka Nagar,1.054,0,12,0,0,,residential,6
2015-12-15,Thiru Vi Ka Nagar,0.966,1,12,0,0,,residential,6
2015-12-16,Thiru Vi Ka Nagar,0.955,2,12,0,0,,residential,6
2015-12-17,Thiru Vi Ka Nagar,0.911,3,12,0,0,,residential,6
2015-12-18,Thiru Vi Ka Nagar,0.977,4,12,0,0,,residential,6
2015-12-19,Thiru Vi Ka Nagar,1.082,5,12,1,0,,residential,6
2015-12-20,Thiru Vi Ka Nagar,1.004,6,12,1,0,,residential,6
2015-12-21,Thiru Vi Ka Nagar,1.047,0,12,0,0,,residential,6
2015-12-22,Thiru Vi Ka Nagar,0.987,1,12,0,0,,residential,6
2015-12-23,Thiru Vi Ka Nagar,0.997,2,12,0,0,,residential,6
2015-12-24,Thiru Vi Ka Nagar,1.055,3,12,0,1,Christmas,residential,6
2015-12-25,Thiru Vi Ka Nagar,1.131,4,12,0,1,Christmas,residential,6
2015-12-26,Thiru Vi Ka Nagar,1.158,5,12,1,1,Christmas,residential,6
2015-12-27,Thiru Vi Ka Nagar,1.088,6,12,1,0,,residential,6
2015-12-28,Thiru Vi Ka Nagar,0.957,0,12,0,0,,residential,6
2015-12-29,Thiru Vi Ka Nagar,0.921,1,12,0,0,,residential,6
2015-12-30,Thiru Vi Ka Nagar,1.037,2,12,0,1,New Year,residential,6
2015-12-31,Thiru Vi Ka Nagar,1.153,3,12,0,1,New Year,residential,6
2016-01-01,Thiru Vi Ka Nagar,0.976,4,1,0,0,,residential,6
2016-01-02,Thiru Vi Ka Nagar,1.071,5,1,1,0,,residential,6
2016-01-03,Thiru Vi Ka Nagar,1.096,6,1,1,0,,residential,6
2016-01-04,Thiru Vi Ka Nagar,1.047,0,1,0,0,,residential,6
2016-01-05,Thiru Vi Ka Nagar,0.939,1,1,0,0,,residential,6
2016-01-06,Thiru Vi Ka Nagar,0.971,2,1,0,0,,residential,6
2016-01-07,Thiru Vi Ka Nagar,0.94,3,1,0,0,,residential,6
2016-01-08,Thiru Vi Ka Nagar,0.959,4,1,0,0,,residential,6
2016-01-09,Thiru Vi Ka Nagar,1.071,5,1,1,0,,residential,6
2016-01-10,Thiru Vi Ka Nagar,0.952,6,1,1,0,,residential,6
2016-01-11,Thiru Vi Ka Nagar,1.086,0,1,0,0,,residential,6
2016-01-12,Thiru Vi Ka Nagar,1.079,1,1,0,1,Pongal,residential,6
2016-01-13,Thiru Vi Ka Nagar,1.137,2,1,0,1,Pongal,residential,6
2016-01-14,Thiru Vi Ka Nagar,1.326,3,1,0,1,Pongal,residential,6
2016-01-15,Thiru Vi Ka Nagar,1.145,4,1,0,1,Pongal,residential,6
2016-01-16,Thiru Vi Ka Nagar,1.172,5,1,1,1,Pongal,residential,6
2016-01-17,Thiru Vi Ka Nagar,1.045,6,1,1,0,,residential,6
2016-01-18,Thiru Vi Ka Nagar,1.063,0,1,0,0,,residential,6
2016-01-19,Thiru Vi Ka Nagar,0.961,1,1,0,0,,residential,6
2016-01-20,Thiru Vi Ka Nagar,0.969,2,1,0,0,,residential,6
2016-01-21,Thiru Vi Ka Nagar,0.999,3,1,0,0,,residential,6
2016-01-22,Thiru Vi Ka Nagar,0.981,4,1,0,0,,residential,6
2016-01-23,Thiru Vi Ka Nagar,1.059,5,1,1,0,,residential,6
2016-01-24,Thiru Vi Ka Nagar,1.096,6,1,1,0,,residential,6
2016-01-25,Thiru Vi Ka Nagar,1.09,0,1,0,0,,residential,6
2016-01-26,Thiru Vi Ka Nagar,1.071,1,1,0,1,Republic Day,residential,6
2016-01-27,Thiru Vi Ka Nagar,0.968,2,1,0,0,,residential,6
2016-01-28,Thiru Vi Ka Nagar,0.969,3,1,0,0,,residential,6
2016-01-29,Thiru Vi Ka Nagar,1.002,4,1,0,0,,residential,6
2016-01-30,Thiru Vi Ka Nagar,1.042,5,1,1,0,,residential,6
2016-01-31,Thiru Vi Ka Nagar,1.052,6,1,1,0,,residential,6
2016-02-01,Thiru Vi Ka Nagar,0.966,0,2,0,0,,residential,6
2016-02-02,Thiru Vi Ka Nagar,0.93,1,2,0,0,,residential,6
2016-02-03,Thiru Vi Ka Nagar,0.949,2,2,0,0,,residential,6
2016-02-04,Thiru Vi Ka Nagar,0.963,3,2,0,0,,residential,6
2016-02-05,Thiru Vi Ka Nagar,1.016,4,2,0,0,,residential,6
2016-02-06,Thiru Vi Ka Nagar,1.078,5,2,1,0,,residential,6
2016-02-07,Thiru Vi Ka Nagar,1.032,6,2,1,0,,residential,6
2016-02-08,Thiru Vi Ka Nagar,0.99,0,2,0,0,,residential,6
2016-02-09,Thiru Vi Ka Nagar,1.004,1,2,0,0,,residential,6
2016-02-10,Thiru Vi Ka Nagar,0.997,2,2,0,0,,residential,6
2016-02-11,Thiru Vi Ka Nagar,0.965,3,2,0,0,,residential,6
2016-02-12,Thiru Vi Ka Nagar,0.952,4,2,0,0,,residential,6
2016-02-13,Thiru Vi Ka Nagar,1.097,5,2,1,0,,residential,6
2016-02-14,Thiru Vi Ka Nagar,1.029,6,2,1,0,,residential,6
2016-02-15,Thiru Vi Ka Nagar,1.025,0,2,0,0,,residential,6
2016-02-16,Thiru Vi Ka Nagar,1.03,1,2,0,0,,residential,6
2016-02-17,Thiru Vi Ka Nagar,0.97,2,2,0,0,,residential,6
2016-02-18,Thiru Vi Ka Nagar,0.942,3,2,0,0,,residential,6
2016-02-19,Thiru Vi Ka Nagar,0.976,4,2,0,0,,residential,6
2016-02-20,Thiru Vi Ka Nagar,1.046,5,2,1,0,,residential,6
2016-02-21,Thiru Vi Ka Nagar,1.016,6,2,1,0,,residential,6
2016-02-22,Thiru Vi Ka Nagar,1.034,0,2,0,0,,residential,6
2016-02-23,Thiru Vi Ka Nagar,0.997,1,2,0,0,,residential,6
2016-02-24,Thiru Vi Ka Nagar,0.955,2,2,0,0,,residential,6
2016-02-25,Thiru Vi Ka Nagar,0.953,3,2,0,0,,residential,6
2016-02-26,Thiru Vi Ka Nagar,0.937,4,2,0,0,,residential,6
2016-02-27,Thiru Vi Ka Nagar,1.056,5,2,1,0,,residential,6
2016-02-28,Thiru Vi Ka Nagar,1.043,6,2,1,0,,residential,6
2016-02-29,Thiru Vi Ka Nagar,0.982,0,2,0,0,,residential,6
2016-03-01,Thiru Vi Ka Nagar,1.07,1,3,0,0,,residential,6
2016-03-02,Thiru Vi Ka Nagar,1.027,2,3,0,0,,residential,6
2016-03-03,Thiru Vi Ka Nagar,1.03,3,3,0,0,,residential,6
2016-03-04,Thiru Vi Ka Nagar,1.039,4,3,0,0,,residential,6
2016-03-05,Thiru Vi Ka Nagar,1.14,5,3,1,0,,residential,6
2016-03-06,Thiru Vi Ka Nagar,1.1,6,3,1,0,,residential,6
2016-03-07,Thiru Vi Ka Nagar,1.072,0,3,0,0,,residential,6
2016-03-08,Thiru Vi Ka Nagar,1.004,1,3,0,0,,residential,6
2016-03-09,Thiru Vi Ka Nagar,1.026,2,3,0,0,,residential,6
2016-03-10,Thiru Vi Ka Nagar,1.023,3,3,0,0,,residential,6
2016-03-11,Thiru Vi Ka Nagar,1.001,4,3,0,0,,residential,6
2016-03-12,Thiru Vi Ka Nagar,1.069,5,3,1,0,,residential,6
2016-03-13,Thiru Vi Ka Nagar,1.119,6,3,1,0,,residential,6
2016-03-14,Thiru Vi Ka Nagar,1.057,0,3,0,0,,residential,6
2016-03-15,Thiru Vi Ka Nagar,0.955,1,3,0,0,,residential,6
2016-03-16,Thiru Vi Ka Nagar,1.028,2,3,0,0,,residential,6
2016-03-17,Thiru Vi Ka Nagar,1.042,3,3,0,0,,residential,6
2016-03-18,Thiru Vi Ka Nagar,1.089,4,3,0,0,,residential,6
2016-03-19,Thiru Vi Ka Nagar,1.101,5,3,1,0,,residential,6
2016-03-20,Thiru Vi Ka Nagar,1.096,6,3,1,0,,residential,6
2016-03-21,Thiru Vi Ka Nagar,1.028,0,3,0,0,,residential,6
2016-03-22,Thiru Vi Ka Nagar,1.019,1,3,0,0,,residential,6
2016-03-23,Thiru Vi Ka Nagar,1.019,2,3,0,0,,residential,6
2016-03-24,Thiru Vi Ka Nagar,0.988,3,3,0,0,,residential,6
2016-03-25,Thiru Vi Ka Nagar,1.007,4,3,0,0,,residential,6
2016-03-26,Thiru Vi Ka Nagar,1.048,5,3,1,0,,residential,6
2016-03-27,Thiru Vi Ka Nagar,1.145,6,3,1,0,,residential,6
2016-03-28,Thiru Vi Ka Nagar,1.039,0,3,0,0,,residential,6
2016-03-29,Thiru Vi Ka Nagar,1.012,1,3,0,0,,residential,6
2016-03-30,Thiru Vi Ka Nagar,0.969,2,3,0,0,,residential,6
2016-04-01,Thiru Vi Ka Nagar,0.91,4,4,0,0,,residential,6
2016-04-02,Thiru Vi Ka Nagar,1.01,5,4,1,0,,residential,6
2016-04-03,Thiru Vi Ka Nagar,1.019,6,4,1,0,,residential,6
2016-04-04,Thiru Vi Ka Nagar,0.987,0,4,0,0,,residential,6
2016-04-05,Thiru Vi Ka Nagar,0.966,1,4,0,0,,residential,6
2016-04-06,Thiru Vi Ka Nagar,0.947,2,4,0,0,,residential,6
2016-04-07,Thiru Vi Ka Nagar,0.953,3,4,0,0,,residential,6
2016-04-08,Thiru Vi Ka Nagar,0.966,4,4,0,0,,residential,6
2016-04-09,Thiru Vi Ka Nagar,1.036,5,4,1,0,,residential,6
2016-04-10,Thiru Vi Ka Nagar,1.018,6,4,1,0,,residential,6
2016-04-11,Thiru Vi Ka Nagar,1.002,0,4,0,0,,residential,6
2016-04-12,Thiru Vi Ka Nagar,0.956,1,4,0,0,,residential,6
2016-04-13,Thiru Vi Ka Nagar,1.062,2,4,0,1,Tamil New Year,residential,6
2016-04-14,Thiru Vi Ka Nagar,1.107,3,4,0,1,Tamil New Year,residential,6
2016-04-15,Thiru Vi Ka Nagar,1.016,4,4,0,1,Tamil New Year,residential,6
2016-04-16,Thiru Vi Ka Nagar,1.011,5,4,1,0,,residential,6
2016-04-17,Thiru Vi Ka Nagar,1.043,6,4,1,0,,residential,6
2016-04-18,Thiru Vi Ka Nagar,0.972,0,4,0,0,,residential,6
2016-04-19,Thiru Vi Ka Nagar,0.958,1,4,0,0,,residential,6
2016-04-20,Thiru Vi Ka Nagar,1.059,2,4,0,1,Eid,residential,6
2016-04-21,Thiru Vi Ka Nagar,1.152,3,4,0,1,Eid,residential,6
2016-04-22,Thiru Vi Ka Nagar,1.056,4,4,0,1,Eid,residential,6
2016-04-23,Thiru Vi Ka Nagar,0.987,5,4,1,0,,residential,6
2016-04-24,Thiru Vi Ka Nagar,1.034,6,4,1,0,,residential,6
2016-04-25,Thiru Vi Ka Nagar,0.955,0,4,0,0,,residential,6
2016-04-26,Thiru Vi Ka Nagar,0.88,1,4,0,0,,residential,6
2016-04-27,Thiru Vi Ka Nagar,0.918,2,4,0,0,,residential,6
2016-04-28,Thiru Vi Ka Nagar,0.963,3,4,0,0,,residential,6
2016-04-29,Thiru Vi Ka Nagar,0.939,4,4,0,0,,residential,6
2016-04-30,Thiru Vi Ka Nagar,1.081,5,4,1,0,,residential,6
2016-05-01,Thiru Vi Ka Nagar,1.024,6,5,1,0,,residential,6
2016-05-02,Thiru Vi Ka Nagar,1.044,0,5,0,0,,residential,6
2016-05-03,Thiru Vi Ka Nagar,0.931,1,5,0,0,,residential,6
2016-05-04,Thiru Vi Ka Nagar,0.927,2,5,0,0,,residential,6
2016-05-05,Thiru Vi Ka Nagar,0.891,3,5,0,0,,residential,6
2016-05-06,Thiru Vi Ka Nagar,0.957,4,5,0,0,,residential,6
2016-05-07,Thiru Vi Ka Nagar,1.004,5,5,1,0,,residential,6
2016-05-08,Thiru Vi Ka Nagar,0.999,6,5,1,0,,residential,6
2016-05-09,Thiru Vi Ka Nagar,1.01,0,5,0,0,,residential,6
2016-05-10,Thiru Vi Ka Nagar,0.958,1,5,0,0,,residential,6
2016-05-11,Thiru Vi Ka Nagar,0.958,2,5,0,0,,residential,6
2016-05-12,Thiru Vi Ka Nagar,0.916,3,5,0,0,,residential,6
2016-05-13,Thiru Vi Ka Nagar,0.925,4,5,0,0,,residential,6
2016-05-14,Thiru Vi Ka Nagar,1.017,5,5,1,0,,residential,6
2016-05-15,Thiru Vi Ka Nagar,1.043,6,5,1,0,,residential,6
2016-05-16,Thiru Vi Ka Nagar,1.018,0,5,0,0,,residential,6
2016-05-17,Thiru Vi Ka Nagar,0.937,1,5,0,0,,residential,6
2016-05-18,Thiru Vi Ka Nagar,0.981,2,5,0,0,,residential,6
2016-05-19,Thiru Vi Ka Nagar,0.951,3,5,0,0,,residential,6
2016-05-20,Thiru Vi Ka Nagar,0.92,4,5,0,0,,residential,6
2016-05-21,Thiru Vi Ka Nagar,1.044,5,5,1,0,,residential,6
2016-05-22,Thiru Vi Ka Nagar,1.071,6,5,1,0,,residential,6
2016-05-23,Thiru Vi Ka Nagar,1.031,0,5,0,0,,residential,6
2016-05-24,Thiru Vi Ka Nagar,0.959,1,5,0,0,,residential,6
2016-05-25,Thiru Vi Ka Nagar,0.927,2,5,0,0,,residential,6
2016-05-26,Thiru Vi Ka Nagar,0.92,3,5,0,0,,residential,6
2016-05-27,Thiru Vi Ka Nagar,0.942,4,5,0,0,,residential,6
2016-05-28,Thiru Vi Ka Nagar,1.07,5,5,1,0,,residential,6
2016-05-29,Thiru Vi Ka Nagar,1.032,6,5,1,0,,residential,6
2016-05-30,Thiru Vi Ka Nagar,0.986,0,5,0,0,,residential,6
2016-05-31,Thiru Vi Ka Nagar,0.928,1,5,0,0,,residential,6
2016-06-01,Thiru Vi Ka Nagar,0.83,2,6,0,0,,residential,6
2016-06-02,Thiru Vi Ka Nagar,0.834,3,6,0,0,,residential,6
2016-06-03,Thiru Vi Ka Nagar,0.841,4,6,0,0,,residential,6
2016-06-04,Thiru Vi Ka Nagar,0.969,5,6,1,0,,residential,6
2016-06-05,Thiru Vi Ka Nagar,0.915,6,6,1,0,,residential,6
2016-06-06,Thiru Vi Ka Nagar,0.881,0,6,0,0,,residential,6
2016-06-07,Thiru Vi Ka Nagar,0.816,1,6,0,0,,residential,6
2016-06-08,Thiru Vi Ka Nagar,0.856,2,6,0,0,,residential,6
2016-06-09,Thiru Vi Ka Nagar,0.872,3,6,0,0,,residential,6
2016-06-10,Thiru Vi Ka Nagar,0.879,4,6,0,0,,residential,6
2016-06-11,Thiru Vi Ka Nagar,0.928,5,6,1,0,,residential,6
2016-06-12,Thiru Vi Ka Nagar,0.938,6,6,1,0,,residential,6
2016-06-13,Thiru Vi Ka Nagar,0.876,0,6,0,0,,residential,6
2016-06-14,Thiru Vi Ka Nagar,0.851,1,6,0,0,,residential,6
2016-06-15,Thiru Vi Ka Nagar,0.846,2,6,0,0,,residential,6
2016-06-16,Thiru Vi Ka Nagar,0.84,3,6,0,0,,residential,6
2016-06-17,Thiru Vi Ka Nagar,0.842,4,6,0,0,,residential,6
2016-06-18,Thiru Vi Ka Nagar,0.934,5,6,1,0,,residential,6
2016-06-19,Thiru Vi Ka Nagar,0.914,6,6,1,0,,residential,6
2016-06-20,Thiru Vi Ka Nagar,0.874,0,6,0,0,,residential,6
2016-06-21,Thiru Vi Ka Nagar,0.881,1,6,0,0,,residential,6
2016-06-22,Thiru Vi Ka Nagar,0.906,2,6,0,0,,residential,6
2016-06-23,Thiru Vi Ka Nagar,0.808,3,6,0,0,,residential,6
2016-06-24,Thiru Vi Ka Nagar,0.806,4,6,0,0,,residential,6
2016-06-25,Thiru Vi Ka Nagar,0.895,5,6,1,0,,residential,6
2016-06-26,Thiru Vi Ka Nagar,0.919,6,6,1,0,,residential,6
2016-06-27,Thiru Vi Ka Nagar,0.904,0,6,0,0,,residential,6
2016-06-28,Thiru Vi Ka Nagar,0.853,1,6,0,0,,residential,6
2016-06-29,Thiru Vi Ka Nagar,0.842,2,6,0,0,,residential,6
2016-06-30,Thiru Vi Ka Nagar,0.851,3,6,0,0,,residential,6
2016-07-01,Thiru Vi Ka Nagar,0.821,4,7,0,0,,residential,6
2016-07-02,Thiru Vi Ka Nagar,0.915,5,7,1,0,,residential,6
2016-07-03,Thiru Vi Ka Nagar,0.921,6,7,1,0,,residential,6
2016-07-04,Thiru Vi Ka Nagar,0.838,0,7,0,0,,residential,6
2016-07-05,Thiru Vi Ka Nagar,0.809,1,7,0,0,,residential,6
2016-07-06,Thiru Vi Ka Nagar,0.81,2,7,0,0,,residential,6
2016-07-07,Thiru Vi Ka Nagar,0.857,3,7,0,0,,residential,6
2016-07-08,Thiru Vi Ka Nagar,0.844,4,7,0,0,,residential,6
2016-07-09,Thiru Vi Ka Nagar,0.939,5,7,1,0,,residential,6
2016-07-10,Thiru Vi Ka Nagar,0.871,6,7,1,0,,residential,6
2016-07-11,Thiru Vi Ka Nagar,0.841,0,7,0,0,,residential,6
2016-07-12,Thiru Vi Ka Nagar,0.855,1,7,0,0,,residential,6
2016-07-13,Thiru Vi Ka Nagar,0.768,2,7,0,0,,residential,6
2016-07-14,Thiru Vi Ka Nagar,0.869,3,7,0,0,,residential,6
2016-07-15,Thiru Vi Ka Nagar,0.792,4,7,0,0,,residential,6
2016-07-16,Thiru Vi Ka Nagar,0.945,5,7,1,0,,residential,6
2016-07-17,Thiru Vi Ka Nagar,0.897,6,7,1,0,,residential,6
2016-07-18,Thiru Vi Ka Nagar,0.908,0,7,0,0,,residential,6
2016-07-19,Thiru Vi Ka Nagar,0.919,1,7,0,0,,residential,6
2016-07-20,Thiru Vi Ka Nagar,0.781,2,7,0,0,,residential,6
2016-07-21,Thiru Vi Ka Nagar,0.856,3,7,0,0,,residential,6
2016-07-22,Thiru Vi Ka Nagar,0.793,4,7,0,0,,residential,6
2016-07-23,Thiru Vi Ka Nagar,0.934,5,7,1,0,,residential,6
2016-07-24,Thiru Vi Ka Nagar,0.916,6,7,1,0,,residential,6
2016-07-25,Thiru Vi Ka Nagar,0.883,0,7,0,0,,residential,6
2016-07-26,Thiru Vi Ka Nagar,0.815,1,7,0,0,,residential,6
2016-07-27,Thiru Vi Ka Nagar,0.858,2,7,0,0,,residential,6
2016-07-28,Thiru Vi Ka Nagar,0.802,3,7,0,0,,residential,6
2016-07-29,Thiru Vi Ka Nagar,0.869,4,7,0,0,,residential,6
2016-07-30,Thiru Vi Ka Nagar,0.911,5,7,1,0,,residential,6
2016-07-31,Thiru Vi Ka Nagar,0.883,6,7,1,0,,residential,6
2016-08-01,Thiru Vi Ka Nagar,0.922,0,8,0,0,,residential,6
2016-08-02,Thiru Vi Ka Nagar,0.836,1,8,0,0,,residential,6
2016-08-03,Thiru Vi Ka Nagar,0.886,2,8,0,0,,residential,6
2016-08-04,Thiru Vi Ka Nagar,0.869,3,8,0,0,,residential,6
2016-08-05,Thiru Vi Ka Nagar,0.818,4,8,0,0,,residential,6
2016-08-06,Thiru Vi Ka Nagar,0.92,5,8,1,0,,residential,6
2016-08-07,Thiru Vi Ka Nagar,0.925,6,8,1,0,,residential,6
2016-08-08,Thiru Vi Ka Nagar,0.92,0,8,0,0,,residential,6
2016-08-09,Thiru Vi Ka Nagar,0.849,1,8,0,0,,residential,6
2016-08-10,Thiru Vi Ka Nagar,0.843,2,8,0,0,,residential,6
2016-08-11,Thiru Vi Ka Nagar,0.833,3,8,0,0,,residential,6
2016-08-12,Thiru Vi Ka Nagar,0.837,4,8,0,0,,residential,6
2016-08-13,Thiru Vi Ka Nagar,0.958,5,8,1,0,,residential,6
2016-08-14,Thiru Vi Ka Nagar,0.922,6,8,1,0,,residential,6
2016-08-15,Thiru Vi Ka Nagar,0.957,0,8,0,1,Independence,residential,6
2016-08-16,Thiru Vi Ka Nagar,0.824,1,8,0,0,,residential,6
2016-08-17,Thiru Vi Ka Nagar,0.824,2,8,0,0,,residential,6
2016-08-18,Thiru Vi Ka Nagar,0.803,3,8,0,0,,residential,6
2016-08-19,Thiru Vi Ka Nagar,0.819,4,8,0,0,,residential,6
2016-08-20,Thiru Vi Ka Nagar,0.963,5,8,1,0,,residential,6
2016-08-21,Thiru Vi Ka Nagar,0.916,6,8,1,0,,residential,6
2016-08-22,Thiru Vi Ka Nagar,0.899,0,8,0,0,,residential,6
2016-08-23,Thiru Vi Ka Nagar,0.776,1,8,0,0,,residential,6
2016-08-24,Thiru Vi Ka Nagar,0.852,2,8,0,0,,residential,6
2016-08-25,Thiru Vi Ka Nagar,0.834,3,8,0,0,,residential,6
2016-08-26,Thiru Vi Ka Nagar,0.826,4,8,0,0,,residential,6
2016-08-27,Thiru Vi Ka Nagar,0.927,5,8,1,0,,residential,6
2016-08-28,Thiru Vi Ka Nagar,0.908,6,8,1,0,,residential,6
2016-08-29,Thiru Vi Ka Nagar,0.824,0,8,0,0,,residential,6
2016-08-30,Thiru Vi Ka Nagar,0.861,1,8,0,0,,residential,6
2016-08-31,Thiru Vi Ka Nagar,0.844,2,8,0,0,,residential,6
2016-09-01,Thiru Vi Ka Nagar,0.83,3,9,0,0,,residential,6
2016-09-02,Thiru Vi Ka Nagar,0.814,4,9,0,0,,residential,6
2016-09-03,Thiru Vi Ka Nagar,0.881,5,9,1,0,,residential,6
2016-09-04,Thiru Vi Ka Nagar,0.928,6,9,1,0,,residential,6
2016-09-05,Thiru Vi Ka Nagar,0.923,0,9,0,0,,residential,6
2016-09-06,Thiru Vi Ka Nagar,0.843,1,9,0,0,,residential,6
2016-09-07,Thiru Vi Ka Nagar,0.803,2,9,0,0,,residential,6
2016-09-08,Thiru Vi Ka Nagar,0.942,3,9,0,1,Ganesh Chathurthi,residential,6
2016-09-09,Thiru Vi Ka Nagar,1.032,4,9,0,1,Ganesh Chathurthi,residential,6
2016-09-10,Thiru Vi Ka Nagar,1.277,5,9,1,1,Ganesh Chathurthi,residential,6
2016-09-11,Thiru Vi Ka Nagar,1.158,6,9,1,1,Ganesh Chathurthi,residential,6
2016-09-12,Thiru Vi Ka Nagar,0.895,0,9,0,1,Ganesh Chathurthi,residential,6
2016-09-13,Thiru Vi Ka Nagar,0.852,1,9,0,0,,residential,6
2016-09-14,Thiru Vi Ka Nagar,0.813,2,9,0,0,,residential,6
2016-09-15,Thiru Vi Ka Nagar,0.802,3,9,0,0,,residential,6
2016-09-16,Thiru Vi Ka Nagar,0.833,4,9,0,0,,residential,6
2016-09-17,Thiru Vi Ka Nagar,0.933,5,9,1,0,,residential,6
2016-09-18,Thiru Vi Ka Nagar,0.877,6,9,1,0,,residential,6
2016-09-19,Thiru Vi Ka Nagar,0.899,0,9,0,0,,residential,6
2016-09-20,Thiru Vi Ka Nagar,0.857,1,9,0,0,,residential,6
2016-09-21,Thiru Vi Ka Nagar,0.839,2,9,0,0,,residential,6
2016-09-22,Thiru Vi Ka Nagar,0.816,3,9,0,0,,residential,6
2016-09-23,Thiru Vi Ka Nagar,0.813,4,9,0,0,,residential,6
2016-09-24,Thiru Vi Ka Nagar,0.95,5,9,1,0,,residential,6
2016-09-25,Thiru Vi Ka Nagar,0.88,6,9,1,0,,residential,6
2016-09-26,Thiru Vi Ka Nagar,0.908,0,9,0,0,,residential,6
2016-09-27,Thiru Vi Ka Nagar,0.834,1,9,0,0,,residential,6
2016-09-28,Thiru Vi Ka Nagar,0.836,2,9,0,0,,residential,6
2016-09-29,Thiru Vi Ka Nagar,0.795,3,9,0,0,,residential,6
2016-09-30,Thiru Vi Ka Nagar,0.834,4,9,0,0,,residential,6
2016-10-01,Thiru Vi Ka Nagar,0.988,5,10,1,0,,residential,6
2016-10-02,Thiru Vi Ka Nagar,0.932,6,10,1,0,,residential,6
2016-10-03,Thiru Vi Ka Nagar,0.94,0,10,0,0,,residential,6
2016-10-04,Thiru Vi Ka Nagar,0.995,1,10,0,1,Dussehra,residential,6
2016-10-05,Thiru Vi Ka Nagar,1.081,2,10,0,1,Dussehra,residential,6
2016-10-06,Thiru Vi Ka Nagar,1.018,3,10,0,1,Dussehra,residential,6
2016-10-07,Thiru Vi Ka Nagar,0.824,4,10,0,0,,residential,6
2016-10-08,Thiru Vi Ka Nagar,0.981,5,10,1,0,,residential,6
2016-10-09,Thiru Vi Ka Nagar,1.018,6,10,1,0,,residential,6
2016-10-10,Thiru Vi Ka Nagar,0.966,0,10,0,0,,residential,6
2016-10-11,Thiru Vi Ka Nagar,0.893,1,10,0,0,,residential,6
2016-10-12,Thiru Vi Ka Nagar,0.874,2,10,0,0,,residential,6
2016-10-13,Thiru Vi Ka Nagar,0.865,3,10,0,0,,residential,6
2016-10-14,Thiru Vi Ka Nagar,0.874,4,10,0,0,,residential,6
2016-10-15,Thiru Vi Ka Nagar,0.986,5,10,1,0,,residential,6
2016-10-16,Thiru Vi Ka Nagar,0.947,6,10,1,0,,residential,6
2016-10-17,Thiru Vi Ka Nagar,0.947,0,10,0,0,,residential,6
2016-10-18,Thiru Vi Ka Nagar,0.939,1,10,0,0,,residential,6
2016-10-19,Thiru Vi Ka Nagar,0.881,2,10,0,0,,residential,6
2016-10-20,Thiru Vi Ka Nagar,0.847,3,10,0,0,,residential,6
2016-10-21,Thiru Vi Ka Nagar,0.847,4,10,0,0,,residential,6
2016-10-22,Thiru Vi Ka Nagar,1.125,5,10,1,1,Deepavali,residential,6
2016-10-23,Thiru Vi Ka Nagar,1.227,6,10,1,1,Deepavali,residential,6
2016-10-24,Thiru Vi Ka Nagar,1.331,0,10,0,1,Deepavali,residential,6
2016-10-25,Thiru Vi Ka Nagar,1.1,1,10,0,1,Deepavali,residential,6
2016-10-26,Thiru Vi Ka Nagar,1.025,2,10,0,1,Deepavali,residential,6
2016-10-27,Thiru Vi Ka Nagar,0.878,3,10,0,0,,residential,6
2016-10-28,Thiru Vi Ka Nagar,0.863,4,10,0,0,,residential,6
2016-10-29,Thiru Vi Ka Nagar,0.959,5,10,1,0,,residential,6
2016-10-30,Thiru Vi Ka Nagar,0.936,6,10,1,0,,residential,6
2016-10-31,Thiru Vi Ka Nagar,0.982,0,10,0,0,,residential,6
2016-11-01,Thiru Vi Ka Nagar,0.88,1,11,0,0,,residential,6
2016-11-02,Thiru Vi Ka Nagar,0.899,2,11,0,0,,residential,6
2016-11-03,Thiru Vi Ka Nagar,0.868,3,11,0,0,,residential,6
2016-11-04,Thiru Vi Ka Nagar,0.854,4,11,0,0,,residential,6
2016-11-05,Thiru Vi Ka Nagar,0.964,5,11,1,0,,residential,6
2016-11-06,Thiru Vi Ka Nagar,1.002,6,11,1,0,,residential,6
2016-11-07,Thiru Vi Ka Nagar,0.912,0,11,0,0,,residential,6
2016-11-08,Thiru Vi Ka Nagar,0.859,1,11,0,0,,residential,6
2016-11-09,Thiru Vi Ka Nagar,0.886,2,11,0,0,,residential,6
2016-11-10,Thiru Vi Ka Nagar,0.895,3,11,0,0,,residential,6
2016-11-11,Thiru Vi Ka Nagar,0.926,4,11,0,0,,residential,6
2016-11-12,Thiru Vi Ka Nagar,0.981,5,11,1,0,,residential,6
2016-11-13,Thiru Vi Ka Nagar,0.989,6,11,1,0,,residential,6
2016-11-14,Thiru Vi Ka Nagar,0.946,0,11,0,0,,residential,6
2016-11-15,Thiru Vi Ka Nagar,0.852,1,11,0,0,,residential,6
2016-11-16,Thiru Vi Ka Nagar,0.857,2,11,0,0,,residential,6
2016-11-17,Thiru Vi Ka Nagar,0.854,3,11,0,0,,residential,6
2016-11-18,Thiru Vi Ka Nagar,0.847,4,11,0,0,,residential,6
2016-11-19,Thiru Vi Ka Nagar,0.994,5,11,1,0,,residential,6
2016-11-20,Thiru Vi Ka Nagar,0.979,6,11,1,0,,residential,6
2016-11-21,Thiru Vi Ka Nagar,0.929,0,11,0,0,,residential,6
2016-11-22,Thiru Vi Ka Nagar,0.814,1,11,0,0,,residential,6
2016-11-23,Thiru Vi Ka Nagar,0.937,2,11,0,0,,residential,6
2016-11-24,Thiru Vi Ka Nagar,0.859,3,11,0,0,,residential,6
2016-11-25,Thiru Vi Ka Nagar,0.936,4,11,0,0,,residential,6
2016-11-26,Thiru Vi Ka Nagar,0.928,5,11,1,0,,residential,6
2016-11-27,Thiru Vi Ka Nagar,0.947,6,11,1,0,,residential,6
2016-11-28,Thiru Vi Ka Nagar,0.865,0,11,0,0,,residential,6
2016-11-29,Thiru Vi Ka Nagar,0.892,1,11,0,0,,residential,6
2016-11-30,Thiru Vi Ka Nagar,0.853,2,11,0,0,,residential,6
2016-12-01,Thiru Vi Ka Nagar,0.854,3,12,0,0,,residential,6
2016-12-02,Thiru Vi Ka Nagar,0.846,4,12,0,0,,residential,6
2016-12-03,Thiru Vi Ka Nagar,0.993,5,12,1,0,,residential,6
2016-12-04,Thiru Vi Ka Nagar,0.991,6,12,1,0,,residential,6
2016-12-05,Thiru Vi Ka Nagar,0.977,0,12,0,0,,residential,6
2016-12-06,Thiru Vi Ka Nagar,0.864,1,12,0,0,,residential,6
2016-12-07,Thiru Vi Ka Nagar,0.888,2,12,0,0,,residential,6
2016-12-08,Thiru Vi Ka Nagar,0.848,3,12,0,0,,residential,6
2016-12-09,Thiru Vi Ka Nagar,0.873,4,12,0,0,,residential,6
2016-12-10,Thiru Vi Ka Nagar,0.955,5,12,1,0,,residential,6
2016-12-11,Thiru Vi Ka Nagar,0.984,6,12,1,0,,residential,6
2016-12-12,Thiru Vi Ka Nagar,0.955,0,12,0,0,,residential,6
2016-12-13,Thiru Vi Ka Nagar,0.908,1,12,0,0,,residential,6
2016-12-14,Thiru Vi Ka Nagar,0.86,2,12,0,0,,residential,6
2016-12-15,Thiru Vi Ka Nagar,0.909,3,12,0,0,,residential,6
2016-12-16,Thiru Vi Ka Nagar,0.881,4,12,0,0,,residential,6
2016-12-17,Thiru Vi Ka Nagar,0.961,5,12,1,0,,residential,6
2016-12-18,Thiru Vi Ka Nagar,0.95,6,12,1,0,,residential,6
2016-12-19,Thiru Vi Ka Nagar,0.911,0,12,0,0,,residential,6
2016-12-20,Thiru Vi Ka Nagar,0.928,1,12,0,0,,residential,6
2016-12-21,Thiru Vi Ka Nagar,0.89,2,12,0,0,,residential,6
2016-12-22,Thiru Vi Ka Nagar,0.887,3,12,0,0,,residential,6
2016-12-23,Thiru Vi Ka Nagar,0.875,4,12,0,0,,residential,6
2016-12-24,Thiru Vi Ka Nagar,1.12,5,12,1,1,Christmas,residential,6
2016-12-25,Thiru Vi Ka Nagar,1.16,6,12,1,1,Christmas,residential,6
2016-12-26,Thiru Vi Ka Nagar,0.974,0,12,0,1,Christmas,residential,6
2016-12-27,Thiru Vi Ka Nagar,0.875,1,12,0,0,,residential,6
2016-12-28,Thiru Vi Ka Nagar,0.877,2,12,0,0,,residential,6
2016-12-29,Thiru Vi Ka Nagar,0.886,3,12,0,0,,residential,6
2016-12-30,Thiru Vi Ka Nagar,0.95,4,12,0,1,New Year,residential,6
2016-12-31,Thiru Vi Ka Nagar,1.18,5,12,1,1,New Year,residential,6
2017-01-01,Thiru Vi Ka Nagar,1.013,6,1,1,0,,residential,6
2017-01-02,Thiru Vi Ka Nagar,0.89,0,1,0,0,,residential,6
2017-01-03,Thiru Vi Ka Nagar,0.852,1,1,0,0,,residential,6
2017-01-04,Thiru Vi Ka Nagar,0.869,2,1,0,0,,residential,6
2017-01-05,Thiru Vi Ka Nagar,0.871,3,1,0,0,,residential,6
2017-01-06,Thiru Vi Ka Nagar,0.935,4,1,0,0,,residential,6
2017-01-07,Thiru Vi Ka Nagar,1.0,5,1,1,0,,residential,6
2017-01-08,Thiru Vi Ka Nagar,0.998,6,1,1,0,,residential,6
2017-01-09,Thiru Vi Ka Nagar,0.919,0,1,0,0,,residential,6
2017-01-10,Thiru Vi Ka Nagar,0.875,1,1,0,0,,residential,6
2017-01-11,Thiru Vi Ka Nagar,0.844,2,1,0,0,,residential,6
2017-01-12,Thiru Vi Ka Nagar,0.993,3,1,0,1,Pongal,residential,6
2017-01-13,Thiru Vi Ka Nagar,1.074,4,1,0,1,Pongal,residential,6
2017-01-14,Thiru Vi Ka Nagar,1.31,5,1,1,1,Pongal,residential,6
2017-01-15,Thiru Vi Ka Nagar,1.157,6,1,1,1,Pongal,residential,6
2017-01-16,Thiru Vi Ka Nagar,1.015,0,1,0,1,Pongal,residential,6
2017-01-17,Thiru Vi Ka Nagar,0.887,1,1,0,0,,residential,6
2017-01-18,Thiru Vi Ka Nagar,0.906,2,1,0,0,,residential,6
2017-01-19,Thiru Vi Ka Nagar,0.843,3,1,0,0,,residential,6
2017-01-20,Thiru Vi Ka Nagar,0.902,4,1,0,0,,residential,6
2017-01-21,Thiru Vi Ka Nagar,0.97,5,1,1,0,,residential,6
2017-01-22,Thiru Vi Ka Nagar,0.94,6,1,1,0,,residential,6
2017-01-23,Thiru Vi Ka Nagar,0.868,0,1,0,0,,residential,6
2017-01-24,Thiru Vi Ka Nagar,0.879,1,1,0,0,,residential,6
2017-01-25,Thiru Vi Ka Nagar,0.921,2,1,0,0,,residential,6
2017-01-26,Thiru Vi Ka Nagar,1.019,3,1,0,1,Republic Day,residential,6
2017-01-27,Thiru Vi Ka Nagar,0.892,4,1,0,0,,residential,6
2017-01-28,Thiru Vi Ka Nagar,1.028,5,1,1,0,,residential,6
2017-01-29,Thiru Vi Ka Nagar,0.969,6,1,1,0,,residential,6
2017-01-30,Thiru Vi Ka Nagar,0.953,0,1,0,0,,residential,6
2017-01-31,Thiru Vi Ka Nagar,0.87,1,1,0,0,,residential,6
2017-02-01,Thiru Vi Ka Nagar,0.869,2,2,0,0,,residential,6
2017-02-02,Thiru Vi Ka Nagar,0.864,3,2,0,0,,residential,6
2017-02-03,Thiru Vi Ka Nagar,0.828,4,2,0,0,,residential,6
2017-02-04,Thiru Vi Ka Nagar,1.008,5,2,1,0,,residential,6
2017-02-05,Thiru Vi Ka Nagar,0.952,6,2,1,0,,residential,6
2017-02-06,Thiru Vi Ka Nagar,0.904,0,2,0,0,,residential,6
2017-02-07,Thiru Vi Ka Nagar,0.851,1,2,0,0,,residential,6
2017-02-08,Thiru Vi Ka Nagar,0.877,2,2,0,0,,residential,6
2017-02-09,Thiru Vi Ka Nagar,0.929,3,2,0,0,,residential,6
2017-02-10,Thiru Vi Ka Nagar,0.938,4,2,0,0,,residential,6
2017-02-11,Thiru Vi Ka Nagar,0.922,5,2,1,0,,residential,6
2017-02-12,Thiru Vi Ka Nagar,0.96,6,2,1,0,,residential,6
2017-02-13,Thiru Vi Ka Nagar,0.898,0,2,0,0,,residential,6
2017-02-14,Thiru Vi Ka Nagar,0.908,1,2,0,0,,residential,6
2017-02-15,Thiru Vi Ka Nagar,0.89,2,2,0,0,,residential,6
2017-02-16,Thiru Vi Ka Nagar,0.865,3,2,0,0,,residential,6
2017-02-17,Thiru Vi Ka Nagar,0.884,4,2,0,0,,residential,6
2017-02-18,Thiru Vi Ka Nagar,0.957,5,2,1,0,,residential,6
2017-02-19,Thiru Vi Ka Nagar,1.017,6,2,1,0,,residential,6
2017-02-20,Thiru Vi Ka Nagar,0.942,0,2,0,0,,residential,6
2017-02-21,Thiru Vi Ka Nagar,0.9,1,2,0,0,,residential,6
2017-02-22,Thiru Vi Ka Nagar,0.812,2,2,0,0,,residential,6
2017-02-23,Thiru Vi Ka Nagar,0.88,3,2,0,0,,residential,6
2017-02-24,Thiru Vi Ka Nagar,0.937,4,2,0,0,,residential,6
2017-02-25,Thiru Vi Ka Nagar,1.009,5,2,1,0,,residential,6
2017-02-26,Thiru Vi Ka Nagar,0.917,6,2,1,0,,residential,6
2017-02-27,Thiru Vi Ka Nagar,0.918,0,2,0,0,,residential,6
2017-02-28,Thiru Vi Ka Nagar,0.85,1,2,0,0,,residential,6
2017-03-01,Thiru Vi Ka Nagar,0.974,2,3,0,0,,residential,6
2017-03-02,Thiru Vi Ka Nagar,0.933,3,3,0,0,,residential,6
2017-03-03,Thiru Vi Ka Nagar,0.905,4,3,0,0,,residential,6
2017-03-04,Thiru Vi Ka Nagar,1.02,5,3,1,0,,residential,6
2017-03-05,Thiru Vi Ka Nagar,0.939,6,3,1,0,,residential,6
2017-03-06,Thiru Vi Ka Nagar,0.941,0,3,0,0,,residential,6
2017-03-07,Thiru Vi Ka Nagar,0.927,1,3,0,0,,residential,6
2017-03-08,Thiru Vi Ka Nagar,0.95,2,3,0,0,,residential,6
2017-03-09,Thiru Vi Ka Nagar,0.872,3,3,0,0,,residential,6
2017-03-10,Thiru Vi Ka Nagar,0.916,4,3,0,0,,residential,6
2017-03-11,Thiru Vi Ka Nagar,1.05,5,3,1,0,,residential,6
2017-03-12,Thiru Vi Ka Nagar,0.975,6,3,1,0,,residential,6
2017-03-13,Thiru Vi Ka Nagar,0.979,0,3,0,0,,residential,6
2017-03-14,Thiru Vi Ka Nagar,0.928,1,3,0,0,,residential,6
2017-03-15,Thiru Vi Ka Nagar,0.974,2,3,0,0,,residential,6
2017-03-16,Thiru Vi Ka Nagar,0.92,3,3,0,0,,residential,6
2017-03-17,Thiru Vi Ka Nagar,0.922,4,3,0,0,,residential,6
2017-03-18,Thiru Vi Ka Nagar,1.045,5,3,1,0,,residential,6
2017-03-19,Thiru Vi Ka Nagar,0.978,6,3,1,0,,residential,6
2017-03-20,Thiru Vi Ka Nagar,0.966,0,3,0,0,,residential,6
2017-03-21,Thiru Vi Ka Nagar,0.914,1,3,0,0,,residential,6
2017-03-22,Thiru Vi Ka Nagar,0.922,2,3,0,0,,residential,6
2017-03-23,Thiru Vi Ka Nagar,0.95,3,3,0,0,,residential,6
2017-03-24,Thiru Vi Ka Nagar,0.942,4,3,0,0,,residential,6
2017-03-25,Thiru Vi Ka Nagar,0.996,5,3,1,0,,residential,6
2017-03-26,Thiru Vi Ka Nagar,1.023,6,3,1,0,,residential,6
2017-03-27,Thiru Vi Ka Nagar,1.016,0,3,0,0,,residential,6
2017-03-28,Thiru Vi Ka Nagar,0.903,1,3,0,0,,residential,6
2017-03-29,Thiru Vi Ka Nagar,0.93,2,3,0,0,,residential,6
2017-03-30,Thiru Vi Ka Nagar,0.921,3,3,0,0,,residential,6
2017-03-31,Thiru Vi Ka Nagar,0.925,4,3,0,0,,residential,6
2017-04-01,Thiru Vi Ka Nagar,1.047,5,4,1,0,,residential,6
2017-04-02,Thiru Vi Ka Nagar,1.148,6,4,1,0,,residential,6
2017-04-03,Thiru Vi Ka Nagar,1.027,0,4,0,0,,residential,6
2017-04-04,Thiru Vi Ka Nagar,1.032,1,4,0,0,,residential,6
2017-04-05,Thiru Vi Ka Nagar,0.982,2,4,0,0,,residential,6
2017-04-06,Thiru Vi Ka Nagar,0.982,3,4,0,0,,residential,6
2017-04-07,Thiru Vi Ka Nagar,1.038,4,4,0,0,,residential,6
2017-04-08,Thiru Vi Ka Nagar,1.134,5,4,1,0,,residential,6
2017-04-09,Thiru Vi Ka Nagar,1.108,6,4,1,0,,residential,6
2017-04-10,Thiru Vi Ka Nagar,1.075,0,4,0,0,,residential,6
2017-04-11,Thiru Vi Ka Nagar,0.992,1,4,0,0,,residential,6
2017-04-12,Thiru Vi Ka Nagar,1.001,2,4,0,0,,residential,6
2017-04-13,Thiru Vi Ka Nagar,1.104,3,4,0,1,Tamil New Year,residential,6
2017-04-14,Thiru Vi Ka Nagar,1.285,4,4,0,1,Tamil New Year,residential,6
2017-04-15,Thiru Vi Ka Nagar,1.213,5,4,1,1,Tamil New Year,residential,6
2017-04-16,Thiru Vi Ka Nagar,1.15,6,4,1,0,,residential,6
2017-04-17,Thiru Vi Ka Nagar,1.041,0,4,0,0,,residential,6
2017-04-18,Thiru Vi Ka Nagar,1.002,1,4,0,0,,residential,6
2017-04-19,Thiru Vi Ka Nagar,1.024,2,4,0,0,,residential,6
2017-04-20,Thiru Vi Ka Nagar,1.102,3,4,0,1,Eid,residential,6
2017-04-21,Thiru Vi Ka Nagar,1.191,4,4,0,1,Eid,residential,6
2017-04-22,Thiru Vi Ka Nagar,1.21,5,4,1,1,Eid,residential,6
2017-04-23,Thiru Vi Ka Nagar,1.131,6,4,1,0,,residential,6
2017-04-24,Thiru Vi Ka Nagar,1.03,0,4,0,0,,residential,6
2017-04-25,Thiru Vi Ka Nagar,0.997,1,4,0,0,,residential,6
2017-04-26,Thiru Vi Ka Nagar,1.001,2,4,0,0,,residential,6
2017-04-27,Thiru Vi Ka Nagar,1.027,3,4,0,0,,residential,6
2017-04-28,Thiru Vi Ka Nagar,0.998,4,4,0,0,,residential,6
2017-04-29,Thiru Vi Ka Nagar,1.161,5,4,1,0,,residential,6
2017-04-30,Thiru Vi Ka Nagar,1.096,6,4,1,0,,residential,6
2017-05-01,Thiru Vi Ka Nagar,1.044,0,5,0,0,,residential,6
2017-05-02,Thiru Vi Ka Nagar,0.996,1,5,0,0,,residential,6
2017-05-03,Thiru Vi Ka Nagar,0.962,2,5,0,0,,residential,6
2017-05-04,Thiru Vi Ka Nagar,0.97,3,5,0,0,,residential,6
2017-05-05,Thiru Vi Ka Nagar,0.985,4,5,0,0,,residential,6
2017-05-06,Thiru Vi Ka Nagar,1.139,5,5,1,0,,residential,6
2017-05-07,Thiru Vi Ka Nagar,1.1,6,5,1,0,,residential,6
2017-05-08,Thiru Vi Ka Nagar,1.036,0,5,0,0,,residential,6
2017-05-09,Thiru Vi Ka Nagar,1.038,1,5,0,0,,residential,6
2017-05-10,Thiru Vi Ka Nagar,1.048,2,5,0,0,,residential,6
2017-05-11,Thiru Vi Ka Nagar,1.039,3,5,0,0,,residential,6
2017-05-12,Thiru Vi Ka Nagar,0.975,4,5,0,0,,residential,6
2017-05-13,Thiru Vi Ka Nagar,1.085,5,5,1,0,,residential,6
2017-05-14,Thiru Vi Ka Nagar,1.161,6,5,1,0,,residential,6
2017-05-15,Thiru Vi Ka Nagar,1.059,0,5,0,0,,residential,6
2017-05-16,Thiru Vi Ka Nagar,0.993,1,5,0,0,,residential,6
2017-05-17,Thiru Vi Ka Nagar,1.023,2,5,0,0,,residential,6
2017-05-18,Thiru Vi Ka Nagar,1.031,3,5,0,0,,residential,6
2017-05-19,Thiru Vi Ka Nagar,0.984,4,5,0,0,,residential,6
2017-05-20,Thiru Vi Ka Nagar,1.108,5,5,1,0,,residential,6
2017-05-21,Thiru Vi Ka Nagar,1.132,6,5,1,0,,residential,6
2017-05-22,Thiru Vi Ka Nagar,1.015,0,5,0,0,,residential,6
2017-05-23,Thiru Vi Ka Nagar,1.001,1,5,0,0,,residential,6
2017-05-24,Thiru Vi Ka Nagar,0.968,2,5,0,0,,residential,6
2017-05-25,Thiru Vi Ka Nagar,0.972,3,5,0,0,,residential,6
2017-05-26,Thiru Vi Ka Nagar,0.984,4,5,0,0,,residential,6
2017-05-27,Thiru Vi Ka Nagar,1.117,5,5,1,0,,residential,6
2017-05-28,Thiru Vi Ka Nagar,1.091,6,5,1,0,,residential,6
2017-05-29,Thiru Vi Ka Nagar,1.031,0,5,0,0,,residential,6
2017-05-30,Thiru Vi Ka Nagar,1.003,1,5,0,0,,residential,6
2017-05-31,Thiru Vi Ka Nagar,0.967,2,5,0,0,,residential,6
2017-06-01,Thiru Vi Ka Nagar,0.917,3,6,0,0,,residential,6
2017-06-02,Thiru Vi Ka Nagar,0.936,4,6,0,0,,residential,6
2017-06-03,Thiru Vi Ka Nagar,0.994,5,6,1,0,,residential,6
2017-06-04,Thiru Vi Ka Nagar,0.99,6,6,1,0,,residential,6
2017-06-05,Thiru Vi Ka Nagar,0.962,0,6,0,0,,residential,6
2017-06-06,Thiru Vi Ka Nagar,0.851,1,6,0,0,,residential,6
2017-06-07,Thiru Vi Ka Nagar,0.92,2,6,0,0,,residential,6
2017-06-08,Thiru Vi Ka Nagar,0.99,3,6,0,0,,residential,6
2017-06-09,Thiru Vi Ka Nagar,0.902,4,6,0,0,,residential,6
2017-06-10,Thiru Vi Ka Nagar,0.993,5,6,1,0,,residential,6
2017-06-11,Thiru Vi Ka Nagar,1.019,6,6,1,0,,residential,6
2017-06-12,Thiru Vi Ka Nagar,0.998,0,6,0,0,,residential,6
2017-06-13,Thiru Vi Ka Nagar,0.932,1,6,0,0,,residential,6
2017-06-14,Thiru Vi Ka Nagar,0.847,2,6,0,0,,residential,6
2017-06-15,Thiru Vi Ka Nagar,0.921,3,6,0,0,,residential,6
2017-06-16,Thiru Vi Ka Nagar,0.976,4,6,0,0,,residential,6
2017-06-17,Thiru Vi Ka Nagar,1.015,5,6,1,0,,residential,6
2017-06-18,Thiru Vi Ka Nagar,0.962,6,6,1,0,,residential,6
2017-06-19,Thiru Vi Ka Nagar,0.959,0,6,0,0,,residential,6
2017-06-20,Thiru Vi Ka Nagar,0.871,1,6,0,0,,residential,6
2017-06-21,Thiru Vi Ka Nagar,0.939,2,6,0,0,,residential,6
2017-06-22,Thiru Vi Ka Nagar,0.88,3,6,0,0,,residential,6
2017-06-23,Thiru Vi Ka Nagar,0.908,4,6,0,0,,residential,6
2017-06-24,Thiru Vi Ka Nagar,0.971,5,6,1,0,,residential,6
2017-06-25,Thiru Vi Ka Nagar,0.98,6,6,1,0,,residential,6
2017-06-26,Thiru Vi Ka Nagar,0.993,0,6,0,0,,residential,6
2017-06-27,Thiru Vi Ka Nagar,0.909,1,6,0,0,,residential,6
2017-06-28,Thiru Vi Ka Nagar,0.891,2,6,0,0,,residential,6
2017-06-29,Thiru Vi Ka Nagar,0.875,3,6,0,0,,residential,6
2017-06-30,Thiru Vi Ka Nagar,0.855,4,6,0,0,,residential,6
2017-07-01,Thiru Vi Ka Nagar,0.959,5,7,1,0,,residential,6
2017-07-02,Thiru Vi Ka Nagar,1.0,6,7,1,0,,residential,6
2017-07-03,Thiru Vi Ka Nagar,0.979,0,7,0,0,,residential,6
2017-07-04,Thiru Vi Ka Nagar,0.891,1,7,0,0,,residential,6
2017-07-05,Thiru Vi Ka Nagar,0.948,2,7,0,0,,residential,6
2017-07-06,Thiru Vi Ka Nagar,0.886,3,7,0,0,,residential,6
2017-07-07,Thiru Vi Ka Nagar,0.899,4,7,0,0,,residential,6
2017-07-08,Thiru Vi Ka Nagar,0.964,5,7,1,0,,residential,6
2017-07-09,Thiru Vi Ka Nagar,1.026,6,7,1,0,,residential,6
2017-07-10,Thiru Vi Ka Nagar,1.011,0,7,0,0,,residential,6
2017-07-11,Thiru Vi Ka Nagar,0.858,1,7,0,0,,residential,6
2017-07-12,Thiru Vi Ka Nagar,0.896,2,7,0,0,,residential,6
2017-07-13,Thiru Vi Ka Nagar,0.94,3,7,0,0,,residential,6
2017-07-14,Thiru Vi Ka Nagar,0.866,4,7,0,0,,residential,6
2017-07-15,Thiru Vi Ka Nagar,1.013,5,7,1,0,,residential,6
2017-07-16,Thiru Vi Ka Nagar,1.033,6,7,1,0,,residential,6
2017-07-17,Thiru Vi Ka Nagar,0.953,0,7,0,0,,residential,6
2017-07-18,Thiru Vi Ka Nagar,0.921,1,7,0,0,,residential,6
2017-07-19,Thiru Vi Ka Nagar,0.954,2,7,0,0,,residential,6
2017-07-20,Thiru Vi Ka Nagar,0.959,3,7,0,0,,residential,6
2017-07-21,Thiru Vi Ka Nagar,0.904,4,7,0,0,,residential,6
2017-07-22,Thiru Vi Ka Nagar,0.98,5,7,1,0,,residential,6
2017-07-23,Thiru Vi Ka Nagar,0.969,6,7,1,0,,residential,6
2017-07-24,Thiru Vi Ka Nagar,0.979,0,7,0,0,,residential,6
2017-07-25,Thiru Vi Ka Nagar,0.868,1,7,0,0,,residential,6
2017-07-26,Thiru Vi Ka Nagar,0.899,2,7,0,0,,residential,6
2017-07-27,Thiru Vi Ka Nagar,0.909,3,7,0,0,,residential,6
2017-07-28,Thiru Vi Ka Nagar,0.892,4,7,0,0,,residential,6
2017-07-29,Thiru Vi Ka Nagar,1.005,5,7,1,0,,residential,6
2017-07-30,Thiru Vi Ka Nagar,1.073,6,7,1,0,,residential,6
2017-07-31,Thiru Vi Ka Nagar,0.948,0,7,0,0,,residential,6
2017-08-01,Thiru Vi Ka Nagar,0.894,1,8,0,0,,residential,6
2017-08-02,Thiru Vi Ka Nagar,0.933,2,8,0,0,,residential,6
2017-08-03,Thiru Vi Ka Nagar,0.912,3,8,0,0,,residential,6
2017-08-04,Thiru Vi Ka Nagar,0.945,4,8,0,0,,residential,6
2017-08-05,Thiru Vi Ka Nagar,1.001,5,8,1,0,,residential,6
2017-08-06,Thiru Vi Ka Nagar,0.989,6,8,1,0,,residential,6
2017-08-07,Thiru Vi Ka Nagar,0.9,0,8,0,0,,residential,6
2017-08-08,Thiru Vi Ka Nagar,0.862,1,8,0,0,,residential,6
2017-08-09,Thiru Vi Ka Nagar,0.856,2,8,0,0,,residential,6
2017-08-10,Thiru Vi Ka Nagar,0.916,3,8,0,0,,residential,6
2017-08-11,Thiru Vi Ka Nagar,0.869,4,8,0,0,,residential,6
2017-08-12,Thiru Vi Ka Nagar,1.034,5,8,1,0,,residential,6
2017-08-13,Thiru Vi Ka Nagar,0.997,6,8,1,0,,residential,6
2017-08-14,Thiru Vi Ka Nagar,0.944,0,8,0,0,,residential,6
2017-08-15,Thiru Vi Ka Nagar,0.971,1,8,0,1,Independence,residential,6
2017-08-16,Thiru Vi Ka Nagar,0.923,2,8,0,0,,residential,6
2017-08-17,Thiru Vi Ka Nagar,0.884,3,8,0,0,,residential,6
2017-08-18,Thiru Vi Ka Nagar,0.879,4,8,0,0,,residential,6
2017-08-19,Thiru Vi Ka Nagar,1.032,5,8,1,0,,residential,6
2017-08-20,Thiru Vi Ka Nagar,1.007,6,8,1,0,,residential,6
2017-08-21,Thiru Vi Ka Nagar,0.944,0,8,0,0,,residential,6
2017-08-22,Thiru Vi Ka Nagar,0.923,1,8,0,0,,residential,6
2017-08-23,Thiru Vi Ka Nagar,0.906,2,8,0,0,,residential,6
2017-08-24,Thiru Vi Ka Nagar,0.916,3,8,0,0,,residential,6
2017-08-25,Thiru Vi Ka Nagar,0.884,4,8,0,0,,residential,6
2017-08-26,Thiru Vi Ka Nagar,1.058,5,8,1,0,,residential,6
2017-08-27,Thiru Vi Ka Nagar,0.979,6,8,1,0,,residential,6
2017-08-28,Thiru Vi Ka Nagar,0.995,0,8,0,0,,residential,6
2017-08-29,Thiru Vi Ka Nagar,0.901,1,8,0,0,,residential,6
2017-08-30,Thiru Vi Ka Nagar,0.928,2,8,0,0,,residential,6
2017-08-31,Thiru Vi Ka Nagar,0.926,3,8,0,0,,residential,6
2017-09-01,Thiru Vi Ka Nagar,0.937,4,9,0,0,,residential,6
2017-09-02,Thiru Vi Ka Nagar,0.971,5,9,1,0,,residential,6
2017-09-03,Thiru Vi Ka Nagar,1.028,6,9,1,0,,residential,6
2017-09-04,Thiru Vi Ka Nagar,1.004,0,9,0,0,,residential,6
2017-09-05,Thiru Vi Ka Nagar,0.899,1,9,0,0,,residential,6
2017-09-06,Thiru Vi Ka Nagar,0.907,2,9,0,0,,residential,6
2017-09-07,Thiru Vi Ka Nagar,0.892,3,9,0,0,,residential,6
2017-09-08,Thiru Vi Ka Nagar,1.001,4,9,0,1,Ganesh Chathurthi,residential,6
2017-09-09,Thiru Vi Ka Nagar,1.292,5,9,1,1,Ganesh Chathurthi,residential,6
2017-09-10,Thiru Vi Ka Nagar,1.305,6,9,1,1,Ganesh Chathurthi,residential,6
2017-09-11,Thiru Vi Ka Nagar,1.14,0,9,0,1,Ganesh Chathurthi,residential,6
2017-09-12,Thiru Vi Ka Nagar,1.06,1,9,0,1,Ganesh Chathurthi,residential,6
2017-09-13,Thiru Vi Ka Nagar,0.923,2,9,0,0,,residential,6
2017-09-14,Thiru Vi Ka Nagar,0.963,3,9,0,0,,residential,6
2017-09-15,Thiru Vi Ka Nagar,0.894,4,9,0,0,,residential,6
2017-09-16,Thiru Vi Ka Nagar,1.0,5,9,1,0,,residential,6
2017-09-17,Thiru Vi Ka Nagar,0.977,6,9,1,0,,residential,6
2017-09-18,Thiru Vi Ka Nagar,0.955,0,9,0,0,,residential,6
2017-09-19,Thiru Vi Ka Nagar,0.858,1,9,0,0,,residential,6
2017-09-20,Thiru Vi Ka Nagar,0.924,2,9,0,0,,residential,6
2017-09-21,Thiru Vi Ka Nagar,0.915,3,9,0,0,,residential,6
2017-09-22,Thiru Vi Ka Nagar,0.904,4,9,0,0,,residential,6
2017-09-23,Thiru Vi Ka Nagar,0.985,5,9,1,0,,residential,6
2017-09-24,Thiru Vi Ka Nagar,0.97,6,9,1,0,,residential,6
2017-09-25,Thiru Vi Ka Nagar,0.972,0,9,0,0,,residential,6
2017-09-26,Thiru Vi Ka Nagar,0.874,1,9,0,0,,residential,6
2017-09-27,Thiru Vi Ka Nagar,0.92,2,9,0,0,,residential,6
2017-09-28,Thiru Vi Ka Nagar,0.962,3,9,0,0,,residential,6
2017-09-29,Thiru Vi Ka Nagar,0.946,4,9,0,0,,residential,6
2017-09-30,Thiru Vi Ka Nagar,0.951,5,9,1,0,,residential,6
2017-10-01,Thiru Vi Ka Nagar,1.032,6,10,1,0,,residential,6
2017-10-02,Thiru Vi Ka Nagar,1.014,0,10,0,0,,residential,6
2017-10-03,Thiru Vi Ka Nagar,0.951,1,10,0,0,,residential,6
2017-10-04,Thiru Vi Ka Nagar,1.028,2,10,0,1,Dussehra,residential,6
2017-10-05,Thiru Vi Ka Nagar,1.206,3,10,0,1,Dussehra,residential,6
2017-10-06,Thiru Vi Ka Nagar,1.072,4,10,0,1,Dussehra,residential,6
2017-10-07,Thiru Vi Ka Nagar,1.109,5,10,1,0,,residential,6
2017-10-08,Thiru Vi Ka Nagar,1.041,6,10,1,0,,residential,6
2017-10-09,Thiru Vi Ka Nagar,1.036,0,10,0,0,,residential,6
2017-10-10,Thiru Vi Ka Nagar,0.917,1,10,0,0,,residential,6
2017-10-11,Thiru Vi Ka Nagar,0.924,2,10,0,0,,residential,6
2017-10-12,Thiru Vi Ka Nagar,0.974,3,10,0,0,,residential,6
2017-10-13,Thiru Vi Ka Nagar,0.984,4,10,0,0,,residential,6
2017-10-14,Thiru Vi Ka Nagar,1.019,5,10,1,0,,residential,6
2017-10-15,Thiru Vi Ka Nagar,1.05,6,10,1,0,,residential,6
2017-10-16,Thiru Vi Ka Nagar,0.96,0,10,0,0,,residential,6
2017-10-17,Thiru Vi Ka Nagar,0.948,1,10,0,0,,residential,6
2017-10-18,Thiru Vi Ka Nagar,0.977,2,10,0,0,,residential,6
2017-10-19,Thiru Vi Ka Nagar,0.941,3,10,0,0,,residential,6
2017-10-20,Thiru Vi Ka Nagar,0.946,4,10,0,0,,residential,6
2017-10-21,Thiru Vi Ka Nagar,1.013,5,10,1,0,,residential,6
2017-10-22,Thiru Vi Ka Nagar,1.165,6,10,1,1,Deepavali,residential,6
2017-10-23,Thiru Vi Ka Nagar,1.335,0,10,0,1,Deepavali,residential,6
2017-10-24,Thiru Vi Ka Nagar,1.338,1,10,0,1,Deepavali,residential,6
2017-10-25,Thiru Vi Ka Nagar,1.171,2,10,0,1,Deepavali,residential,6
2017-10-26,Thiru Vi Ka Nagar,1.07,3,10,0,1,Deepavali,residential,6
2017-10-27,Thiru Vi Ka Nagar,0.908,4,10,0,0,,residential,6
2017-10-28,Thiru Vi Ka Nagar,1.017,5,10,1,0,,residential,6
2017-10-29,Thiru Vi Ka Nagar,1.092,6,10,1,0,,residential,6
2017-10-30,Thiru Vi Ka Nagar,0.997,0,10,0,0,,residential,6
2017-10-31,Thiru Vi Ka Nagar,1.008,1,10,0,0,,residential,6
2017-11-01,Thiru Vi Ka Nagar,0.951,2,11,0,0,,residential,6
2017-11-02,Thiru Vi Ka Nagar,0.952,3,11,0,0,,residential,6
2017-11-03,Thiru Vi Ka Nagar,0.972,4,11,0,0,,residential,6
2017-11-04,Thiru Vi Ka Nagar,0.965,5,11,1,0,,residential,6
2017-11-05,Thiru Vi Ka Nagar,1.055,6,11,1,0,,residential,6
2017-11-06,Thiru Vi Ka Nagar,1.0,0,11,0,0,,residential,6
2017-11-07,Thiru Vi Ka Nagar,0.996,1,11,0,0,,residential,6
2017-11-08,Thiru Vi Ka Nagar,0.981,2,11,0,0,,residential,6
2017-11-09,Thiru Vi Ka Nagar,0.921,3,11,0,0,,residential,6
2017-11-10,Thiru Vi Ka Nagar,0.989,4,11,0,0,,residential,6
2017-11-11,Thiru Vi Ka Nagar,1.041,5,11,1,0,,residential,6
2017-11-12,Thiru Vi Ka Nagar,1.02,6,11,1,0,,residential,6
2017-11-13,Thiru Vi Ka Nagar,1.007,0,11,0,0,,residential,6
2017-11-14,Thiru Vi Ka Nagar,0.948,1,11,0,0,,residential,6
2017-11-15,Thiru Vi Ka Nagar,0.997,2,11,0,0,,residential,6
2017-11-16,Thiru Vi Ka Nagar,0.963,3,11,0,0,,residential,6
2017-11-17,Thiru Vi Ka Nagar,0.959,4,11,0,0,,residential,6
2017-11-18,Thiru Vi Ka Nagar,1.077,5,11,1,0,,residential,6
2017-11-19,Thiru Vi Ka Nagar,1.083,6,11,1,0,,residential,6
2017-11-20,Thiru Vi Ka Nagar,1.025,0,11,0,0,,residential,6
2017-11-21,Thiru Vi Ka Nagar,0.994,1,11,0,0,,residential,6
2017-11-22,Thiru Vi Ka Nagar,0.971,2,11,0,0,,residential,6
2017-11-23,Thiru Vi Ka Nagar,0.958,3,11,0,0,,residential,6
2017-11-24,Thiru Vi Ka Nagar,0.989,4,11,0,0,,residential,6
2017-11-25,Thiru Vi Ka Nagar,1.046,5,11,1,0,,residential,6
2017-11-26,Thiru Vi Ka Nagar,1.05,6,11,1,0,,residential,6
2017-11-27,Thiru Vi Ka Nagar,1.053,0,11,0,0,,residential,6
2017-11-28,Thiru Vi Ka Nagar,1.0,1,11,0,0,,residential,6
2017-11-29,Thiru Vi Ka Nagar,0.953,2,11,0,0,,residential,6
2017-11-30,Thiru Vi Ka Nagar,0.94,3,11,0,0,,residential,6
2017-12-01,Thiru Vi Ka Nagar,0.995,4,12,0,0,,residential,6
2017-12-02,Thiru Vi Ka Nagar,1.074,5,12,1,0,,residential,6
2017-12-03,Thiru Vi Ka Nagar,1.059,6,12,1,0,,residential,6
2017-12-04,Thiru Vi Ka Nagar,0.991,0,12,0,0,,residential,6
2017-12-05,Thiru Vi Ka Nagar,0.963,1,12,0,0,,residential,6
2017-12-06,Thiru Vi Ka Nagar,0.953,2,12,0,0,,residential,6
2017-12-07,Thiru Vi Ka Nagar,0.934,3,12,0,0,,residential,6
2017-12-08,Thiru Vi Ka Nagar,0.957,4,12,0,0,,residential,6
2017-12-09,Thiru Vi Ka Nagar,1.057,5,12,1,0,,residential,6
2017-12-10,Thiru Vi Ka Nagar,1.037,6,12,1,0,,residential,6
2017-12-11,Thiru Vi Ka Nagar,1.028,0,12,0,0,,residential,6
2017-12-12,Thiru Vi Ka Nagar,0.99,1,12,0,0,,residential,6
2017-12-13,Thiru Vi Ka Nagar,0.981,2,12,0,0,,residential,6
2017-12-14,Thiru Vi Ka Nagar,0.946,3,12,0,0,,residential,6
2017-12-15,Thiru Vi Ka Nagar,0.975,4,12,0,0,,residential,6
2017-12-16,Thiru Vi Ka Nagar,1.051,5,12,1,0,,residential,6
2017-12-17,Thiru Vi Ka Nagar,1.01,6,12,1,0,,residential,6
2017-12-18,Thiru Vi Ka Nagar,1.021,0,12,0,0,,residential,6
2017-12-19,Thiru Vi Ka Nagar,0.958,1,12,0,0,,residential,6
2017-12-20,Thiru Vi Ka Nagar,1.028,2,12,0,0,,residential,6
2017-12-21,Thiru Vi Ka Nagar,0.995,3,12,0,0,,residential,6
2017-12-22,Thiru Vi Ka Nagar,0.974,4,12,0,0,,residential,6
2017-12-23,Thiru Vi Ka Nagar,1.057,5,12,1,0,,residential,6
2017-12-24,Thiru Vi Ka Nagar,1.133,6,12,1,1,Christmas,residential,6
2017-12-25,Thiru Vi Ka Nagar,1.117,0,12,0,1,Christmas,residential,6
2017-12-26,Thiru Vi Ka Nagar,0.971,1,12,0,1,Christmas,residential,6
2017-12-27,Thiru Vi Ka Nagar,0.928,2,12,0,0,,residential,6
2017-12-28,Thiru Vi Ka Nagar,0.952,3,12,0,0,,residential,6
2017-12-29,Thiru Vi Ka Nagar,0.893,4,12,0,0,,residential,6
2017-12-30,Thiru Vi Ka Nagar,1.135,5,12,1,1,New Year,residential,6
2017-12-31,Thiru Vi Ka Nagar,1.249,6,12,1,1,New Year,residential,6
2018-01-01,Thiru Vi Ka Nagar,0.995,0,1,0,0,,residential,6
2018-01-02,Thiru Vi Ka Nagar,0.934,1,1,0,0,,residential,6
2018-01-03,Thiru Vi Ka Nagar,0.944,2,1,0,0,,residential,6
2018-01-04,Thiru Vi Ka Nagar,1.003,3,1,0,0,,residential,6
2018-01-05,Thiru Vi Ka Nagar,0.972,4,1,0,0,,residential,6
2018-01-06,Thiru Vi Ka Nagar,1.031,5,1,1,0,,residential,6
2018-01-07,Thiru Vi Ka Nagar,1.047,6,1,1,0,,residential,6
2018-01-08,Thiru Vi Ka Nagar,1.0,0,1,0,0,,residential,6
2018-01-09,Thiru Vi Ka Nagar,0.931,1,1,0,0,,residential,6
2018-01-10,Thiru Vi Ka Nagar,0.931,2,1,0,0,,residential,6
2018-01-11,Thiru Vi Ka Nagar,0.982,3,1,0,0,,residential,6
2018-01-12,Thiru Vi Ka Nagar,1.036,4,1,0,1,Pongal,residential,6
2018-01-13,Thiru Vi Ka Nagar,1.217,5,1,1,1,Pongal,residential,6
2018-01-14,Thiru Vi Ka Nagar,1.362,6,1,1,1,Pongal,residential,6
2018-01-15,Thiru Vi Ka Nagar,1.206,0,1,0,1,Pongal,residential,6
2018-01-16,Thiru Vi Ka Nagar,0.987,1,1,0,1,Pongal,residential,6
2018-01-17,Thiru Vi Ka Nagar,0.952,2,1,0,0,,residential,6
2018-01-18,Thiru Vi Ka Nagar,0.978,3,1,0,0,,residential,6
2018-01-19,Thiru Vi Ka Nagar,0.966,4,1,0,0,,residential,6
2018-01-20,Thiru Vi Ka Nagar,1.119,5,1,1,0,,residential,6
2018-01-21,Thiru Vi Ka Nagar,1.088,6,1,1,0,,residential,6
2018-01-22,Thiru Vi Ka Nagar,1.045,0,1,0,0,,residential,6
2018-01-23,Thiru Vi Ka Nagar,1.034,1,1,0,0,,residential,6
2018-01-24,Thiru Vi Ka Nagar,0.975,2,1,0,0,,residential,6
2018-01-25,Thiru Vi Ka Nagar,0.958,3,1,0,0,,residential,6
2018-01-26,Thiru Vi Ka Nagar,1.079,4,1,0,1,Republic Day,residential,6
2018-01-27,Thiru Vi Ka Nagar,1.031,5,1,1,0,,residential,6
2018-01-28,Thiru Vi Ka Nagar,1.052,6,1,1,0,,residential,6
2018-01-29,Thiru Vi Ka Nagar,0.982,0,1,0,0,,residential,6
2018-01-30,Thiru Vi Ka Nagar,0.965,1,1,0,0,,residential,6
2018-01-31,Thiru Vi Ka Nagar,0.935,2,1,0,0,,residential,6
2018-02-01,Thiru Vi Ka Nagar,0.934,3,2,0,0,,residential,6
2018-02-02,Thiru Vi Ka Nagar,0.965,4,2,0,0,,residential,6
2018-02-03,Thiru Vi Ka Nagar,1.044,5,2,1,0,,residential,6
2018-02-04,Thiru Vi Ka Nagar,0.988,6,2,1,0,,residential,6
2018-02-05,Thiru Vi Ka Nagar,0.957,0,2,0,0,,residential,6
2018-02-06,Thiru Vi Ka Nagar,0.921,1,2,0,0,,residential,6
2018-02-07,Thiru Vi Ka Nagar,0.928,2,2,0,0,,residential,6
2018-02-08,Thiru Vi Ka Nagar,0.965,3,2,0,0,,residential,6
2018-02-09,Thiru Vi Ka Nagar,0.96,4,2,0,0,,residential,6
2018-02-10,Thiru Vi Ka Nagar,1.082,5,2,1,0,,residential,6
2018-02-11,Thiru Vi Ka Nagar,1.072,6,2,1,0,,residential,6
2018-02-12,Thiru Vi Ka Nagar,1.033,0,2,0,0,,residential,6
2018-02-13,Thiru Vi Ka Nagar,0.971,1,2,0,0,,residential,6
2018-02-14,Thiru Vi Ka Nagar,0.959,2,2,0,0,,residential,6
2018-02-15,Thiru Vi Ka Nagar,0.985,3,2,0,0,,residential,6
2018-02-16,Thiru Vi Ka Nagar,0.98,4,2,0,0,,residential,6
2018-02-17,Thiru Vi Ka Nagar,1.061,5,2,1,0,,residential,6
2018-02-18,Thiru Vi Ka Nagar,1.089,6,2,1,0,,residential,6
2018-02-19,Thiru Vi Ka Nagar,0.931,0,2,0,0,,residential,6
2018-02-20,Thiru Vi Ka Nagar,0.945,1,2,0,0,,residential,6
2018-02-21,Thiru Vi Ka Nagar,0.945,2,2,0,0,,residential,6
2018-02-22,Thiru Vi Ka Nagar,0.986,3,2,0,0,,residential,6
2018-02-23,Thiru Vi Ka Nagar,0.998,4,2,0,0,,residential,6
2018-02-24,Thiru Vi Ka Nagar,1.003,5,2,1,0,,residential,6
2018-02-25,Thiru Vi Ka Nagar,1.093,6,2,1,0,,residential,6
2018-02-26,Thiru Vi Ka Nagar,0.966,0,2,0,0,,residential,6
2018-02-27,Thiru Vi Ka Nagar,0.921,1,2,0,0,,residential,6
2018-02-28,Thiru Vi Ka Nagar,0.947,2,2,0,0,,residential,6
2018-03-01,Thiru Vi Ka Nagar,0.992,3,3,0,0,,residential,6
2018-03-02,Thiru Vi Ka Nagar,0.954,4,3,0,0,,residential,6
2018-03-03,Thiru Vi Ka Nagar,1.123,5,3,1,0,,residential,6
2018-03-04,Thiru Vi Ka Nagar,1.124,6,3,1,0,,residential,6
2018-03-05,Thiru Vi Ka Nagar,1.084,0,3,0,0,,residential,6
2018-03-06,Thiru Vi Ka Nagar,0.988,1,3,0,0,,residential,6
2018-03-07,Thiru Vi Ka Nagar,1.0,2,3,0,0,,residential,6
2018-03-08,Thiru Vi Ka Nagar,1.0,3,3,0,0,,residential,6
2018-03-09,Thiru Vi Ka Nagar,1.052,4,3,0,0,,residential,6
2018-03-10,Thiru Vi Ka Nagar,1.008,5,3,1,0,,residential,6
2018-03-11,Thiru Vi Ka Nagar,1.07,6,3,1,0,,residential,6
2018-03-12,Thiru Vi Ka Nagar,1.051,0,3,0,0,,residential,6
2018-03-13,Thiru Vi Ka Nagar,0.968,1,3,0,0,,residential,6
2018-03-14,Thiru Vi Ka Nagar,0.993,2,3,0,0,,residential,6
2018-03-15,Thiru Vi Ka Nagar,0.997,3,3,0,0,,residential,6
2018-03-16,Thiru Vi Ka Nagar,0.981,4,3,0,0,,residential,6
2018-03-17,Thiru Vi Ka Nagar,1.103,5,3,1,0,,residential,6
2018-03-18,Thiru Vi Ka Nagar,1.122,6,3,1,0,,residential,6
2018-03-19,Thiru Vi Ka Nagar,1.044,0,3,0,0,,residential,6
2018-03-20,Thiru Vi Ka Nagar,0.987,1,3,0,0,,residential,6
2018-03-21,Thiru Vi Ka Nagar,0.996,2,3,0,0,,residential,6
2018-03-22,Thiru Vi Ka Nagar,1.001,3,3,0,0,,residential,6
2018-03-23,Thiru Vi Ka Nagar,0.949,4,3,0,0,,residential,6
2018-03-24,Thiru Vi Ka Nagar,1.116,5,3,1,0,,residential,6
2018-03-25,Thiru Vi Ka Nagar,1.086,6,3,1,0,,residential,6
2018-03-26,Thiru Vi Ka Nagar,1.091,0,3,0,0,,residential,6
2018-03-27,Thiru Vi Ka Nagar,1.019,1,3,0,0,,residential,6
2018-03-28,Thiru Vi Ka Nagar,1.036,2,3,0,0,,residential,6
2018-03-29,Thiru Vi Ka Nagar,0.971,3,3,0,0,,residential,6
2018-03-30,Thiru Vi Ka Nagar,0.99,4,3,0,0,,residential,6
2018-03-31,Thiru Vi Ka Nagar,1.06,5,3,1,0,,residential,6
2015-04-01,Thiruvotriyur,0.61,2,4,0,0,,industrial,1
2015-04-02,Thiruvotriyur,0.585,3,4,0,0,,industrial,1
2015-04-03,Thiruvotriyur,0.618,4,4,0,0,,industrial,1
2015-04-04,Thiruvotriyur,0.581,5,4,1,0,,industrial,1
2015-04-05,Thiruvotriyur,0.532,6,4,1,0,,industrial,1
2015-04-06,Thiruvotriyur,0.61,0,4,0,0,,industrial,1
2015-04-07,Thiruvotriyur,0.606,1,4,0,0,,industrial,1
2015-04-08,Thiruvotriyur,0.598,2,4,0,0,,industrial,1
2015-04-09,Thiruvotriyur,0.604,3,4,0,0,,industrial,1
2015-04-10,Thiruvotriyur,0.589,4,4,0,0,,industrial,1
2015-04-11,Thiruvotriyur,0.58,5,4,1,0,,industrial,1
2015-04-12,Thiruvotriyur,0.578,6,4,1,0,,industrial,1
2015-04-13,Thiruvotriyur,0.715,0,4,0,1,Tamil New Year,industrial,1
2015-04-14,Thiruvotriyur,0.781,1,4,0,1,Tamil New Year,industrial,1
2015-04-15,Thiruvotriyur,0.689,2,4,0,1,Tamil New Year,industrial,1
2015-04-16,Thiruvotriyur,0.589,3,4,0,0,,industrial,1
2015-04-17,Thiruvotriyur,0.611,4,4,0,0,,industrial,1
2015-04-18,Thiruvotriyur,0.549,5,4,1,0,,industrial,1
2015-04-19,Thiruvotriyur,0.58,6,4,1,0,,industrial,1
2015-04-20,Thiruvotriyur,0.697,0,4,0,1,Eid,industrial,1
2015-04-21,Thiruvotriyur,0.721,1,4,0,1,Eid,industrial,1
2015-04-22,Thiruvotriyur,0.651,2,4,0,1,Eid,industrial,1
2015-04-23,Thiruvotriyur,0.626,3,4,0,0,,industrial,1
2015-04-24,Thiruvotriyur,0.601,4,4,0,0,,industrial,1
2015-04-25,Thiruvotriyur,0.558,5,4,1,0,,industrial,1
2015-04-26,Thiruvotriyur,0.559,6,4,1,0,,industrial,1
2015-04-27,Thiruvotriyur,0.644,0,4,0,0,,industrial,1
2015-04-28,Thiruvotriyur,0.611,1,4,0,0,,industrial,1
2015-04-29,Thiruvotriyur,0.612,2,4,0,0,,industrial,1
2015-04-30,Thiruvotriyur,0.612,3,4,0,0,,industrial,1
2015-05-01,Thiruvotriyur,0.643,4,5,0,0,,industrial,1
2015-05-02,Thiruvotriyur,0.558,5,5,1,0,,industrial,1
2015-05-03,Thiruvotriyur,0.556,6,5,1,0,,industrial,1
2015-05-04,Thiruvotriyur,0.619,0,5,0,0,,industrial,1
2015-05-05,Thiruvotriyur,0.615,1,5,0,0,,industrial,1
2015-05-06,Thiruvotriyur,0.625,2,5,0,0,,industrial,1
2015-05-07,Thiruvotriyur,0.602,3,5,0,0,,industrial,1
2015-05-08,Thiruvotriyur,0.589,4,5,0,0,,industrial,1
2015-05-09,Thiruvotriyur,0.551,5,5,1,0,,industrial,1
2015-05-10,Thiruvotriyur,0.576,6,5,1,0,,industrial,1
2015-05-11,Thiruvotriyur,0.648,0,5,0,0,,industrial,1
2015-05-12,Thiruvotriyur,0.614,1,5,0,0,,industrial,1
2015-05-13,Thiruvotriyur,0.592,2,5,0,0,,industrial,1
2015-05-14,Thiruvotriyur,0.608,3,5,0,0,,industrial,1
2015-05-15,Thiruvotriyur,0.606,4,5,0,0,,industrial,1
2015-05-16,Thiruvotriyur,0.569,5,5,1,0,,industrial,1
2015-05-17,Thiruvotriyur,0.58,6,5,1,0,,industrial,1
2015-05-18,Thiruvotriyur,0.639,0,5,0,0,,industrial,1
2015-05-19,Thiruvotriyur,0.616,1,5,0,0,,industrial,1
2015-05-20,Thiruvotriyur,0.605,2,5,0,0,,industrial,1
2015-05-21,Thiruvotriyur,0.609,3,5,0,0,,industrial,1
2015-05-22,Thiruvotriyur,0.616,4,5,0,0,,industrial,1
2015-05-23,Thiruvotriyur,0.54,5,5,1,0,,industrial,1
2015-05-24,Thiruvotriyur,0.559,6,5,1,0,,industrial,1
2015-05-25,Thiruvotriyur,0.625,0,5,0,0,,industrial,1
2015-05-26,Thiruvotriyur,0.593,1,5,0,0,,industrial,1
2015-05-27,Thiruvotriyur,0.599,2,5,0,0,,industrial,1
2015-05-28,Thiruvotriyur,0.631,3,5,0,0,,industrial,1
2015-05-29,Thiruvotriyur,0.588,4,5,0,0,,industrial,1
2015-05-30,Thiruvotriyur,0.581,5,5,1,0,,industrial,1
2015-05-31,Thiruvotriyur,0.536,6,5,1,0,,industrial,1
2015-06-01,Thiruvotriyur,0.568,0,6,0,0,,industrial,1
2015-06-02,Thiruvotriyur,0.549,1,6,0,0,,industrial,1
2015-06-03,Thiruvotriyur,0.556,2,6,0,0,,industrial,1
2015-06-04,Thiruvotriyur,0.558,3,6,0,0,,industrial,1
2015-06-05,Thiruvotriyur,0.56,4,6,0,0,,industrial,1
2015-06-06,Thiruvotriyur,0.506,5,6,1,0,,industrial,1
2015-06-07,Thiruvotriyur,0.504,6,6,1,0,,industrial,1
2015-06-08,Thiruvotriyur,0.589,0,6,0,0,,industrial,1
2015-06-09,Thiruvotriyur,0.543,1,6,0,0,,industrial,1
2015-06-10,Thiruvotriyur,0.526,2,6,0,0,,industrial,1
2015-06-11,Thiruvotriyur,0.528,3,6,0,0,,industrial,1
2015-06-12,Thiruvotriyur,0.531,4,6,0,0,,industrial,1
2015-06-13,Thiruvotriyur,0.519,5,6,1,0,,industrial,1
2015-06-14,Thiruvotriyur,0.513,6,6,1,0,,industrial,1
2015-06-15,Thiruvotriyur,0.586,0,6,0,0,,industrial,1
2015-06-16,Thiruvotriyur,0.54,1,6,0,0,,industrial,1
2015-06-17,Thiruvotriyur,0.549,2,6,0,0,,industrial,1
2015-06-18,Thiruvotriyur,0.557,3,6,0,0,,industrial,1
2015-06-19,Thiruvotriyur,0.542,4,6,0,0,,industrial,1
2015-06-20,Thiruvotriyur,0.518,5,6,1,0,,industrial,1
2015-06-21,Thiruvotriyur,0.501,6,6,1,0,,industrial,1
2015-06-22,Thiruvotriyur,0.568,0,6,0,0,,industrial,1
2015-06-23,Thiruvotriyur,0.54,1,6,0,0,,industrial,1
2015-06-24,Thiruvotriyur,0.527,2,6,0,0,,industrial,1
2015-06-25,Thiruvotriyur,0.555,3,6,0,0,,industrial,1
2015-06-26,Thiruvotriyur,0.539,4,6,0,0,,industrial,1
2015-06-27,Thiruvotriyur,0.511,5,6,1,0,,industrial,1
2015-06-28,Thiruvotriyur,0.518,6,6,1,0,,industrial,1
2015-06-29,Thiruvotriyur,0.582,0,6,0,0,,industrial,1
2015-06-30,Thiruvotriyur,0.557,1,6,0,0,,industrial,1
2015-07-01,Thiruvotriyur,0.545,2,7,0,0,,industrial,1
2015-07-02,Thiruvotriyur,0.54,3,7,0,0,,industrial,1
2015-07-03,Thiruvotriyur,0.545,4,7,0,0,,industrial,1
2015-07-04,Thiruvotriyur,0.485,5,7,1,0,,industrial,1
2015-07-05,Thiruvotriyur,0.489,6,7,1,0,,industrial,1
2015-07-06,Thiruvotriyur,0.551,0,7,0,0,,industrial,1
2015-07-07,Thiruvotriyur,0.53,1,7,0,0,,industrial,1
2015-07-08,Thiruvotriyur,0.553,2,7,0,0,,industrial,1
2015-07-09,Thiruvotriyur,0.532,3,7,0,0,,industrial,1
2015-07-10,Thiruvotriyur,0.54,4,7,0,0,,industrial,1
2015-07-11,Thiruvotriyur,0.531,5,7,1,0,,industrial,1
2015-07-12,Thiruvotriyur,0.506,6,7,1,0,,industrial,1
2015-07-13,Thiruvotriyur,0.587,0,7,0,0,,industrial,1
2015-07-14,Thiruvotriyur,0.531,1,7,0,0,,industrial,1
2015-07-15,Thiruvotriyur,0.543,2,7,0,0,,industrial,1
2015-07-16,Thiruvotriyur,0.531,3,7,0,0,,industrial,1
2015-07-17,Thiruvotriyur,0.541,4,7,0,0,,industrial,1
2015-07-18,Thiruvotriyur,0.524,5,7,1,0,,industrial,1
2015-07-19,Thiruvotriyur,0.485,6,7,1,0,,industrial,1
2015-07-20,Thiruvotriyur,0.581,0,7,0,0,,industrial,1
2015-07-21,Thiruvotriyur,0.55,1,7,0,0,,industrial,1
2015-07-22,Thiruvotriyur,0.537,2,7,0,0,,industrial,1
2015-07-23,Thiruvotriyur,0.523,3,7,0,0,,industrial,1
2015-07-24,Thiruvotriyur,0.548,4,7,0,0,,industrial,1
2015-07-25,Thiruvotriyur,0.503,5,7,1,0,,industrial,1
2015-07-26,Thiruvotriyur,0.515,6,7,1,0,,industrial,1
2015-07-27,Thiruvotriyur,0.574,0,7,0,0,,industrial,1
2015-07-28,Thiruvotriyur,0.573,1,7,0,0,,industrial,1
2015-07-29,Thiruvotriyur,0.543,2,7,0,0,,industrial,1
2015-07-30,Thiruvotriyur,0.53,3,7,0,0,,industrial,1
2015-07-31,Thiruvotriyur,0.55,4,7,0,0,,industrial,1
2015-08-01,Thiruvotriyur,0.514,5,8,1,0,,industrial,1
2015-08-02,Thiruvotriyur,0.532,6,8,1,0,,industrial,1
2015-08-03,Thiruvotriyur,0.588,0,8,0,0,,industrial,1
2015-08-04,Thiruvotriyur,0.552,1,8,0,0,,industrial,1
2015-08-05,Thiruvotriyur,0.571,2,8,0,0,,industrial,1
2015-08-06,Thiruvotriyur,0.527,3,8,0,0,,industrial,1
2015-08-07,Thiruvotriyur,0.536,4,8,0,0,,industrial,1
2015-08-08,Thiruvotriyur,0.497,5,8,1,0,,industrial,1
2015-08-09,Thiruvotriyur,0.505,6,8,1,0,,industrial,1
2015-08-10,Thiruvotriyur,0.55,0,8,0,0,,industrial,1
2015-08-11,Thiruvotriyur,0.557,1,8,0,0,,industrial,1
2015-08-12,Thiruvotriyur,0.543,2,8,0,0,,industrial,1
2015-08-13,Thiruvotriyur,0.522,3,8,0,0,,industrial,1
2015-08-14,Thiruvotriyur,0.53,4,8,0,0,,industrial,1
2015-08-15,Thiruvotriyur,0.567,5,8,1,1,Independence,industrial,1
2015-08-16,Thiruvotriyur,0.524,6,8,1,0,,industrial,1
2015-08-17,Thiruvotriyur,0.608,0,8,0,0,,industrial,1
2015-08-18,Thiruvotriyur,0.594,1,8,0,0,,industrial,1
2015-08-19,Thiruvotriyur,0.553,2,8,0,0,,industrial,1
2015-08-20,Thiruvotriyur,0.53,3,8,0,0,,industrial,1
2015-08-21,Thiruvotriyur,0.512,4,8,0,0,,industrial,1
2015-08-22,Thiruvotriyur,0.515,5,8,1,0,,industrial,1
2015-08-23,Thiruvotriyur,0.499,6,8,1,0,,industrial,1
2015-08-24,Thiruvotriyur,0.567,0,8,0,0,,industrial,1
2015-08-25,Thiruvotriyur,0.537,1,8,0,0,,industrial,1
2015-08-26,Thiruvotriyur,0.544,2,8,0,0,,industrial,1
2015-08-27,Thiruvotriyur,0.564,3,8,0,0,,industrial,1
2015-08-28,Thiruvotriyur,0.549,4,8,0,0,,industrial,1
2015-08-29,Thiruvotriyur,0.509,5,8,1,0,,industrial,1
2015-08-30,Thiruvotriyur,0.495,6,8,1,0,,industrial,1
2015-08-31,Thiruvotriyur,0.545,0,8,0,0,,industrial,1
2015-09-01,Thiruvotriyur,0.539,1,9,0,0,,industrial,1
2015-09-02,Thiruvotriyur,0.546,2,9,0,0,,industrial,1
2015-09-03,Thiruvotriyur,0.576,3,9,0,0,,industrial,1
2015-09-04,Thiruvotriyur,0.549,4,9,0,0,,industrial,1
2015-09-05,Thiruvotriyur,0.526,5,9,1,0,,industrial,1
2015-09-06,Thiruvotriyur,0.503,6,9,1,0,,industrial,1
2015-09-07,Thiruvotriyur,0.554,0,9,0,0,,industrial,1
2015-09-08,Thiruvotriyur,0.593,1,9,0,1,Ganesh Chathurthi,industrial,1
2015-09-09,Thiruvotriyur,0.659,2,9,0,1,Ganesh Chathurthi,industrial,1
2015-09-10,Thiruvotriyur,0.785,3,9,0,1,Ganesh Chathurthi,industrial,1
2015-09-11,Thiruvotriyur,0.657,4,9,0,1,Ganesh Chathurthi,industrial,1
2015-09-12,Thiruvotriyur,0.585,5,9,1,1,Ganesh Chathurthi,industrial,1
2015-09-13,Thiruvotriyur,0.497,6,9,1,0,,industrial,1
2015-09-14,Thiruvotriyur,0.59,0,9,0,0,,industrial,1
2015-09-15,Thiruvotriyur,0.553,1,9,0,0,,industrial,1
2015-09-16,Thiruvotriyur,0.544,2,9,0,0,,industrial,1
2015-09-17,Thiruvotriyur,0.546,3,9,0,0,,industrial,1
2015-09-18,Thiruvotriyur,0.536,4,9,0,0,,industrial,1
2015-09-19,Thiruvotriyur,0.518,5,9,1,0,,industrial,1
2015-09-20,Thiruvotriyur,0.504,6,9,1,0,,industrial,1
2015-09-21,Thiruvotriyur,0.553,0,9,0,0,,industrial,1
2015-09-22,Thiruvotriyur,0.526,1,9,0,0,,industrial,1
2015-09-23,Thiruvotriyur,0.549,2,9,0,0,,industrial,1
2015-09-24,Thiruvotriyur,0.572,3,9,0,0,,industrial,1
2015-09-25,Thiruvotriyur,0.549,4,9,0,0,,industrial,1
2015-09-26,Thiruvotriyur,0.509,5,9,1,0,,industrial,1
2015-09-27,Thiruvotriyur,0.515,6,9,1,0,,industrial,1
2015-09-28,Thiruvotriyur,0.596,0,9,0,0,,industrial,1
2015-09-29,Thiruvotriyur,0.55,1,9,0,0,,industrial,1
2015-09-30,Thiruvotriyur,0.54,2,9,0,0,,industrial,1
2015-10-01,Thiruvotriyur,0.594,3,10,0,0,,industrial,1
2015-10-02,Thiruvotriyur,0.583,4,10,0,0,,industrial,1
2015-10-03,Thiruvotriyur,0.563,5,10,1,0,,industrial,1
2015-10-04,Thiruvotriyur,0.609,6,10,1,1,Dussehra,industrial,1
2015-10-05,Thiruvotriyur,0.727,0,10,0,1,Dussehra,industrial,1
2015-10-06,Thiruvotriyur,0.621,1,10,0,1,Dussehra,industrial,1
2015-10-07,Thiruvotriyur,0.604,2,10,0,0,,industrial,1
2015-10-08,Thiruvotriyur,0.605,3,10,0,0,,industrial,1
2015-10-09,Thiruvotriyur,0.572,4,10,0,0,,industrial,1
2015-10-10,Thiruvotriyur,0.532,5,10,1,0,,industrial,1
2015-10-11,Thiruvotriyur,0.562,6,10,1,0,,industrial,1
2015-10-12,Thiruvotriyur,0.584,0,10,0,0,,industrial,1
2015-10-13,Thiruvotriyur,0.56,1,10,0,0,,industrial,1
2015-10-14,Thiruvotriyur,0.586,2,10,0,0,,industrial,1
2015-10-15,Thiruvotriyur,0.569,3,10,0,0,,industrial,1
2015-10-16,Thiruvotriyur,0.575,4,10,0,0,,industrial,1
2015-10-17,Thiruvotriyur,0.535,5,10,1,0,,industrial,1
2015-10-18,Thiruvotriyur,0.543,6,10,1,0,,industrial,1
2015-10-19,Thiruvotriyur,0.63,0,10,0,0,,industrial,1
2015-10-20,Thiruvotriyur,0.577,1,10,0,0,,industrial,1
2015-10-21,Thiruvotriyur,0.586,2,10,0,0,,industrial,1
2015-10-22,Thiruvotriyur,0.612,3,10,0,1,Deepavali,industrial,1
2015-10-23,Thiruvotriyur,0.728,4,10,0,1,Deepavali,industrial,1
2015-10-24,Thiruvotriyur,0.734,5,10,1,1,Deepavali,industrial,1
2015-10-25,Thiruvotriyur,0.656,6,10,1,1,Deepavali,industrial,1
2015-10-26,Thiruvotriyur,0.667,0,10,0,1,Deepavali,industrial,1
2015-10-27,Thiruvotriyur,0.57,1,10,0,0,,industrial,1
2015-10-28,Thiruvotriyur,0.591,2,10,0,0,,industrial,1
2015-10-29,Thiruvotriyur,0.552,3,10,0,0,,industrial,1
2015-10-30,Thiruvotriyur,0.576,4,10,0,0,,industrial,1
2015-10-31,Thiruvotriyur,0.53,5,10,1,0,,industrial,1
2015-11-01,Thiruvotriyur,0.533,6,11,1,0,,industrial,1
2015-11-02,Thiruvotriyur,0.622,0,11,0,0,,industrial,1
2015-11-03,Thiruvotriyur,0.585,1,11,0,0,,industrial,1
2015-11-04,Thiruvotriyur,0.598,2,11,0,0,,industrial,1
2015-11-05,Thiruvotriyur,0.573,3,11,0,0,,industrial,1
2015-11-06,Thiruvotriyur,0.563,4,11,0,0,,industrial,1
2015-11-07,Thiruvotriyur,0.534,5,11,1,0,,industrial,1
2015-11-08,Thiruvotriyur,0.542,6,11,1,0,,industrial,1
2015-11-09,Thiruvotriyur,0.607,0,11,0,0,,industrial,1
2015-11-10,Thiruvotriyur,0.557,1,11,0,0,,industrial,1
2015-11-11,Thiruvotriyur,0.577,2,11,0,0,,industrial,1
2015-11-12,Thiruvotriyur,0.579,3,11,0,0,,industrial,1
2015-11-13,Thiruvotriyur,0.619,4,11,0,0,,industrial,1
2015-11-14,Thiruvotriyur,0.568,5,11,1,0,,industrial,1
2015-11-15,Thiruvotriyur,0.524,6,11,1,0,,industrial,1
2015-11-16,Thiruvotriyur,0.599,0,11,0,0,,industrial,1
2015-11-17,Thiruvotriyur,0.55,1,11,0,0,,industrial,1
2015-11-18,Thiruvotriyur,0.565,2,11,0,0,,industrial,1
2015-11-19,Thiruvotriyur,0.581,3,11,0,0,,industrial,1
2015-11-20,Thiruvotriyur,0.596,4,11,0,0,,industrial,1
2015-11-21,Thiruvotriyur,0.526,5,11,1,0,,industrial,1
2015-11-22,Thiruvotriyur,0.527,6,11,1,0,,industrial,1
2015-11-23,Thiruvotriyur,0.565,0,11,0,0,,industrial,1
2015-11-24,Thiruvotriyur,0.573,1,11,0,0,,industrial,1
2015-11-25,Thiruvotriyur,0.557,2,11,0,0,,industrial,1
2015-11-26,Thiruvotriyur,0.566,3,11,0,0,,industrial,1
2015-11-27,Thiruvotriyur,0.56,4,11,0,0,,industrial,1
2015-11-28,Thiruvotriyur,0.536,5,11,1,0,,industrial,1
2015-11-29,Thiruvotriyur,0.51,6,11,1,0,,industrial,1
2015-11-30,Thiruvotriyur,0.578,0,11,0,0,,industrial,1
2015-12-01,Thiruvotriyur,0.612,1,12,0,0,,industrial,1
2015-12-02,Thiruvotriyur,0.553,2,12,0,0,,industrial,1
2015-12-03,Thiruvotriyur,0.556,3,12,0,0,,industrial,1
2015-12-04,Thiruvotriyur,0.607,4,12,0,0,,industrial,1
2015-12-05,Thiruvotriyur,0.585,5,12,1,0,,industrial,1
2015-12-06,Thiruvotriyur,0.519,6,12,1,0,,industrial,1
2015-12-07,Thiruvotriyur,0.597,0,12,0,0,,industrial,1
2015-12-08,Thiruvotriyur,0.581,1,12,0,0,,industrial,1
2015-12-09,Thiruvotriyur,0.605,2,12,0,0,,industrial,1
2015-12-10,Thiruvotriyur,0.558,3,12,0,0,,industrial,1
2015-12-11,Thiruvotriyur,0.571,4,12,0,0,,industrial,1
2015-12-12,Thiruvotriyur,0.55,5,12,1,0,,industrial,1
2015-12-13,Thiruvotriyur,0.545,6,12,1,0,,industrial,1
2015-12-14,Thiruvotriyur,0.597,0,12,0,0,,industrial,1
2015-12-15,Thiruvotriyur,0.573,1,12,0,0,,industrial,1
2015-12-16,Thiruvotriyur,0.552,2,12,0,0,,industrial,1
2015-12-17,Thiruvotriyur,0.571,3,12,0,0,,industrial,1
2015-12-18,Thiruvotriyur,0.571,4,12,0,0,,industrial,1
2015-12-19,Thiruvotriyur,0.542,5,12,1,0,,industrial,1
2015-12-20,Thiruvotriyur,0.529,6,12,1,0,,industrial,1
2015-12-21,Thiruvotriyur,0.613,0,12,0,0,,industrial,1
2015-12-22,Thiruvotriyur,0.593,1,12,0,0,,industrial,1
2015-12-23,Thiruvotriyur,0.578,2,12,0,0,,industrial,1
2015-12-24,Thiruvotriyur,0.625,3,12,0,1,Christmas,industrial,1
2015-12-25,Thiruvotriyur,0.663,4,12,0,1,Christmas,industrial,1
2015-12-26,Thiruvotriyur,0.578,5,12,1,1,Christmas,industrial,1
2015-12-27,Thiruvotriyur,0.526,6,12,1,0,,industrial,1
2015-12-28,Thiruvotriyur,0.61,0,12,0,0,,industrial,1
2015-12-29,Thiruvotriyur,0.574,1,12,0,0,,industrial,1
2015-12-30,Thiruvotriyur,0.673,2,12,0,1,New Year,industrial,1
2015-12-31,Thiruvotriyur,0.723,3,12,0,1,New Year,industrial,1
2016-01-01,Thiruvotriyur,0.582,4,1,0,0,,industrial,1
2016-01-02,Thiruvotriyur,0.526,5,1,1,0,,industrial,1
2016-01-03,Thiruvotriyur,0.52,6,1,1,0,,industrial,1
2016-01-04,Thiruvotriyur,0.626,0,1,0,0,,industrial,1
2016-01-05,Thiruvotriyur,0.58,1,1,0,0,,industrial,1
2016-01-06,Thiruvotriyur,0.584,2,1,0,0,,industrial,1
2016-01-07,Thiruvotriyur,0.545,3,1,0,0,,industrial,1
2016-01-08,Thiruvotriyur,0.591,4,1,0,0,,industrial,1
2016-01-09,Thiruvotriyur,0.545,5,1,1,0,,industrial,1
2016-01-10,Thiruvotriyur,0.52,6,1,1,0,,industrial,1
2016-01-11,Thiruvotriyur,0.596,0,1,0,0,,industrial,1
2016-01-12,Thiruvotriyur,0.638,1,1,0,1,Pongal,industrial,1
2016-01-13,Thiruvotriyur,0.691,2,1,0,1,Pongal,industrial,1
2016-01-14,Thiruvotriyur,0.741,3,1,0,1,Pongal,industrial,1
2016-01-15,Thiruvotriyur,0.688,4,1,0,1,Pongal,industrial,1
2016-01-16,Thiruvotriyur,0.587,5,1,1,1,Pongal,industrial,1
2016-01-17,Thiruvotriyur,0.54,6,1,1,0,,industrial,1
2016-01-18,Thiruvotriyur,0.631,0,1,0,0,,industrial,1
2016-01-19,Thiruvotriyur,0.531,1,1,0,0,,industrial,1
2016-01-20,Thiruvotriyur,0.571,2,1,0,0,,industrial,1
2016-01-21,Thiruvotriyur,0.578,3,1,0,0,,industrial,1
2016-01-22,Thiruvotriyur,0.58,4,1,0,0,,industrial,1
2016-01-23,Thiruvotriyur,0.532,5,1,1,0,,industrial,1
2016-01-24,Thiruvotriyur,0.51,6,1,1,0,,industrial,1
2016-01-25,Thiruvotriyur,0.61,0,1,0,0,,industrial,1
2016-01-26,Thiruvotriyur,0.666,1,1,0,1,Republic Day,industrial,1
2016-01-27,Thiruvotriyur,0.549,2,1,0,0,,industrial,1
2016-01-28,Thiruvotriyur,0.59,3,1,0,0,,industrial,1
2016-01-29,Thiruvotriyur,0.57,4,1,0,0,,industrial,1
2016-01-30,Thiruvotriyur,0.537,5,1,1,0,,industrial,1
2016-01-31,Thiruvotriyur,0.521,6,1,1,0,,industrial,1
2016-02-01,Thiruvotriyur,0.598,0,2,0,0,,industrial,1
2016-02-02,Thiruvotriyur,0.598,1,2,0,0,,industrial,1
2016-02-03,Thiruvotriyur,0.585,2,2,0,0,,industrial,1
2016-02-04,Thiruvotriyur,0.605,3,2,0,0,,industrial,1
2016-02-05,Thiruvotriyur,0.596,4,2,0,0,,industrial,1
2016-02-06,Thiruvotriyur,0.545,5,2,1,0,,industrial,1
2016-02-07,Thiruvotriyur,0.566,6,2,1,0,,industrial,1
2016-02-08,Thiruvotriyur,0.612,0,2,0,0,,industrial,1
2016-02-09,Thiruvotriyur,0.59,1,2,0,0,,industrial,1
2016-02-10,Thiruvotriyur,0.57,2,2,0,0,,industrial,1
2016-02-11,Thiruvotriyur,0.576,3,2,0,0,,industrial,1
2016-02-12,Thiruvotriyur,0.563,4,2,0,0,,industrial,1
2016-02-13,Thiruvotriyur,0.554,5,2,1,0,,industrial,1
2016-02-14,Thiruvotriyur,0.519,6,2,1,0,,industrial,1
2016-02-15,Thiruvotriyur,0.618,0,2,0,0,,industrial,1
2016-02-16,Thiruvotriyur,0.572,1,2,0,0,,industrial,1
2016-02-17,Thiruvotriyur,0.596,2,2,0,0,,industrial,1
2016-02-18,Thiruvotriyur,0.588,3,2,0,0,,industrial,1
2016-02-19,Thiruvotriyur,0.607,4,2,0,0,,industrial,1
2016-02-20,Thiruvotriyur,0.55,5,2,1,0,,industrial,1
2016-02-21,Thiruvotriyur,0.513,6,2,1,0,,industrial,1
2016-02-22,Thiruvotriyur,0.603,0,2,0,0,,industrial,1
2016-02-23,Thiruvotriyur,0.555,1,2,0,0,,industrial,1
2016-02-24,Thiruvotriyur,0.566,2,2,0,0,,industrial,1
2016-02-25,Thiruvotriyur,0.601,3,2,0,0,,industrial,1
2016-02-26,Thiruvotriyur,0.586,4,2,0,0,,industrial,1
2016-02-27,Thiruvotriyur,0.527,5,2,1,0,,industrial,1
2016-02-28,Thiruvotriyur,0.522,6,2,1,0,,industrial,1
2016-02-29,Thiruvotriyur,0.605,0,2,0,0,,industrial,1
2016-03-01,Thiruvotriyur,0.582,1,3,0,0,,industrial,1
2016-03-02,Thiruvotriyur,0.592,2,3,0,0,,industrial,1
2016-03-03,Thiruvotriyur,0.61,3,3,0,0,,industrial,1
2016-03-04,Thiruvotriyur,0.625,4,3,0,0,,industrial,1
2016-03-05,Thiruvotriyur,0.575,5,3,1,0,,industrial,1
2016-03-06,Thiruvotriyur,0.526,6,3,1,0,,industrial,1
2016-03-07,Thiruvotriyur,0.64,0,3,0,0,,industrial,1
2016-03-08,Thiruvotriyur,0.605,1,3,0,0,,industrial,1
2016-03-09,Thiruvotriyur,0.612,2,3,0,0,,industrial,1
2016-03-10,Thiruvotriyur,0.633,3,3,0,0,,industrial,1
2016-03-11,Thiruvotriyur,0.567,4,3,0,0,,industrial,1
2016-03-12,Thiruvotriyur,0.555,5,3,1,0,,industrial,1
2016-03-13,Thiruvotriyur,0.575,6,3,1,0,,industrial,1
2016-03-14,Thiruvotriyur,0.604,0,3,0,0,,industrial,1
2016-03-15,Thiruvotriyur,0.631,1,3,0,0,,industrial,1
2016-03-16,Thiruvotriyur,0.611,2,3,0,0,,industrial,1
2016-03-17,Thiruvotriyur,0.619,3,3,0,0,,industrial,1
2016-03-18,Thiruvotriyur,0.594,4,3,0,0,,industrial,1
2016-03-19,Thiruvotriyur,0.579,5,3,1,0,,industrial,1
2016-03-20,Thiruvotriyur,0.583,6,3,1,0,,industrial,1
2016-03-21,Thiruvotriyur,0.639,0,3,0,0,,industrial,1
2016-03-22,Thiruvotriyur,0.608,1,3,0,0,,industrial,1
2016-03-23,Thiruvotriyur,0.609,2,3,0,0,,industrial,1
2016-03-24,Thiruvotriyur,0.588,3,3,0,0,,industrial,1
2016-03-25,Thiruvotriyur,0.601,4,3,0,0,,industrial,1
2016-03-26,Thiruvotriyur,0.562,5,3,1,0,,industrial,1
2016-03-27,Thiruvotriyur,0.571,6,3,1,0,,industrial,1
2016-03-28,Thiruvotriyur,0.653,0,3,0,0,,industrial,1
2016-03-29,Thiruvotriyur,0.585,1,3,0,0,,industrial,1
2016-03-30,Thiruvotriyur,0.602,2,3,0,0,,industrial,1
2016-04-01,Thiruvotriyur,0.529,4,4,0,0,,industrial,1
2016-04-02,Thiruvotriyur,0.463,5,4,1,0,,industrial,1
2016-04-03,Thiruvotriyur,0.462,6,4,1,0,,industrial,1
2016-04-04,Thiruvotriyur,0.535,0,4,0,0,,industrial,1
2016-04-05,Thiruvotriyur,0.519,1,4,0,0,,industrial,1
2016-04-06,Thiruvotriyur,0.506,2,4,0,0,,industrial,1
2016-04-07,Thiruvotriyur,0.526,3,4,0,0,,industrial,1
2016-04-08,Thiruvotriyur,0.519,4,4,0,0,,industrial,1
2016-04-09,Thiruvotriyur,0.485,5,4,1,0,,industrial,1
2016-04-10,Thiruvotriyur,0.481,6,4,1,0,,industrial,1
2016-04-11,Thiruvotriyur,0.569,0,4,0,0,,industrial,1
2016-04-12,Thiruvotriyur,0.503,1,4,0,0,,industrial,1
2016-04-13,Thiruvotriyur,0.535,2,4,0,1,Tamil New Year,industrial,1
2016-04-14,Thiruvotriyur,0.663,3,4,0,1,Tamil New Year,industrial,1
2016-04-15,Thiruvotriyur,0.562,4,4,0,1,Tamil New Year,industrial,1
2016-04-16,Thiruvotriyur,0.475,5,4,1,0,,industrial,1
2016-04-17,Thiruvotriyur,0.492,6,4,1,0,,industrial,1
2016-04-18,Thiruvotriyur,0.506,0,4,0,0,,industrial,1
2016-04-19,Thiruvotriyur,0.487,1,4,0,0,,industrial,1
2016-04-20,Thiruvotriyur,0.53,2,4,0,1,Eid,industrial,1
2016-04-21,Thiruvotriyur,0.593,3,4,0,1,Eid,industrial,1
2016-04-22,Thiruvotriyur,0.564,4,4,0,1,Eid,industrial,1
2016-04-23,Thiruvotriyur,0.481,5,4,1,0,,industrial,1
2016-04-24,Thiruvotriyur,0.477,6,4,1,0,,industrial,1
2016-04-25,Thiruvotriyur,0.509,0,4,0,0,,industrial,1
2016-04-26,Thiruvotriyur,0.471,1,4,0,0,,industrial,1
2016-04-27,Thiruvotriyur,0.507,2,4,0,0,,industrial,1
2016-04-28,Thiruvotriyur,0.499,3,4,0,0,,industrial,1
2016-04-29,Thiruvotriyur,0.513,4,4,0,0,,industrial,1
2016-04-30,Thiruvotriyur,0.483,5,4,1,0,,industrial,1
2016-05-01,Thiruvotriyur,0.475,6,5,1,0,,industrial,1
2016-05-02,Thiruvotriyur,0.544,0,5,0,0,,industrial,1
2016-05-03,Thiruvotriyur,0.51,1,5,0,0,,industrial,1
2016-05-04,Thiruvotriyur,0.514,2,5,0,0,,industrial,1
2016-05-05,Thiruvotriyur,0.496,3,5,0,0,,industrial,1
2016-05-06,Thiruvotriyur,0.504,4,5,0,0,,industrial,1
2016-05-07,Thiruvotriyur,0.476,5,5,1,0,,industrial,1
2016-05-08,Thiruvotriyur,0.485,6,5,1,0,,industrial,1
2016-05-09,Thiruvotriyur,0.525,0,5,0,0,,industrial,1
2016-05-10,Thiruvotriyur,0.514,1,5,0,0,,industrial,1
2016-05-11,Thiruvotriyur,0.502,2,5,0,0,,industrial,1
2016-05-12,Thiruvotriyur,0.505,3,5,0,0,,industrial,1
2016-05-13,Thiruvotriyur,0.519,4,5,0,0,,industrial,1
2016-05-14,Thiruvotriyur,0.445,5,5,1,0,,industrial,1
2016-05-15,Thiruvotriyur,0.455,6,5,1,0,,industrial,1
2016-05-16,Thiruvotriyur,0.508,0,5,0,0,,industrial,1
2016-05-17,Thiruvotriyur,0.471,1,5,0,0,,industrial,1
2016-05-18,Thiruvotriyur,0.496,2,5,0,0,,industrial,1
2016-05-19,Thiruvotriyur,0.518,3,5,0,0,,industrial,1
2016-05-20,Thiruvotriyur,0.502,4,5,0,0,,industrial,1
2016-05-21,Thiruvotriyur,0.476,5,5,1,0,,industrial,1
2016-05-22,Thiruvotriyur,0.489,6,5,1,0,,industrial,1
2016-05-23,Thiruvotriyur,0.553,0,5,0,0,,industrial,1
2016-05-24,Thiruvotriyur,0.505,1,5,0,0,,industrial,1
2016-05-25,Thiruvotriyur,0.527,2,5,0,0,,industrial,1
2016-05-26,Thiruvotriyur,0.508,3,5,0,0,,industrial,1
2016-05-27,Thiruvotriyur,0.494,4,5,0,0,,industrial,1
2016-05-28,Thiruvotriyur,0.465,5,5,1,0,,industrial,1
2016-05-29,Thiruvotriyur,0.452,6,5,1,0,,industrial,1
2016-05-30,Thiruvotriyur,0.517,0,5,0,0,,industrial,1
2016-05-31,Thiruvotriyur,0.501,1,5,0,0,,industrial,1
2016-06-01,Thiruvotriyur,0.469,2,6,0,0,,industrial,1
2016-06-02,Thiruvotriyur,0.482,3,6,0,0,,industrial,1
2016-06-03,Thiruvotriyur,0.439,4,6,0,0,,industrial,1
2016-06-04,Thiruvotriyur,0.433,5,6,1,0,,industrial,1
2016-06-05,Thiruvotriyur,0.415,6,6,1,0,,industrial,1
2016-06-06,Thiruvotriyur,0.488,0,6,0,0,,industrial,1
2016-06-07,Thiruvotriyur,0.456,1,6,0,0,,industrial,1
2016-06-08,Thiruvotriyur,0.433,2,6,0,0,,industrial,1
2016-06-09,Thiruvotriyur,0.471,3,6,0,0,,industrial,1
2016-06-10,Thiruvotriyur,0.45,4,6,0,0,,industrial,1
2016-06-11,Thiruvotriyur,0.421,5,6,1,0,,industrial,1
2016-06-12,Thiruvotriyur,0.415,6,6,1,0,,industrial,1
2016-06-13,Thiruvotriyur,0.472,0,6,0,0,,industrial,1
2016-06-14,Thiruvotriyur,0.464,1,6,0,0,,industrial,1
2016-06-15,Thiruvotriyur,0.455,2,6,0,0,,industrial,1
2016-06-16,Thiruvotriyur,0.463,3,6,0,0,,industrial,1
2016-06-17,Thiruvotriyur,0.463,4,6,0,0,,industrial,1
2016-06-18,Thiruvotriyur,0.445,5,6,1,0,,industrial,1
2016-06-19,Thiruvotriyur,0.424,6,6,1,0,,industrial,1
2016-06-20,Thiruvotriyur,0.46,0,6,0,0,,industrial,1
2016-06-21,Thiruvotriyur,0.473,1,6,0,0,,industrial,1
2016-06-22,Thiruvotriyur,0.454,2,6,0,0,,industrial,1
2016-06-23,Thiruvotriyur,0.473,3,6,0,0,,industrial,1
2016-06-24,Thiruvotriyur,0.463,4,6,0,0,,industrial,1
2016-06-25,Thiruvotriyur,0.427,5,6,1,0,,industrial,1
2016-06-26,Thiruvotriyur,0.433,6,6,1,0,,industrial,1
2016-06-27,Thiruvotriyur,0.509,0,6,0,0,,industrial,1
2016-06-28,Thiruvotriyur,0.487,1,6,0,0,,industrial,1
2016-06-29,Thiruvotriyur,0.459,2,6,0,0,,industrial,1
2016-06-30,Thiruvotriyur,0.46,3,6,0,0,,industrial,1
2016-07-01,Thiruvotriyur,0.473,4,7,0,0,,industrial,1
2016-07-02,Thiruvotriyur,0.417,5,7,1,0,,industrial,1
2016-07-03,Thiruvotriyur,0.433,6,7,1,0,,industrial,1
2016-07-04,Thiruvotriyur,0.481,0,7,0,0,,industrial,1
2016-07-05,Thiruvotriyur,0.462,1,7,0,0,,industrial,1
2016-07-06,Thiruvotriyur,0.447,2,7,0,0,,industrial,1
2016-07-07,Thiruvotriyur,0.436,3,7,0,0,,industrial,1
2016-07-08,Thiruvotriyur,0.43,4,7,0,0,,industrial,1
2016-07-09,Thiruvotriyur,0.414,5,7,1,0,,industrial,1
2016-07-10,Thiruvotriyur,0.422,6,7,1,0,,industrial,1
2016-07-11,Thiruvotriyur,0.477,0,7,0,0,,industrial,1
2016-07-12,Thiruvotriyur,0.485,1,7,0,0,,industrial,1
2016-07-13,Thiruvotriyur,0.473,2,7,0,0,,industrial,1
2016-07-14,Thiruvotriyur,0.445,3,7,0,0,,industrial,1
2016-07-15,Thiruvotriyur,0.463,4,7,0,0,,industrial,1
2016-07-16,Thiruvotriyur,0.423,5,7,1,0,,industrial,1
2016-07-17,Thiruvotriyur,0.425,6,7,1,0,,industrial,1
2016-07-18,Thiruvotriyur,0.484,0,7,0,0,,industrial,1
2016-07-19,Thiruvotriyur,0.467,1,7,0,0,,industrial,1
2016-07-20,Thiruvotriyur,0.453,2,7,0,0,,industrial,1
2016-07-21,Thiruvotriyur,0.473,3,7,0,0,,industrial,1
2016-07-22,Thiruvotriyur,0.442,4,7,0,0,,industrial,1
2016-07-23,Thiruvotriyur,0.428,5,7,1,0,,industrial,1
2016-07-24,Thiruvotriyur,0.462,6,7,1,0,,industrial,1
2016-07-25,Thiruvotriyur,0.484,0,7,0,0,,industrial,1
2016-07-26,Thiruvotriyur,0.478,1,7,0,0,,industrial,1
2016-07-27,Thiruvotriyur,0.459,2,7,0,0,,industrial,1
2016-07-28,Thiruvotriyur,0.466,3,7,0,0,,industrial,1
2016-07-29,Thiruvotriyur,0.457,4,7,0,0,,industrial,1
2016-07-30,Thiruvotriyur,0.426,5,7,1,0,,industrial,1
2016-07-31,Thiruvotriyur,0.418,6,7,1,0,,industrial,1
2016-08-01,Thiruvotriyur,0.487,0,8,0,0,,industrial,1
2016-08-02,Thiruvotriyur,0.446,1,8,0,0,,industrial,1
2016-08-03,Thiruvotriyur,0.467,2,8,0,0,,industrial,1
2016-08-04,Thiruvotriyur,0.473,3,8,0,0,,industrial,1
2016-08-05,Thiruvotriyur,0.463,4,8,0,0,,industrial,1
2016-08-06,Thiruvotriyur,0.425,5,8,1,0,,industrial,1
2016-08-07,Thiruvotriyur,0.434,6,8,1,0,,industrial,1
2016-08-08,Thiruvotriyur,0.477,0,8,0,0,,industrial,1
2016-08-09,Thiruvotriyur,0.471,1,8,0,0,,industrial,1
2016-08-10,Thiruvotriyur,0.433,2,8,0,0,,industrial,1
2016-08-11,Thiruvotriyur,0.453,3,8,0,0,,industrial,1
2016-08-12,Thiruvotriyur,0.431,4,8,0,0,,industrial,1
2016-08-13,Thiruvotriyur,0.409,5,8,1,0,,industrial,1
2016-08-14,Thiruvotriyur,0.446,6,8,1,0,,industrial,1
2016-08-15,Thiruvotriyur,0.543,0,8,0,1,Independence,industrial,1
2016-08-16,Thiruvotriyur,0.448,1,8,0,0,,industrial,1
2016-08-17,Thiruvotriyur,0.437,2,8,0,0,,industrial,1
2016-08-18,Thiruvotriyur,0.417,3,8,0,0,,industrial,1
2016-08-19,Thiruvotriyur,0.451,4,8,0,0,,industrial,1
2016-08-20,Thiruvotriyur,0.459,5,8,1,0,,industrial,1
2016-08-21,Thiruvotriyur,0.434,6,8,1,0,,industrial,1
2016-08-22,Thiruvotriyur,0.473,0,8,0,0,,industrial,1
2016-08-23,Thiruvotriyur,0.464,1,8,0,0,,industrial,1
2016-08-24,Thiruvotriyur,0.437,2,8,0,0,,industrial,1
2016-08-25,Thiruvotriyur,0.454,3,8,0,0,,industrial,1
2016-08-26,Thiruvotriyur,0.459,4,8,0,0,,industrial,1
2016-08-27,Thiruvotriyur,0.427,5,8,1,0,,industrial,1
2016-08-28,Thiruvotriyur,0.438,6,8,1,0,,industrial,1
2016-08-29,Thiruvotriyur,0.486,0,8,0,0,,industrial,1
2016-08-30,Thiruvotriyur,0.467,1,8,0,0,,industrial,1
2016-08-31,Thiruvotriyur,0.449,2,8,0,0,,industrial,1
2016-09-01,Thiruvotriyur,0.47,3,9,0,0,,industrial,1
2016-09-02,Thiruvotriyur,0.48,4,9,0,0,,industrial,1
2016-09-03,Thiruvotriyur,0.416,5,9,1,0,,industrial,1
2016-09-04,Thiruvotriyur,0.417,6,9,1,0,,industrial,1
2016-09-05,Thiruvotriyur,0.5,0,9,0,0,,industrial,1
2016-09-06,Thiruvotriyur,0.455,1,9,0,0,,industrial,1
2016-09-07,Thiruvotriyur,0.477,2,9,0,0,,industrial,1
2016-09-08,Thiruvotriyur,0.505,3,9,0,1,Ganesh Chathurthi,industrial,1
2016-09-09,Thiruvotriyur,0.59,4,9,0,1,Ganesh Chathurthi,industrial,1
2016-09-10,Thiruvotriyur,0.58,5,9,1,1,Ganesh Chathurthi,industrial,1
2016-09-11,Thiruvotriyur,0.532,6,9,1,1,Ganesh Chathurthi,industrial,1
2016-09-12,Thiruvotriyur,0.562,0,9,0,1,Ganesh Chathurthi,industrial,1
2016-09-13,Thiruvotriyur,0.453,1,9,0,0,,industrial,1
2016-09-14,Thiruvotriyur,0.445,2,9,0,0,,industrial,1
2016-09-15,Thiruvotriyur,0.452,3,9,0,0,,industrial,1
2016-09-16,Thiruvotriyur,0.464,4,9,0,0,,industrial,1
2016-09-17,Thiruvotriyur,0.408,5,9,1,0,,industrial,1
2016-09-18,Thiruvotriyur,0.436,6,9,1,0,,industrial,1
2016-09-19,Thiruvotriyur,0.473,0,9,0,0,,industrial,1
2016-09-20,Thiruvotriyur,0.474,1,9,0,0,,industrial,1
2016-09-21,Thiruvotriyur,0.425,2,9,0,0,,industrial,1
2016-09-22,Thiruvotriyur,0.447,3,9,0,0,,industrial,1
2016-09-23,Thiruvotriyur,0.435,4,9,0,0,,industrial,1
2016-09-24,Thiruvotriyur,0.418,5,9,1,0,,industrial,1
2016-09-25,Thiruvotriyur,0.431,6,9,1,0,,industrial,1
2016-09-26,Thiruvotriyur,0.478,0,9,0,0,,industrial,1
2016-09-27,Thiruvotriyur,0.455,1,9,0,0,,industrial,1
2016-09-28,Thiruvotriyur,0.456,2,9,0,0,,industrial,1
2016-09-29,Thiruvotriyur,0.461,3,9,0,0,,industrial,1
2016-09-30,Thiruvotriyur,0.444,4,9,0,0,,industrial,1
2016-10-01,Thiruvotriyur,0.46,5,10,1,0,,industrial,1
2016-10-02,Thiruvotriyur,0.46,6,10,1,0,,industrial,1
2016-10-03,Thiruvotriyur,0.512,0,10,0,0,,industrial,1
2016-10-04,Thiruvotriyur,0.552,1,10,0,1,Dussehra,industrial,1
2016-10-05,Thiruvotriyur,0.608,2,10,0,1,Dussehra,industrial,1
2016-10-06,Thiruvotriyur,0.576,3,10,0,1,Dussehra,industrial,1
2016-10-07,Thiruvotriyur,0.481,4,10,0,0,,industrial,1
2016-10-08,Thiruvotriyur,0.447,5,10,1,0,,industrial,1
2016-10-09,Thiruvotriyur,0.441,6,10,1,0,,industrial,1
2016-10-10,Thiruvotriyur,0.491,0,10,0,0,,industrial,1
2016-10-11,Thiruvotriyur,0.464,1,10,0,0,,industrial,1
2016-10-12,Thiruvotriyur,0.469,2,10,0,0,,industrial,1
2016-10-13,Thiruvotriyur,0.481,3,10,0,0,,industrial,1
2016-10-14,Thiruvotriyur,0.487,4,10,0,0,,industrial,1
2016-10-15,Thiruvotriyur,0.452,5,10,1,0,,industrial,1
2016-10-16,Thiruvotriyur,0.44,6,10,1,0,,industrial,1
2016-10-17,Thiruvotriyur,0.52,0,10,0,0,,industrial,1
2016-10-18,Thiruvotriyur,0.493,1,10,0,0,,industrial,1
2016-10-19,Thiruvotriyur,0.48,2,10,0,0,,industrial,1
2016-10-20,Thiruvotriyur,0.473,3,10,0,0,,industrial,1
2016-10-21,Thiruvotriyur,0.49,4,10,0,0,,industrial,1
2016-10-22,Thiruvotriyur,0.514,5,10,1,1,Deepavali,industrial,1
2016-10-23,Thiruvotriyur,0.546,6,10,1,1,Deepavali,industrial,1
2016-10-24,Thiruvotriyur,0.707,0,10,0,1,Deepavali,industrial,1
2016-10-25,Thiruvotriyur,0.616,1,10,0,1,Deepavali,industrial,1
2016-10-26,Thiruvotriyur,0.532,2,10,0,1,Deepavali,industrial,1
2016-10-27,Thiruvotriyur,0.485,3,10,0,0,,industrial,1
2016-10-28,Thiruvotriyur,0.461,4,10,0,0,,industrial,1
2016-10-29,Thiruvotriyur,0.469,5,10,1,0,,industrial,1
2016-10-30,Thiruvotriyur,0.468,6,10,1,0,,industrial,1
2016-10-31,Thiruvotriyur,0.502,0,10,0,0,,industrial,1
2016-11-01,Thiruvotriyur,0.487,1,11,0,0,,industrial,1
2016-11-02,Thiruvotriyur,0.447,2,11,0,0,,industrial,1
2016-11-03,Thiruvotriyur,0.465,3,11,0,0,,industrial,1
2016-11-04,Thiruvotriyur,0.478,4,11,0,0,,industrial,1
2016-11-05,Thiruvotriyur,0.436,5,11,1,0,,industrial,1
2016-11-06,Thiruvotriyur,0.461,6,11,1,0,,industrial,1
2016-11-07,Thiruvotriyur,0.537,0,11,0,0,,industrial,1
2016-11-08,Thiruvotriyur,0.465,1,11,0,0,,industrial,1
2016-11-09,Thiruvotriyur,0.47,2,11,0,0,,industrial,1
2016-11-10,Thiruvotriyur,0.486,3,11,0,0,,industrial,1
2016-11-11,Thiruvotriyur,0.505,4,11,0,0,,industrial,1
2016-11-12,Thiruvotriyur,0.434,5,11,1,0,,industrial,1
2016-11-13,Thiruvotriyur,0.454,6,11,1,0,,industrial,1
2016-11-14,Thiruvotriyur,0.534,0,11,0,0,,industrial,1
2016-11-15,Thiruvotriyur,0.458,1,11,0,0,,industrial,1
2016-11-16,Thiruvotriyur,0.464,2,11,0,0,,industrial,1
2016-11-17,Thiruvotriyur,0.476,3,11,0,0,,industrial,1
2016-11-18,Thiruvotriyur,0.475,4,11,0,0,,industrial,1
2016-11-19,Thiruvotriyur,0.462,5,11,1,0,,industrial,1
2016-11-20,Thiruvotriyur,0.454,6,11,1,0,,industrial,1
2016-11-21,Thiruvotriyur,0.479,0,11,0,0,,industrial,1
2016-11-22,Thiruvotriyur,0.49,1,11,0,0,,industrial,1
2016-11-23,Thiruvotriyur,0.474,2,11,0,0,,industrial,1
2016-11-24,Thiruvotriyur,0.501,3,11,0,0,,industrial,1
2016-11-25,Thiruvotriyur,0.473,4,11,0,0,,industrial,1
2016-11-26,Thiruvotriyur,0.442,5,11,1,0,,industrial,1
2016-11-27,Thiruvotriyur,0.458,6,11,1,0,,industrial,1
2016-11-28,Thiruvotriyur,0.518,0,11,0,0,,industrial,1
2016-11-29,Thiruvotriyur,0.489,1,11,0,0,,industrial,1
2016-11-30,Thiruvotriyur,0.458,2,11,0,0,,industrial,1
2016-12-01,Thiruvotriyur,0.49,3,12,0,0,,industrial,1
2016-12-02,Thiruvotriyur,0.467,4,12,0,0,,industrial,1
2016-12-03,Thiruvotriyur,0.454,5,12,1,0,,industrial,1
2016-12-04,Thiruvotriyur,0.432,6,12,1,0,,industrial,1
2016-12-05,Thiruvotriyur,0.513,0,12,0,0,,industrial,1
2016-12-06,Thiruvotriyur,0.471,1,12,0,0,,industrial,1
2016-12-07,Thiruvotriyur,0.464,2,12,0,0,,industrial,1
2016-12-08,Thiruvotriyur,0.493,3,12,0,0,,industrial,1
2016-12-09,Thiruvotriyur,0.486,4,12,0,0,,industrial,1
2016-12-10,Thiruvotriyur,0.443,5,12,1,0,,industrial,1
2016-12-11,Thiruvotriyur,0.47,6,12,1,0,,industrial,1
2016-12-12,Thiruvotriyur,0.5,0,12,0,0,,industrial,1
2016-12-13,Thiruvotriyur,0.483,1,12,0,0,,industrial,1
2016-12-14,Thiruvotriyur,0.486,2,12,0,0,,industrial,1
2016-12-15,Thiruvotriyur,0.473,3,12,0,0,,industrial,1
2016-12-16,Thiruvotriyur,0.489,4,12,0,0,,industrial,1
2016-12-17,Thiruvotriyur,0.444,5,12,1,0,,industrial,1
2016-12-18,Thiruvotriyur,0.445,6,12,1,0,,industrial,1
2016-12-19,Thiruvotriyur,0.527,0,12,0,0,,industrial,1
2016-12-20,Thiruvotriyur,0.467,1,12,0,0,,industrial,1
2016-12-21,Thiruvotriyur,0.447,2,12,0,0,,industrial,1
2016-12-22,Thiruvotriyur,0.505,3,12,0,0,,industrial,1
2016-12-23,Thiruvotriyur,0.519,4,12,0,0,,industrial,1
2016-12-24,Thiruvotriyur,0.479,5,12,1,1,Christmas,industrial,1
2016-12-25,Thiruvotriyur,0.488,6,12,1,1,Christmas,industrial,1
2016-12-26,Thiruvotriyur,0.539,0,12,0,1,Christmas,industrial,1
2016-12-27,Thiruvotriyur,0.478,1,12,0,0,,industrial,1
2016-12-28,Thiruvotriyur,0.479,2,12,0,0,,industrial,1
2016-12-29,Thiruvotriyur,0.466,3,12,0,0,,industrial,1
2016-12-30,Thiruvotriyur,0.54,4,12,0,1,New Year,industrial,1
2016-12-31,Thiruvotriyur,0.55,5,12,1,1,New Year,industrial,1
2017-01-01,Thiruvotriyur,0.431,6,1,1,0,,industrial,1
2017-01-02,Thiruvotriyur,0.517,0,1,0,0,,industrial,1
2017-01-03,Thiruvotriyur,0.512,1,1,0,0,,industrial,1
2017-01-04,Thiruvotriyur,0.485,2,1,0,0,,industrial,1
2017-01-05,Thiruvotriyur,0.477,3,1,0,0,,industrial,1
2017-01-06,Thiruvotriyur,0.48,4,1,0,0,,industrial,1
2017-01-07,Thiruvotriyur,0.459,5,1,1,0,,industrial,1
2017-01-08,Thiruvotriyur,0.427,6,1,1,0,,industrial,1
2017-01-09,Thiruvotriyur,0.509,0,1,0,0,,industrial,1
2017-01-10,Thiruvotriyur,0.477,1,1,0,0,,industrial,1
2017-01-11,Thiruvotriyur,0.509,2,1,0,0,,industrial,1
2017-01-12,Thiruvotriyur,0.528,3,1,0,1,Pongal,industrial,1
2017-01-13,Thiruvotriyur,0.608,4,1,0,1,Pongal,industrial,1
2017-01-14,Thiruvotriyur,0.567,5,1,1,1,Pongal,industrial,1
2017-01-15,Thiruvotriyur,0.551,6,1,1,1,Pongal,industrial,1
2017-01-16,Thiruvotriyur,0.562,0,1,0,1,Pongal,industrial,1
2017-01-17,Thiruvotriyur,0.47,1,1,0,0,,industrial,1
2017-01-18,Thiruvotriyur,0.485,2,1,0,0,,industrial,1
2017-01-19,Thiruvotriyur,0.5,3,1,0,0,,industrial,1
2017-01-20,Thiruvotriyur,0.478,4,1,0,0,,industrial,1
2017-01-21,Thiruvotriyur,0.428,5,1,1,0,,industrial,1
2017-01-22,Thiruvotriyur,0.451,6,1,1,0,,industrial,1
2017-01-23,Thiruvotriyur,0.493,0,1,0,0,,industrial,1
2017-01-24,Thiruvotriyur,0.477,1,1,0,0,,industrial,1
2017-01-25,Thiruvotriyur,0.481,2,1,0,0,,industrial,1
2017-01-26,Thiruvotriyur,0.503,3,1,0,1,Republic Day,industrial,1
2017-01-27,Thiruvotriyur,0.459,4,1,0,0,,industrial,1
2017-01-28,Thiruvotriyur,0.457,5,1,1,0,,industrial,1
2017-01-29,Thiruvotriyur,0.444,6,1,1,0,,industrial,1
2017-01-30,Thiruvotriyur,0.467,0,1,0,0,,industrial,1
2017-01-31,Thiruvotriyur,0.494,1,1,0,0,,industrial,1
2017-02-01,Thiruvotriyur,0.486,2,2,0,0,,industrial,1
2017-02-02,Thiruvotriyur,0.472,3,2,0,0,,industrial,1
2017-02-03,Thiruvotriyur,0.463,4,2,0,0,,industrial,1
2017-02-04,Thiruvotriyur,0.462,5,2,1,0,,industrial,1
2017-02-05,Thiruvotriyur,0.456,6,2,1,0,,industrial,1
2017-02-06,Thiruvotriyur,0.542,0,2,0,0,,industrial,1
2017-02-07,Thiruvotriyur,0.488,1,2,0,0,,industrial,1
2017-02-08,Thiruvotriyur,0.488,2,2,0,0,,industrial,1
2017-02-09,Thiruvotriyur,0.48,3,2,0,0,,industrial,1
2017-02-10,Thiruvotriyur,0.494,4,2,0,0,,industrial,1
2017-02-11,Thiruvotriyur,0.459,5,2,1,0,,industrial,1
2017-02-12,Thiruvotriyur,0.468,6,2,1,0,,industrial,1
2017-02-13,Thiruvotriyur,0.498,0,2,0,0,,industrial,1
2017-02-14,Thiruvotriyur,0.476,1,2,0,0,,industrial,1
2017-02-15,Thiruvotriyur,0.475,2,2,0,0,,industrial,1
2017-02-16,Thiruvotriyur,0.494,3,2,0,0,,industrial,1
2017-02-17,Thiruvotriyur,0.504,4,2,0,0,,industrial,1
2017-02-18,Thiruvotriyur,0.445,5,2,1,0,,industrial,1
2017-02-19,Thiruvotriyur,0.445,6,2,1,0,,industrial,1
2017-02-20,Thiruvotriyur,0.511,0,2,0,0,,industrial,1
2017-02-21,Thiruvotriyur,0.479,1,2,0,0,,industrial,1
2017-02-22,Thiruvotriyur,0.496,2,2,0,0,,industrial,1
2017-02-23,Thiruvotriyur,0.45,3,2,0,0,,industrial,1
2017-02-24,Thiruvotriyur,0.47,4,2,0,0,,industrial,1
2017-02-25,Thiruvotriyur,0.44,5,2,1,0,,industrial,1
2017-02-26,Thiruvotriyur,0.419,6,2,1,0,,industrial,1
2017-02-27,Thiruvotriyur,0.492,0,2,0,0,,industrial,1
2017-02-28,Thiruvotriyur,0.469,1,2,0,0,,industrial,1
2017-03-01,Thiruvotriyur,0.503,2,3,0,0,,industrial,1
2017-03-02,Thiruvotriyur,0.523,3,3,0,0,,industrial,1
2017-03-03,Thiruvotriyur,0.503,4,3,0,0,,industrial,1
2017-03-04,Thiruvotriyur,0.459,5,3,1,0,,industrial,1
2017-03-05,Thiruvotriyur,0.473,6,3,1,0,,industrial,1
2017-03-06,Thiruvotriyur,0.548,0,3,0,0,,industrial,1
2017-03-07,Thiruvotriyur,0.491,1,3,0,0,,industrial,1
2017-03-08,Thiruvotriyur,0.492,2,3,0,0,,industrial,1
2017-03-09,Thiruvotriyur,0.515,3,3,0,0,,industrial,1
2017-03-10,Thiruvotriyur,0.503,4,3,0,0,,industrial,1
2017-03-11,Thiruvotriyur,0.483,5,3,1,0,,industrial,1
2017-03-12,Thiruvotriyur,0.473,6,3,1,0,,industrial,1
2017-03-13,Thiruvotriyur,0.543,0,3,0,0,,industrial,1
2017-03-14,Thiruvotriyur,0.491,1,3,0,0,,industrial,1
2017-03-15,Thiruvotriyur,0.506,2,3,0,0,,industrial,1
2017-03-16,Thiruvotriyur,0.503,3,3,0,0,,industrial,1
2017-03-17,Thiruvotriyur,0.488,4,3,0,0,,industrial,1
2017-03-18,Thiruvotriyur,0.451,5,3,1,0,,industrial,1
2017-03-19,Thiruvotriyur,0.483,6,3,1,0,,industrial,1
2017-03-20,Thiruvotriyur,0.526,0,3,0,0,,industrial,1
2017-03-21,Thiruvotriyur,0.491,1,3,0,0,,industrial,1
2017-03-22,Thiruvotriyur,0.505,2,3,0,0,,industrial,1
2017-03-23,Thiruvotriyur,0.523,3,3,0,0,,industrial,1
2017-03-24,Thiruvotriyur,0.472,4,3,0,0,,industrial,1
2017-03-25,Thiruvotriyur,0.452,5,3,1,0,,industrial,1
2017-03-26,Thiruvotriyur,0.46,6,3,1,0,,industrial,1
2017-03-27,Thiruvotriyur,0.555,0,3,0,0,,industrial,1
2017-03-28,Thiruvotriyur,0.511,1,3,0,0,,industrial,1
2017-03-29,Thiruvotriyur,0.518,2,3,0,0,,industrial,1
2017-03-30,Thiruvotriyur,0.489,3,3,0,0,,industrial,1
2017-03-31,Thiruvotriyur,0.489,4,3,0,0,,industrial,1
2017-04-01,Thiruvotriyur,0.401,5,4,1,0,,industrial,1
2017-04-02,Thiruvotriyur,0.396,6,4,1,0,,industrial,1
2017-04-03,Thiruvotriyur,0.451,0,4,0,0,,industrial,1
2017-04-04,Thiruvotriyur,0.42,1,4,0,0,,industrial,1
2017-04-05,Thiruvotriyur,0.426,2,4,0,0,,industrial,1
2017-04-06,Thiruvotriyur,0.425,3,4,0,0,,industrial,1
2017-04-07,Thiruvotriyur,0.433,4,4,0,0,,industrial,1
2017-04-08,Thiruvotriyur,0.405,5,4,1,0,,industrial,1
2017-04-09,Thiruvotriyur,0.376,6,4,1,0,,industrial,1
2017-04-10,Thiruvotriyur,0.414,0,4,0,0,,industrial,1
2017-04-11,Thiruvotriyur,0.436,1,4,0,0,,industrial,1
2017-04-12,Thiruvotriyur,0.438,2,4,0,0,,industrial,1
2017-04-13,Thiruvotriyur,0.461,3,4,0,1,Tamil New Year,industrial,1
2017-04-14,Thiruvotriyur,0.499,4,4,0,1,Tamil New Year,industrial,1
2017-04-15,Thiruvotriyur,0.446,5,4,1,1,Tamil New Year,industrial,1
2017-04-16,Thiruvotriyur,0.406,6,4,1,0,,industrial,1
2017-04-17,Thiruvotriyur,0.468,0,4,0,0,,industrial,1
2017-04-18,Thiruvotriyur,0.429,1,4,0,0,,industrial,1
2017-04-19,Thiruvotriyur,0.418,2,4,0,0,,industrial,1
2017-04-20,Thiruvotriyur,0.453,3,4,0,1,Eid,industrial,1
2017-04-21,Thiruvotriyur,0.508,4,4,0,1,Eid,industrial,1
2017-04-22,Thiruvotriyur,0.431,5,4,1,1,Eid,industrial,1
2017-04-23,Thiruvotriyur,0.383,6,4,1,0,,industrial,1
2017-04-24,Thiruvotriyur,0.471,0,4,0,0,,industrial,1
2017-04-25,Thiruvotriyur,0.446,1,4,0,0,,industrial,1
2017-04-26,Thiruvotriyur,0.437,2,4,0,0,,industrial,1
2017-04-27,Thiruvotriyur,0.411,3,4,0,0,,industrial,1
2017-04-28,Thiruvotriyur,0.434,4,4,0,0,,industrial,1
2017-04-29,Thiruvotriyur,0.403,5,4,1,0,,industrial,1
2017-04-30,Thiruvotriyur,0.401,6,4,1,0,,industrial,1
2017-05-01,Thiruvotriyur,0.461,0,5,0,0,,industrial,1
2017-05-02,Thiruvotriyur,0.431,1,5,0,0,,industrial,1
2017-05-03,Thiruvotriyur,0.432,2,5,0,0,,industrial,1
2017-05-04,Thiruvotriyur,0.431,3,5,0,0,,industrial,1
2017-05-05,Thiruvotriyur,0.427,4,5,0,0,,industrial,1
2017-05-06,Thiruvotriyur,0.374,5,5,1,0,,industrial,1
2017-05-07,Thiruvotriyur,0.396,6,5,1,0,,industrial,1
2017-05-08,Thiruvotriyur,0.437,0,5,0,0,,industrial,1
2017-05-09,Thiruvotriyur,0.407,1,5,0,0,,industrial,1
2017-05-10,Thiruvotriyur,0.444,2,5,0,0,,industrial,1
2017-05-11,Thiruvotriyur,0.445,3,5,0,0,,industrial,1
2017-05-12,Thiruvotriyur,0.44,4,5,0,0,,industrial,1
2017-05-13,Thiruvotriyur,0.398,5,5,1,0,,industrial,1
2017-05-14,Thiruvotriyur,0.411,6,5,1,0,,industrial,1
2017-05-15,Thiruvotriyur,0.444,0,5,0,0,,industrial,1
2017-05-16,Thiruvotriyur,0.425,1,5,0,0,,industrial,1
2017-05-17,Thiruvotriyur,0.409,2,5,0,0,,industrial,1
2017-05-18,Thiruvotriyur,0.428,3,5,0,0,,industrial,1
2017-05-19,Thiruvotriyur,0.424,4,5,0,0,,industrial,1
2017-05-20,Thiruvotriyur,0.38,5,5,1,0,,industrial,1
2017-05-21,Thiruvotriyur,0.395,6,5,1,0,,industrial,1
2017-05-22,Thiruvotriyur,0.443,0,5,0,0,,industrial,1
2017-05-23,Thiruvotriyur,0.446,1,5,0,0,,industrial,1
2017-05-24,Thiruvotriyur,0.434,2,5,0,0,,industrial,1
2017-05-25,Thiruvotriyur,0.423,3,5,0,0,,industrial,1
2017-05-26,Thiruvotriyur,0.426,4,5,0,0,,industrial,1
2017-05-27,Thiruvotriyur,0.396,5,5,1,0,,industrial,1
2017-05-28,Thiruvotriyur,0.393,6,5,1,0,,industrial,1
2017-05-29,Thiruvotriyur,0.43,0,5,0,0,,industrial,1
2017-05-30,Thiruvotriyur,0.421,1,5,0,0,,industrial,1
2017-05-31,Thiruvotriyur,0.413,2,5,0,0,,industrial,1
2017-06-01,Thiruvotriyur,0.368,3,6,0,0,,industrial,1
2017-06-02,Thiruvotriyur,0.388,4,6,0,0,,industrial,1
2017-06-03,Thiruvotriyur,0.362,5,6,1,0,,industrial,1
2017-06-04,Thiruvotriyur,0.339,6,6,1,0,,industrial,1
2017-06-05,Thiruvotriyur,0.4,0,6,0,0,,industrial,1
2017-06-06,Thiruvotriyur,0.394,1,6,0,0,,industrial,1
2017-06-07,Thiruvotriyur,0.395,2,6,0,0,,industrial,1
2017-06-08,Thiruvotriyur,0.394,3,6,0,0,,industrial,1
2017-06-09,Thiruvotriyur,0.383,4,6,0,0,,industrial,1
2017-06-10,Thiruvotriyur,0.349,5,6,1,0,,industrial,1
2017-06-11,Thiruvotriyur,0.346,6,6,1,0,,industrial,1
2017-06-12,Thiruvotriyur,0.406,0,6,0,0,,industrial,1
2017-06-13,Thiruvotriyur,0.387,1,6,0,0,,industrial,1
2017-06-14,Thiruvotriyur,0.397,2,6,0,0,,industrial,1
2017-06-15,Thiruvotriyur,0.395,3,6,0,0,,industrial,1
2017-06-16,Thiruvotriyur,0.381,4,6,0,0,,industrial,1
2017-06-17,Thiruvotriyur,0.344,5,6,1,0,,industrial,1
2017-06-18,Thiruvotriyur,0.354,6,6,1,0,,industrial,1
2017-06-19,Thiruvotriyur,0.404,0,6,0,0,,industrial,1
2017-06-20,Thiruvotriyur,0.38,1,6,0,0,,industrial,1
2017-06-21,Thiruvotriyur,0.376,2,6,0,0,,industrial,1
2017-06-22,Thiruvotriyur,0.386,3,6,0,0,,industrial,1
2017-06-23,Thiruvotriyur,0.377,4,6,0,0,,industrial,1
2017-06-24,Thiruvotriyur,0.351,5,6,1,0,,industrial,1
2017-06-25,Thiruvotriyur,0.361,6,6,1,0,,industrial,1
2017-06-26,Thiruvotriyur,0.397,0,6,0,0,,industrial,1
2017-06-27,Thiruvotriyur,0.385,1,6,0,0,,industrial,1
2017-06-28,Thiruvotriyur,0.386,2,6,0,0,,industrial,1
2017-06-29,Thiruvotriyur,0.37,3,6,0,0,,industrial,1
2017-06-30,Thiruvotriyur,0.377,4,6,0,0,,industrial,1
2017-07-01,Thiruvotriyur,0.373,5,7,1,0,,industrial,1
2017-07-02,Thiruvotriyur,0.345,6,7,1,0,,industrial,1
2017-07-03,Thiruvotriyur,0.376,0,7,0,0,,industrial,1
2017-07-04,Thiruvotriyur,0.361,1,7,0,0,,industrial,1
2017-07-05,Thiruvotriyur,0.383,2,7,0,0,,industrial,1
2017-07-06,Thiruvotriyur,0.383,3,7,0,0,,industrial,1
2017-07-07,Thiruvotriyur,0.381,4,7,0,0,,industrial,1
2017-07-08,Thiruvotriyur,0.371,5,7,1,0,,industrial,1
2017-07-09,Thiruvotriyur,0.329,6,7,1,0,,industrial,1
2017-07-10,Thiruvotriyur,0.407,0,7,0,0,,industrial,1
2017-07-11,Thiruvotriyur,0.401,1,7,0,0,,industrial,1
2017-07-12,Thiruvotriyur,0.37,2,7,0,0,,industrial,1
2017-07-13,Thiruvotriyur,0.378,3,7,0,0,,industrial,1
2017-07-14,Thiruvotriyur,0.374,4,7,0,0,,industrial,1
2017-07-15,Thiruvotriyur,0.348,5,7,1,0,,industrial,1
2017-07-16,Thiruvotriyur,0.354,6,7,1,0,,industrial,1
2017-07-17,Thiruvotriyur,0.419,0,7,0,0,,industrial,1
2017-07-18,Thiruvotriyur,0.404,1,7,0,0,,industrial,1
2017-07-19,Thiruvotriyur,0.379,2,7,0,0,,industrial,1
2017-07-20,Thiruvotriyur,0.404,3,7,0,0,,industrial,1
2017-07-21,Thiruvotriyur,0.383,4,7,0,0,,industrial,1
2017-07-22,Thiruvotriyur,0.377,5,7,1,0,,industrial,1
2017-07-23,Thiruvotriyur,0.357,6,7,1,0,,industrial,1
2017-07-24,Thiruvotriyur,0.403,0,7,0,0,,industrial,1
2017-07-25,Thiruvotriyur,0.387,1,7,0,0,,industrial,1
2017-07-26,Thiruvotriyur,0.419,2,7,0,0,,industrial,1
2017-07-27,Thiruvotriyur,0.392,3,7,0,0,,industrial,1
2017-07-28,Thiruvotriyur,0.374,4,7,0,0,,industrial,1
2017-07-29,Thiruvotriyur,0.368,5,7,1,0,,industrial,1
2017-07-30,Thiruvotriyur,0.354,6,7,1,0,,industrial,1
2017-07-31,Thiruvotriyur,0.396,0,7,0,0,,industrial,1
2017-08-01,Thiruvotriyur,0.393,1,8,0,0,,industrial,1
2017-08-02,Thiruvotriyur,0.383,2,8,0,0,,industrial,1
2017-08-03,Thiruvotriyur,0.386,3,8,0,0,,industrial,1
2017-08-04,Thiruvotriyur,0.383,4,8,0,0,,industrial,1
2017-08-05,Thiruvotriyur,0.361,5,8,1,0,,industrial,1
2017-08-06,Thiruvotriyur,0.362,6,8,1,0,,industrial,1
2017-08-07,Thiruvotriyur,0.378,0,8,0,0,,industrial,1
2017-08-08,Thiruvotriyur,0.39,1,8,0,0,,industrial,1
2017-08-09,Thiruvotriyur,0.371,2,8,0,0,,industrial,1
2017-08-10,Thiruvotriyur,0.366,3,8,0,0,,industrial,1
2017-08-11,Thiruvotriyur,0.382,4,8,0,0,,industrial,1
2017-08-12,Thiruvotriyur,0.359,5,8,1,0,,industrial,1
2017-08-13,Thiruvotriyur,0.35,6,8,1,0,,industrial,1
2017-08-14,Thiruvotriyur,0.412,0,8,0,0,,industrial,1
2017-08-15,Thiruvotriyur,0.404,1,8,0,1,Independence,industrial,1
2017-08-16,Thiruvotriyur,0.378,2,8,0,0,,industrial,1
2017-08-17,Thiruvotriyur,0.376,3,8,0,0,,industrial,1
2017-08-18,Thiruvotriyur,0.382,4,8,0,0,,industrial,1
2017-08-19,Thiruvotriyur,0.361,5,8,1,0,,industrial,1
2017-08-20,Thiruvotriyur,0.347,6,8,1,0,,industrial,1
2017-08-21,Thiruvotriyur,0.41,0,8,0,0,,industrial,1
2017-08-22,Thiruvotriyur,0.383,1,8,0,0,,industrial,1
2017-08-23,Thiruvotriyur,0.361,2,8,0,0,,industrial,1
2017-08-24,Thiruvotriyur,0.36,3,8,0,0,,industrial,1
2017-08-25,Thiruvotriyur,0.382,4,8,0,0,,industrial,1
2017-08-26,Thiruvotriyur,0.355,5,8,1,0,,industrial,1
2017-08-27,Thiruvotriyur,0.357,6,8,1,0,,industrial,1
2017-08-28,Thiruvotriyur,0.401,0,8,0,0,,industrial,1
2017-08-29,Thiruvotriyur,0.385,1,8,0,0,,industrial,1
2017-08-30,Thiruvotriyur,0.393,2,8,0,0,,industrial,1
2017-08-31,Thiruvotriyur,0.37,3,8,0,0,,industrial,1
2017-09-01,Thiruvotriyur,0.369,4,9,0,0,,industrial,1
2017-09-02,Thiruvotriyur,0.346,5,9,1,0,,industrial,1
2017-09-03,Thiruvotriyur,0.361,6,9,1,0,,industrial,1
2017-09-04,Thiruvotriyur,0.417,0,9,0,0,,industrial,1
2017-09-05,Thiruvotriyur,0.378,1,9,0,0,,industrial,1
2017-09-06,Thiruvotriyur,0.354,2,9,0,0,,industrial,1
2017-09-07,Thiruvotriyur,0.363,3,9,0,0,,industrial,1
2017-09-08,Thiruvotriyur,0.417,4,9,0,1,Ganesh Chathurthi,industrial,1
2017-09-09,Thiruvotriyur,0.434,5,9,1,1,Ganesh Chathurthi,industrial,1
2017-09-10,Thiruvotriyur,0.477,6,9,1,1,Ganesh Chathurthi,industrial,1
2017-09-11,Thiruvotriyur,0.496,0,9,0,1,Ganesh Chathurthi,industrial,1
2017-09-12,Thiruvotriyur,0.423,1,9,0,1,Ganesh Chathurthi,industrial,1
2017-09-13,Thiruvotriyur,0.395,2,9,0,0,,industrial,1
2017-09-14,Thiruvotriyur,0.375,3,9,0,0,,industrial,1
2017-09-15,Thiruvotriyur,0.373,4,9,0,0,,industrial,1
2017-09-16,Thiruvotriyur,0.363,5,9,1,0,,industrial,1
2017-09-17,Thiruvotriyur,0.341,6,9,1,0,,industrial,1
2017-09-18,Thiruvotriyur,0.406,0,9,0,0,,industrial,1
2017-09-19,Thiruvotriyur,0.384,1,9,0,0,,industrial,1
2017-09-20,Thiruvotriyur,0.381,2,9,0,0,,industrial,1
2017-09-21,Thiruvotriyur,0.401,3,9,0,0,,industrial,1
2017-09-22,Thiruvotriyur,0.375,4,9,0,0,,industrial,1
2017-09-23,Thiruvotriyur,0.38,5,9,1,0,,industrial,1
2017-09-24,Thiruvotriyur,0.355,6,9,1,0,,industrial,1
2017-09-25,Thiruvotriyur,0.386,0,9,0,0,,industrial,1
2017-09-26,Thiruvotriyur,0.383,1,9,0,0,,industrial,1
2017-09-27,Thiruvotriyur,0.37,2,9,0,0,,industrial,1
2017-09-28,Thiruvotriyur,0.374,3,9,0,0,,industrial,1
2017-09-29,Thiruvotriyur,0.387,4,9,0,0,,industrial,1
2017-09-30,Thiruvotriyur,0.364,5,9,1,0,,industrial,1
2017-10-01,Thiruvotriyur,0.37,6,10,1,0,,industrial,1
2017-10-02,Thiruvotriyur,0.435,0,10,0,0,,industrial,1
2017-10-03,Thiruvotriyur,0.417,1,10,0,0,,industrial,1
2017-10-04,Thiruvotriyur,0.473,2,10,0,1,Dussehra,industrial,1
2017-10-05,Thiruvotriyur,0.511,3,10,0,1,Dussehra,industrial,1
2017-10-06,Thiruvotriyur,0.472,4,10,0,1,Dussehra,industrial,1
2017-10-07,Thiruvotriyur,0.355,5,10,1,0,,industrial,1
2017-10-08,Thiruvotriyur,0.373,6,10,1,0,,industrial,1
2017-10-09,Thiruvotriyur,0.412,0,10,0,0,,industrial,1
2017-10-10,Thiruvotriyur,0.404,1,10,0,0,,industrial,1
2017-10-11,Thiruvotriyur,0.396,2,10,0,0,,industrial,1
2017-10-12,Thiruvotriyur,0.401,3,10,0,0,,industrial,1
2017-10-13,Thiruvotriyur,0.425,4,10,0,0,,industrial,1
2017-10-14,Thiruvotriyur,0.375,5,10,1,0,,industrial,1
2017-10-15,Thiruvotriyur,0.381,6,10,1,0,,industrial,1
2017-10-16,Thiruvotriyur,0.42,0,10,0,0,,industrial,1
2017-10-17,Thiruvotriyur,0.404,1,10,0,0,,industrial,1
2017-10-18,Thiruvotriyur,0.403,2,10,0,0,,industrial,1
2017-10-19,Thiruvotriyur,0.408,3,10,0,0,,industrial,1
2017-10-20,Thiruvotriyur,0.417,4,10,0,0,,industrial,1
2017-10-21,Thiruvotriyur,0.395,5,10,1,0,,industrial,1
2017-10-22,Thiruvotriyur,0.431,6,10,1,1,Deepavali,industrial,1
2017-10-23,Thiruvotriyur,0.545,0,10,0,1,Deepavali,industrial,1
2017-10-24,Thiruvotriyur,0.544,1,10,0,1,Deepavali,industrial,1
2017-10-25,Thiruvotriyur,0.509,2,10,0,1,Deepavali,industrial,1
2017-10-26,Thiruvotriyur,0.469,3,10,0,1,Deepavali,industrial,1
2017-10-27,Thiruvotriyur,0.413,4,10,0,0,,industrial,1
2017-10-28,Thiruvotriyur,0.379,5,10,1,0,,industrial,1
2017-10-29,Thiruvotriyur,0.387,6,10,1,0,,industrial,1
2017-10-30,Thiruvotriyur,0.429,0,10,0,0,,industrial,1
2017-10-31,Thiruvotriyur,0.417,1,10,0,0,,industrial,1
2017-11-01,Thiruvotriyur,0.406,2,11,0,0,,industrial,1
2017-11-02,Thiruvotriyur,0.398,3,11,0,0,,industrial,1
2017-11-03,Thiruvotriyur,0.407,4,11,0,0,,industrial,1
2017-11-04,Thiruvotriyur,0.343,5,11,1,0,,industrial,1
2017-11-05,Thiruvotriyur,0.381,6,11,1,0,,industrial,1
2017-11-06,Thiruvotriyur,0.377,0,11,0,0,,industrial,1
2017-11-07,Thiruvotriyur,0.382,1,11,0,0,,industrial,1
2017-11-08,Thiruvotriyur,0.408,2,11,0,0,,industrial,1
2017-11-09,Thiruvotriyur,0.409,3,11,0,0,,industrial,1
2017-11-10,Thiruvotriyur,0.389,4,11,0,0,,industrial,1
2017-11-11,Thiruvotriyur,0.369,5,11,1,0,,industrial,1
2017-11-12,Thiruvotriyur,0.392,6,11,1,0,,industrial,1
2017-11-13,Thiruvotriyur,0.417,0,11,0,0,,industrial,1
2017-11-14,Thiruvotriyur,0.43,1,11,0,0,,industrial,1
2017-11-15,Thiruvotriyur,0.403,2,11,0,0,,industrial,1
2017-11-16,Thiruvotriyur,0.408,3,11,0,0,,industrial,1
2017-11-17,Thiruvotriyur,0.422,4,11,0,0,,industrial,1
2017-11-18,Thiruvotriyur,0.378,5,11,1,0,,industrial,1
2017-11-19,Thiruvotriyur,0.365,6,11,1,0,,industrial,1
2017-11-20,Thiruvotriyur,0.421,0,11,0,0,,industrial,1
2017-11-21,Thiruvotriyur,0.402,1,11,0,0,,industrial,1
2017-11-22,Thiruvotriyur,0.386,2,11,0,0,,industrial,1
2017-11-23,Thiruvotriyur,0.4,3,11,0,0,,industrial,1
2017-11-24,Thiruvotriyur,0.394,4,11,0,0,,industrial,1
2017-11-25,Thiruvotriyur,0.387,5,11,1,0,,industrial,1
2017-11-26,Thiruvotriyur,0.377,6,11,1,0,,industrial,1
2017-11-27,Thiruvotriyur,0.419,0,11,0,0,,industrial,1
2017-11-28,Thiruvotriyur,0.401,1,11,0,0,,industrial,1
2017-11-29,Thiruvotriyur,0.405,2,11,0,0,,industrial,1
2017-11-30,Thiruvotriyur,0.41,3,11,0,0,,industrial,1
2017-12-01,Thiruvotriyur,0.391,4,12,0,0,,industrial,1
2017-12-02,Thiruvotriyur,0.365,5,12,1,0,,industrial,1
2017-12-03,Thiruvotriyur,0.389,6,12,1,0,,industrial,1
2017-12-04,Thiruvotriyur,0.418,0,12,0,0,,industrial,1
2017-12-05,Thiruvotriyur,0.386,1,12,0,0,,industrial,1
2017-12-06,Thiruvotriyur,0.408,2,12,0,0,,industrial,1
2017-12-07,Thiruvotriyur,0.408,3,12,0,0,,industrial,1
2017-12-08,Thiruvotriyur,0.384,4,12,0,0,,industrial,1
2017-12-09,Thiruvotriyur,0.379,5,12,1,0,,industrial,1
2017-12-10,Thiruvotriyur,0.385,6,12,1,0,,industrial,1
2017-12-11,Thiruvotriyur,0.428,0,12,0,0,,industrial,1
2017-12-12,Thiruvotriyur,0.41,1,12,0,0,,industrial,1
2017-12-13,Thiruvotriyur,0.386,2,12,0,0,,industrial,1
2017-12-14,Thiruvotriyur,0.407,3,12,0,0,,industrial,1
2017-12-15,Thiruvotriyur,0.399,4,12,0,0,,industrial,1
2017-12-16,Thiruvotriyur,0.371,5,12,1,0,,industrial,1
2017-12-17,Thiruvotriyur,0.386,6,12,1,0,,industrial,1
2017-12-18,Thiruvotriyur,0.442,0,12,0,0,,industrial,1
2017-12-19,Thiruvotriyur,0.424,1,12,0,0,,industrial,1
2017-12-20,Thiruvotriyur,0.419,2,12,0,0,,industrial,1
2017-12-21,Thiruvotriyur,0.401,3,12,0,0,,industrial,1
2017-12-22,Thiruvotriyur,0.407,4,12,0,0,,industrial,1
2017-12-23,Thiruvotriyur,0.385,5,12,1,0,,industrial,1
2017-12-24,Thiruvotriyur,0.406,6,12,1,1,Christmas,industrial,1
2017-12-25,Thiruvotriyur,0.488,0,12,0,1,Christmas,industrial,1
2017-12-26,Thiruvotriyur,0.444,1,12,0,1,Christmas,industrial,1
2017-12-27,Thiruvotriyur,0.402,2,12,0,0,,industrial,1
2017-12-28,Thiruvotriyur,0.394,3,12,0,0,,industrial,1
2017-12-29,Thiruvotriyur,0.398,4,12,0,0,,industrial,1
2017-12-30,Thiruvotriyur,0.422,5,12,1,1,New Year,industrial,1
2017-12-31,Thiruvotriyur,0.452,6,12,1,1,New Year,industrial,1
2018-01-01,Thiruvotriyur,0.427,0,1,0,0,,industrial,1
2018-01-02,Thiruvotriyur,0.411,1,1,0,0,,industrial,1
2018-01-03,Thiruvotriyur,0.398,2,1,0,0,,industrial,1
2018-01-04,Thiruvotriyur,0.412,3,1,0,0,,industrial,1
2018-01-05,Thiruvotriyur,0.407,4,1,0,0,,industrial,1
2018-01-06,Thiruvotriyur,0.363,5,1,1,0,,industrial,1
2018-01-07,Thiruvotriyur,0.393,6,1,1,0,,industrial,1
2018-01-08,Thiruvotriyur,0.417,0,1,0,0,,industrial,1
2018-01-09,Thiruvotriyur,0.383,1,1,0,0,,industrial,1
2018-01-10,Thiruvotriyur,0.39,2,1,0,0,,industrial,1
2018-01-11,Thiruvotriyur,0.39,3,1,0,0,,industrial,1
2018-01-12,Thiruvotriyur,0.444,4,1,0,1,Pongal,industrial,1
2018-01-13,Thiruvotriyur,0.448,5,1,1,1,Pongal,industrial,1
2018-01-14,Thiruvotriyur,0.485,6,1,1,1,Pongal,industrial,1
2018-01-15,Thiruvotriyur,0.517,0,1,0,1,Pongal,industrial,1
2018-01-16,Thiruvotriyur,0.448,1,1,0,1,Pongal,industrial,1
2018-01-17,Thiruvotriyur,0.407,2,1,0,0,,industrial,1
2018-01-18,Thiruvotriyur,0.408,3,1,0,0,,industrial,1
2018-01-19,Thiruvotriyur,0.41,4,1,0,0,,industrial,1
2018-01-20,Thiruvotriyur,0.353,5,1,1,0,,industrial,1
2018-01-21,Thiruvotriyur,0.372,6,1,1,0,,industrial,1
2018-01-22,Thiruvotriyur,0.395,0,1,0,0,,industrial,1
2018-01-23,Thiruvotriyur,0.403,1,1,0,0,,industrial,1
2018-01-24,Thiruvotriyur,0.403,2,1,0,0,,industrial,1
2018-01-25,Thiruvotriyur,0.415,3,1,0,0,,industrial,1
2018-01-26,Thiruvotriyur,0.459,4,1,0,1,Republic Day,industrial,1
2018-01-27,Thiruvotriyur,0.379,5,1,1,0,,industrial,1
2018-01-28,Thiruvotriyur,0.371,6,1,1,0,,industrial,1
2018-01-29,Thiruvotriyur,0.429,0,1,0,0,,industrial,1
2018-01-30,Thiruvotriyur,0.396,1,1,0,0,,industrial,1
2018-01-31,Thiruvotriyur,0.403,2,1,0,0,,industrial,1
2018-02-01,Thiruvotriyur,0.415,3,2,0,0,,industrial,1
2018-02-02,Thiruvotriyur,0.396,4,2,0,0,,industrial,1
2018-02-03,Thiruvotriyur,0.386,5,2,1,0,,industrial,1
2018-02-04,Thiruvotriyur,0.384,6,2,1,0,,industrial,1
2018-02-05,Thiruvotriyur,0.411,0,2,0,0,,industrial,1
2018-02-06,Thiruvotriyur,0.415,1,2,0,0,,industrial,1
2018-02-07,Thiruvotriyur,0.411,2,2,0,0,,industrial,1
2018-02-08,Thiruvotriyur,0.404,3,2,0,0,,industrial,1
2018-02-09,Thiruvotriyur,0.394,4,2,0,0,,industrial,1
2018-02-10,Thiruvotriyur,0.367,5,2,1,0,,industrial,1
2018-02-11,Thiruvotriyur,0.37,6,2,1,0,,industrial,1
2018-02-12,Thiruvotriyur,0.43,0,2,0,0,,industrial,1
2018-02-13,Thiruvotriyur,0.391,1,2,0,0,,industrial,1
2018-02-14,Thiruvotriyur,0.408,2,2,0,0,,industrial,1
2018-02-15,Thiruvotriyur,0.388,3,2,0,0,,industrial,1
2018-02-16,Thiruvotriyur,0.4,4,2,0,0,,industrial,1
2018-02-17,Thiruvotriyur,0.378,5,2,1,0,,industrial,1
2018-02-18,Thiruvotriyur,0.404,6,2,1,0,,industrial,1
2018-02-19,Thiruvotriyur,0.405,0,2,0,0,,industrial,1
2018-02-20,Thiruvotriyur,0.421,1,2,0,0,,industrial,1
2018-02-21,Thiruvotriyur,0.405,2,2,0,0,,industrial,1
2018-02-22,Thiruvotriyur,0.408,3,2,0,0,,industrial,1
2018-02-23,Thiruvotriyur,0.404,4,2,0,0,,industrial,1
2018-02-24,Thiruvotriyur,0.382,5,2,1,0,,industrial,1
2018-02-25,Thiruvotriyur,0.375,6,2,1,0,,industrial,1
2018-02-26,Thiruvotriyur,0.441,0,2,0,0,,industrial,1
2018-02-27,Thiruvotriyur,0.397,1,2,0,0,,industrial,1
2018-02-28,Thiruvotriyur,0.416,2,2,0,0,,industrial,1
2018-03-01,Thiruvotriyur,0.415,3,3,0,0,,industrial,1
2018-03-02,Thiruvotriyur,0.422,4,3,0,0,,industrial,1
2018-03-03,Thiruvotriyur,0.383,5,3,1,0,,industrial,1
2018-03-04,Thiruvotriyur,0.401,6,3,1,0,,industrial,1
2018-03-05,Thiruvotriyur,0.463,0,3,0,0,,industrial,1
2018-03-06,Thiruvotriyur,0.422,1,3,0,0,,industrial,1
2018-03-07,Thiruvotriyur,0.42,2,3,0,0,,industrial,1
2018-03-08,Thiruvotriyur,0.409,3,3,0,0,,industrial,1
2018-03-09,Thiruvotriyur,0.42,4,3,0,0,,industrial,1
2018-03-10,Thiruvotriyur,0.376,5,3,1,0,,industrial,1
2018-03-11,Thiruvotriyur,0.385,6,3,1,0,,industrial,1
2018-03-12,Thiruvotriyur,0.447,0,3,0,0,,industrial,1
2018-03-13,Thiruvotriyur,0.44,1,3,0,0,,industrial,1
2018-03-14,Thiruvotriyur,0.459,2,3,0,0,,industrial,1
2018-03-15,Thiruvotriyur,0.415,3,3,0,0,,industrial,1
2018-03-16,Thiruvotriyur,0.441,4,3,0,0,,industrial,1
2018-03-17,Thiruvotriyur,0.398,5,3,1,0,,industrial,1
2018-03-18,Thiruvotriyur,0.394,6,3,1,0,,industrial,1
2018-03-19,Thiruvotriyur,0.45,0,3,0,0,,industrial,1
2018-03-20,Thiruvotriyur,0.424,1,3,0,0,,industrial,1
2018-03-21,Thiruvotriyur,0.424,2,3,0,0,,industrial,1
2018-03-22,Thiruvotriyur,0.418,3,3,0,0,,industrial,1
2018-03-23,Thiruvotriyur,0.405,4,3,0,0,,industrial,1
2018-03-24,Thiruvotriyur,0.377,5,3,1,0,,industrial,1
2018-03-25,Thiruvotriyur,0.403,6,3,1,0,,industrial,1
2018-03-26,Thiruvotriyur,0.44,0,3,0,0,,industrial,1
2018-03-27,Thiruvotriyur,0.415,1,3,0,0,,industrial,1
2018-03-28,Thiruvotriyur,0.423,2,3,0,0,,industrial,1
2018-03-29,Thiruvotriyur,0.433,3,3,0,0,,industrial,1
2018-03-30,Thiruvotriyur,0.425,4,3,0,0,,industrial,1
2018-03-31,Thiruvotriyur,0.388,5,3,1,0,,industrial,1
2015-04-01,Thondiyarpet,1.287,2,4,0,0,,commercial,4
2015-04-02,Thondiyarpet,1.198,3,4,0,0,,commercial,4
2015-04-03,Thondiyarpet,1.289,4,4,0,0,,commercial,4
2015-04-04,Thondiyarpet,1.257,5,4,1,0,,commercial,4
2015-04-05,Thondiyarpet,1.233,6,4,1,0,,commercial,4
2015-04-06,Thondiyarpet,1.303,0,4,0,0,,commercial,4
2015-04-07,Thondiyarpet,1.259,1,4,0,0,,commercial,4
2015-04-08,Thondiyarpet,1.23,2,4,0,0,,commercial,4
2015-04-09,Thondiyarpet,1.27,3,4,0,0,,commercial,4
2015-04-10,Thondiyarpet,1.227,4,4,0,0,,commercial,4
2015-04-11,Thondiyarpet,1.296,5,4,1,0,,commercial,4
2015-04-12,Thondiyarpet,1.289,6,4,1,0,,commercial,4
2015-04-13,Thondiyarpet,1.473,0,4,0,1,Tamil New Year,commercial,4
2015-04-14,Thondiyarpet,1.541,1,4,0,1,Tamil New Year,commercial,4
2015-04-15,Thondiyarpet,1.411,2,4,0,1,Tamil New Year,commercial,4
2015-04-16,Thondiyarpet,1.27,3,4,0,0,,commercial,4
2015-04-17,Thondiyarpet,1.326,4,4,0,0,,commercial,4
2015-04-18,Thondiyarpet,1.308,5,4,1,0,,commercial,4
2015-04-19,Thondiyarpet,1.309,6,4,1,0,,commercial,4
2015-04-20,Thondiyarpet,1.576,0,4,0,1,Eid,commercial,4
2015-04-21,Thondiyarpet,1.522,1,4,0,1,Eid,commercial,4
2015-04-22,Thondiyarpet,1.394,2,4,0,1,Eid,commercial,4
2015-04-23,Thondiyarpet,1.275,3,4,0,0,,commercial,4
2015-04-24,Thondiyarpet,1.211,4,4,0,0,,commercial,4
2015-04-25,Thondiyarpet,1.255,5,4,1,0,,commercial,4
2015-04-26,Thondiyarpet,1.253,6,4,1,0,,commercial,4
2015-04-27,Thondiyarpet,1.337,0,4,0,0,,commercial,4
2015-04-28,Thondiyarpet,1.242,1,4,0,0,,commercial,4
2015-04-29,Thondiyarpet,1.254,2,4,0,0,,commercial,4
2015-04-30,Thondiyarpet,1.29,3,4,0,0,,commercial,4
2015-05-01,Thondiyarpet,1.281,4,5,0,0,,commercial,4
2015-05-02,Thondiyarpet,1.266,5,5,1,0,,commercial,4
2015-05-03,Thondiyarpet,1.247,6,5,1,0,,commercial,4
2015-05-04,Thondiyarpet,1.356,0,5,0,0,,commercial,4
2015-05-05,Thondiyarpet,1.278,1,5,0,0,,commercial,4
2015-05-06,Thondiyarpet,1.189,2,5,0,0,,commercial,4
2015-05-07,Thondiyarpet,1.237,3,5,0,0,,commercial,4
2015-05-08,Thondiyarpet,1.255,4,5,0,0,,commercial,4
2015-05-09,Thondiyarpet,1.302,5,5,1,0,,commercial,4
2015-05-10,Thondiyarpet,1.307,6,5,1,0,,commercial,4
2015-05-11,Thondiyarpet,1.323,0,5,0,0,,commercial,4
2015-05-12,Thondiyarpet,1.271,1,5,0,0,,commercial,4
2015-05-13,Thondiyarpet,1.251,2,5,0,0,,commercial,4
2015-05-14,Thondiyarpet,1.224,3,5,0,0,,commercial,4
2015-05-15,Thondiyarpet,1.239,4,5,0,0,,commercial,4
2015-05-16,Thondiyarpet,1.273,5,5,1,0,,commercial,4
2015-05-17,Thondiyarpet,1.271,6,5,1,0,,commercial,4
2015-05-18,Thondiyarpet,1.237,0,5,0,0,,commercial,4
2015-05-19,Thondiyarpet,1.234,1,5,0,0,,commercial,4
2015-05-20,Thondiyarpet,1.251,2,5,0,0,,commercial,4
2015-05-21,Thondiyarpet,1.238,3,5,0,0,,commercial,4
2015-05-22,Thondiyarpet,1.24,4,5,0,0,,commercial,4
2015-05-23,Thondiyarpet,1.291,5,5,1,0,,commercial,4
2015-05-24,Thondiyarpet,1.231,6,5,1,0,,commercial,4
2015-05-25,Thondiyarpet,1.247,0,5,0,0,,commercial,4
2015-05-26,Thondiyarpet,1.236,1,5,0,0,,commercial,4
2015-05-27,Thondiyarpet,1.278,2,5,0,0,,commercial,4
2015-05-28,Thondiyarpet,1.312,3,5,0,0,,commercial,4
2015-05-29,Thondiyarpet,1.278,4,5,0,0,,commercial,4
2015-05-30,Thondiyarpet,1.216,5,5,1,0,,commercial,4
2015-05-31,Thondiyarpet,1.263,6,5,1,0,,commercial,4
2015-06-01,Thondiyarpet,1.196,0,6,0,0,,commercial,4
2015-06-02,Thondiyarpet,1.136,1,6,0,0,,commercial,4
2015-06-03,Thondiyarpet,1.148,2,6,0,0,,commercial,4
2015-06-04,Thondiyarpet,1.099,3,6,0,0,,commercial,4
2015-06-05,Thondiyarpet,1.132,4,6,0,0,,commercial,4
2015-06-06,Thondiyarpet,1.165,5,6,1,0,,commercial,4
2015-06-07,Thondiyarpet,1.179,6,6,1,0,,commercial,4
2015-06-08,Thondiyarpet,1.158,0,6,0,0,,commercial,4
2015-06-09,Thondiyarpet,1.118,1,6,0,0,,commercial,4
2015-06-10,Thondiyarpet,1.038,2,6,0,0,,commercial,4
2015-06-11,Thondiyarpet,1.109,3,6,0,0,,commercial,4
2015-06-12,Thondiyarpet,1.112,4,6,0,0,,commercial,4
2015-06-13,Thondiyarpet,1.116,5,6,1,0,,commercial,4
2015-06-14,Thondiyarpet,1.157,6,6,1,0,,commercial,4
2015-06-15,Thondiyarpet,1.185,0,6,0,0,,commercial,4
2015-06-16,Thondiyarpet,1.053,1,6,0,0,,commercial,4
2015-06-17,Thondiyarpet,1.137,2,6,0,0,,commercial,4
2015-06-18,Thondiyarpet,1.099,3,6,0,0,,commercial,4
2015-06-19,Thondiyarpet,1.146,4,6,0,0,,commercial,4
2015-06-20,Thondiyarpet,1.107,5,6,1,0,,commercial,4
2015-06-21,Thondiyarpet,1.152,6,6,1,0,,commercial,4
2015-06-22,Thondiyarpet,1.176,0,6,0,0,,commercial,4
2015-06-23,Thondiyarpet,1.14,1,6,0,0,,commercial,4
2015-06-24,Thondiyarpet,1.134,2,6,0,0,,commercial,4
2015-06-25,Thondiyarpet,1.121,3,6,0,0,,commercial,4
2015-06-26,Thondiyarpet,1.078,4,6,0,0,,commercial,4
2015-06-27,Thondiyarpet,1.1,5,6,1,0,,commercial,4
2015-06-28,Thondiyarpet,1.131,6,6,1,0,,commercial,4
2015-06-29,Thondiyarpet,1.186,0,6,0,0,,commercial,4
2015-06-30,Thondiyarpet,1.109,1,6,0,0,,commercial,4
2015-07-01,Thondiyarpet,1.151,2,7,0,0,,commercial,4
2015-07-02,Thondiyarpet,1.121,3,7,0,0,,commercial,4
2015-07-03,Thondiyarpet,1.097,4,7,0,0,,commercial,4
2015-07-04,Thondiyarpet,1.141,5,7,1,0,,commercial,4
2015-07-05,Thondiyarpet,1.159,6,7,1,0,,commercial,4
2015-07-06,Thondiyarpet,1.198,0,7,0,0,,commercial,4
2015-07-07,Thondiyarpet,1.194,1,7,0,0,,commercial,4
2015-07-08,Thondiyarpet,1.107,2,7,0,0,,commercial,4
2015-07-09,Thondiyarpet,1.128,3,7,0,0,,commercial,4
2015-07-10,Thondiyarpet,1.144,4,7,0,0,,commercial,4
2015-07-11,Thondiyarpet,1.15,5,7,1,0,,commercial,4
2015-07-12,Thondiyarpet,1.134,6,7,1,0,,commercial,4
2015-07-13,Thondiyarpet,1.131,0,7,0,0,,commercial,4
2015-07-14,Thondiyarpet,1.113,1,7,0,0,,commercial,4
2015-07-15,Thondiyarpet,1.094,2,7,0,0,,commercial,4
2015-07-16,Thondiyarpet,1.071,3,7,0,0,,commercial,4
2015-07-17,Thondiyarpet,1.103,4,7,0,0,,commercial,4
2015-07-18,Thondiyarpet,1.115,5,7,1,0,,commercial,4
2015-07-19,Thondiyarpet,1.171,6,7,1,0,,commercial,4
2015-07-20,Thondiyarpet,1.208,0,7,0,0,,commercial,4
2015-07-21,Thondiyarpet,1.099,1,7,0,0,,commercial,4
2015-07-22,Thondiyarpet,1.121,2,7,0,0,,commercial,4
2015-07-23,Thondiyarpet,1.067,3,7,0,0,,commercial,4
2015-07-24,Thondiyarpet,1.113,4,7,0,0,,commercial,4
2015-07-25,Thondiyarpet,1.165,5,7,1,0,,commercial,4
2015-07-26,Thondiyarpet,1.179,6,7,1,0,,commercial,4
2015-07-27,Thondiyarpet,1.161,0,7,0,0,,commercial,4
2015-07-28,Thondiyarpet,1.166,1,7,0,0,,commercial,4
2015-07-29,Thondiyarpet,1.079,2,7,0,0,,commercial,4
2015-07-30,Thondiyarpet,1.088,3,7,0,0,,commercial,4
2015-07-31,Thondiyarpet,1.154,4,7,0,0,,commercial,4
2015-08-01,Thondiyarpet,1.209,5,8,1,0,,commercial,4
2015-08-02,Thondiyarpet,1.168,6,8,1,0,,commercial,4
2015-08-03,Thondiyarpet,1.185,0,8,0,0,,commercial,4
2015-08-04,Thondiyarpet,1.056,1,8,0,0,,commercial,4
2015-08-05,Thondiyarpet,1.061,2,8,0,0,,commercial,4
2015-08-06,Thondiyarpet,1.134,3,8,0,0,,commercial,4
2015-08-07,Thondiyarpet,1.118,4,8,0,0,,commercial,4
2015-08-08,Thondiyarpet,1.113,5,8,1,0,,commercial,4
2015-08-09,Thondiyarpet,1.153,6,8,1,0,,commercial,4
2015-08-10,Thondiyarpet,1.191,0,8,0,0,,commercial,4
2015-08-11,Thondiyarpet,1.162,1,8,0,0,,commercial,4
2015-08-12,Thondiyarpet,1.135,2,8,0,0,,commercial,4
2015-08-13,Thondiyarpet,1.172,3,8,0,0,,commercial,4
2015-08-14,Thondiyarpet,1.13,4,8,0,0,,commercial,4
2015-08-15,Thondiyarpet,1.262,5,8,1,1,Independence,commercial,4
2015-08-16,Thondiyarpet,1.188,6,8,1,0,,commercial,4
2015-08-17,Thondiyarpet,1.152,0,8,0,0,,commercial,4
2015-08-18,Thondiyarpet,1.225,1,8,0,0,,commercial,4
2015-08-19,Thondiyarpet,1.143,2,8,0,0,,commercial,4
2015-08-20,Thondiyarpet,1.143,3,8,0,0,,commercial,4
2015-08-21,Thondiyarpet,1.148,4,8,0,0,,commercial,4
2015-08-22,Thondiyarpet,1.216,5,8,1,0,,commercial,4
2015-08-23,Thondiyarpet,1.178,6,8,1,0,,commercial,4
2015-08-24,Thondiyarpet,1.129,0,8,0,0,,commercial,4
2015-08-25,Thondiyarpet,1.178,1,8,0,0,,commercial,4
2015-08-26,Thondiyarpet,1.118,2,8,0,0,,commercial,4
2015-08-27,Thondiyarpet,1.134,3,8,0,0,,commercial,4
2015-08-28,Thondiyarpet,1.087,4,8,0,0,,commercial,4
2015-08-29,Thondiyarpet,1.169,5,8,1,0,,commercial,4
2015-08-30,Thondiyarpet,1.128,6,8,1,0,,commercial,4
2015-08-31,Thondiyarpet,1.19,0,8,0,0,,commercial,4
2015-09-01,Thondiyarpet,1.12,1,9,0,0,,commercial,4
2015-09-02,Thondiyarpet,1.195,2,9,0,0,,commercial,4
2015-09-03,Thondiyarpet,1.197,3,9,0,0,,commercial,4
2015-09-04,Thondiyarpet,1.132,4,9,0,0,,commercial,4
2015-09-05,Thondiyarpet,1.153,5,9,1,0,,commercial,4
2015-09-06,Thondiyarpet,1.138,6,9,1,0,,commercial,4
2015-09-07,Thondiyarpet,1.226,0,9,0,0,,commercial,4
2015-09-08,Thondiyarpet,1.249,1,9,0,1,Ganesh Chathurthi,commercial,4
2015-09-09,Thondiyarpet,1.376,2,9,0,1,Ganesh Chathurthi,commercial,4
2015-09-10,Thondiyarpet,1.57,3,9,0,1,Ganesh Chathurthi,commercial,4
2015-09-11,Thondiyarpet,1.371,4,9,0,1,Ganesh Chathurthi,commercial,4
2015-09-12,Thondiyarpet,1.284,5,9,1,1,Ganesh Chathurthi,commercial,4
2015-09-13,Thondiyarpet,1.096,6,9,1,0,,commercial,4
2015-09-14,Thondiyarpet,1.212,0,9,0,0,,commercial,4
2015-09-15,Thondiyarpet,1.196,1,9,0,0,,commercial,4
2015-09-16,Thondiyarpet,1.154,2,9,0,0,,commercial,4
2015-09-17,Thondiyarpet,1.18,3,9,0,0,,commercial,4
2015-09-18,Thondiyarpet,1.101,4,9,0,0,,commercial,4
2015-09-19,Thondiyarpet,1.159,5,9,1,0,,commercial,4
2015-09-20,Thondiyarpet,1.118,6,9,1,0,,commercial,4
2015-09-21,Thondiyarpet,1.178,0,9,0,0,,commercial,4
2015-09-22,Thondiyarpet,1.156,1,9,0,0,,commercial,4
2015-09-23,Thondiyarpet,1.133,2,9,0,0,,commercial,4
2015-09-24,Thondiyarpet,1.082,3,9,0,0,,commercial,4
2015-09-25,Thondiyarpet,1.085,4,9,0,0,,commercial,4
2015-09-26,Thondiyarpet,1.103,5,9,1,0,,commercial,4
2015-09-27,Thondiyarpet,1.168,6,9,1,0,,commercial,4
2015-09-28,Thondiyarpet,1.26,0,9,0,0,,commercial,4
2015-09-29,Thondiyarpet,1.176,1,9,0,0,,commercial,4
2015-09-30,Thondiyarpet,1.066,2,9,0,0,,commercial,4
2015-10-01,Thondiyarpet,1.24,3,10,0,0,,commercial,4
2015-10-02,Thondiyarpet,1.223,4,10,0,0,,commercial,4
2015-10-03,Thondiyarpet,1.155,5,10,1,0,,commercial,4
2015-10-04,Thondiyarpet,1.351,6,10,1,1,Dussehra,commercial,4
2015-10-05,Thondiyarpet,1.613,0,10,0,1,Dussehra,commercial,4
2015-10-06,Thondiyarpet,1.36,1,10,0,1,Dussehra,commercial,4
2015-10-07,Thondiyarpet,1.143,2,10,0,0,,commercial,4
2015-10-08,Thondiyarpet,1.211,3,10,0,0,,commercial,4
2015-10-09,Thondiyarpet,1.113,4,10,0,0,,commercial,4
2015-10-10,Thondiyarpet,1.203,5,10,1,0,,commercial,4
2015-10-11,Thondiyarpet,1.253,6,10,1,0,,commercial,4
2015-10-12,Thondiyarpet,1.25,0,10,0,0,,commercial,4
2015-10-13,Thondiyarpet,1.172,1,10,0,0,,commercial,4
2015-10-14,Thondiyarpet,1.221,2,10,0,0,,commercial,4
2015-10-15,Thondiyarpet,1.224,3,10,0,0,,commercial,4
2015-10-16,Thondiyarpet,1.236,4,10,0,0,,commercial,4
2015-10-17,Thondiyarpet,1.243,5,10,1,0,,commercial,4
2015-10-18,Thondiyarpet,1.251,6,10,1,0,,commercial,4
2015-10-19,Thondiyarpet,1.276,0,10,0,0,,commercial,4
2015-10-20,Thondiyarpet,1.199,1,10,0,0,,commercial,4
2015-10-21,Thondiyarpet,1.193,2,10,0,0,,commercial,4
2015-10-22,Thondiyarpet,1.338,3,10,0,1,Deepavali,commercial,4
2015-10-23,Thondiyarpet,1.452,4,10,0,1,Deepavali,commercial,4
2015-10-24,Thondiyarpet,1.648,5,10,1,1,Deepavali,commercial,4
2015-10-25,Thondiyarpet,1.522,6,10,1,1,Deepavali,commercial,4
2015-10-26,Thondiyarpet,1.426,0,10,0,1,Deepavali,commercial,4
2015-10-27,Thondiyarpet,1.241,1,10,0,0,,commercial,4
2015-10-28,Thondiyarpet,1.188,2,10,0,0,,commercial,4
2015-10-29,Thondiyarpet,1.225,3,10,0,0,,commercial,4
2015-10-30,Thondiyarpet,1.228,4,10,0,0,,commercial,4
2015-10-31,Thondiyarpet,1.203,5,10,1,0,,commercial,4
2015-11-01,Thondiyarpet,1.233,6,11,1,0,,commercial,4
2015-11-02,Thondiyarpet,1.24,0,11,0,0,,commercial,4
2015-11-03,Thondiyarpet,1.237,1,11,0,0,,commercial,4
2015-11-04,Thondiyarpet,1.212,2,11,0,0,,commercial,4
2015-11-05,Thondiyarpet,1.147,3,11,0,0,,commercial,4
2015-11-06,Thondiyarpet,1.195,4,11,0,0,,commercial,4
2015-11-07,Thondiyarpet,1.271,5,11,1,0,,commercial,4
2015-11-08,Thondiyarpet,1.205,6,11,1,0,,commercial,4
2015-11-09,Thondiyarpet,1.266,0,11,0,0,,commercial,4
2015-11-10,Thondiyarpet,1.209,1,11,0,0,,commercial,4
2015-11-11,Thondiyarpet,1.152,2,11,0,0,,commercial,4
2015-11-12,Thondiyarpet,1.208,3,11,0,0,,commercial,4
2015-11-13,Thondiyarpet,1.14,4,11,0,0,,commercial,4
2015-11-14,Thondiyarpet,1.189,5,11,1,0,,commercial,4
2015-11-15,Thondiyarpet,1.251,6,11,1,0,,commercial,4
2015-11-16,Thondiyarpet,1.262,0,11,0,0,,commercial,4
2015-11-17,Thondiyarpet,1.179,1,11,0,0,,commercial,4
2015-11-18,Thondiyarpet,1.205,2,11,0,0,,commercial,4
2015-11-19,Thondiyarpet,1.187,3,11,0,0,,commercial,4
2015-11-20,Thondiyarpet,1.19,4,11,0,0,,commercial,4
2015-11-21,Thondiyarpet,1.235,5,11,1,0,,commercial,4
2015-11-22,Thondiyarpet,1.185,6,11,1,0,,commercial,4
2015-11-23,Thondiyarpet,1.25,0,11,0,0,,commercial,4
2015-11-24,Thondiyarpet,1.178,1,11,0,0,,commercial,4
2015-11-25,Thondiyarpet,1.133,2,11,0,0,,commercial,4
2015-11-26,Thondiyarpet,1.157,3,11,0,0,,commercial,4
2015-11-27,Thondiyarpet,1.245,4,11,0,0,,commercial,4
2015-11-28,Thondiyarpet,1.225,5,11,1,0,,commercial,4
2015-11-29,Thondiyarpet,1.163,6,11,1,0,,commercial,4
2015-11-30,Thondiyarpet,1.191,0,11,0,0,,commercial,4
2015-12-01,Thondiyarpet,1.185,1,12,0,0,,commercial,4
2015-12-02,Thondiyarpet,1.245,2,12,0,0,,commercial,4
2015-12-03,Thondiyarpet,1.183,3,12,0,0,,commercial,4
2015-12-04,Thondiyarpet,1.236,4,12,0,0,,commercial,4
2015-12-05,Thondiyarpet,1.224,5,12,1,0,,commercial,4
2015-12-06,Thondiyarpet,1.229,6,12,1,0,,commercial,4
2015-12-07,Thondiyarpet,1.199,0,12,0,0,,commercial,4
2015-12-08,Thondiyarpet,1.223,1,12,0,0,,commercial,4
2015-12-09,Thondiyarpet,1.178,2,12,0,0,,commercial,4
2015-12-10,Thondiyarpet,1.22,3,12,0,0,,commercial,4
2015-12-11,Thondiyarpet,1.16,4,12,0,0,,commercial,4
2015-12-12,Thondiyarpet,1.218,5,12,1,0,,commercial,4
2015-12-13,Thondiyarpet,1.224,6,12,1,0,,commercial,4
2015-12-14,Thondiyarpet,1.243,0,12,0,0,,commercial,4
2015-12-15,Thondiyarpet,1.204,1,12,0,0,,commercial,4
2015-12-16,Thondiyarpet,1.18,2,12,0,0,,commercial,4
2015-12-17,Thondiyarpet,1.166,3,12,0,0,,commercial,4
2015-12-18,Thondiyarpet,1.247,4,12,0,0,,commercial,4
2015-12-19,Thondiyarpet,1.25,5,12,1,0,,commercial,4
2015-12-20,Thondiyarpet,1.184,6,12,1,0,,commercial,4
2015-12-21,Thondiyarpet,1.27,0,12,0,0,,commercial,4
2015-12-22,Thondiyarpet,1.163,1,12,0,0,,commercial,4
2015-12-23,Thondiyarpet,1.147,2,12,0,0,,commercial,4
2015-12-24,Thondiyarpet,1.318,3,12,0,1,Christmas,commercial,4
2015-12-25,Thondiyarpet,1.298,4,12,0,1,Christmas,commercial,4
2015-12-26,Thondiyarpet,1.339,5,12,1,1,Christmas,commercial,4
2015-12-27,Thondiyarpet,1.202,6,12,1,0,,commercial,4
2015-12-28,Thondiyarpet,1.241,0,12,0,0,,commercial,4
2015-12-29,Thondiyarpet,1.204,1,12,0,0,,commercial,4
2015-12-30,Thondiyarpet,1.331,2,12,0,1,New Year,commercial,4
2015-12-31,Thondiyarpet,1.392,3,12,0,1,New Year,commercial,4
2016-01-01,Thondiyarpet,1.215,4,1,0,0,,commercial,4
2016-01-02,Thondiyarpet,1.216,5,1,1,0,,commercial,4
2016-01-03,Thondiyarpet,1.166,6,1,1,0,,commercial,4
2016-01-04,Thondiyarpet,1.243,0,1,0,0,,commercial,4
2016-01-05,Thondiyarpet,1.239,1,1,0,0,,commercial,4
2016-01-06,Thondiyarpet,1.249,2,1,0,0,,commercial,4
2016-01-07,Thondiyarpet,1.215,3,1,0,0,,commercial,4
2016-01-08,Thondiyarpet,1.147,4,1,0,0,,commercial,4
2016-01-09,Thondiyarpet,1.229,5,1,1,0,,commercial,4
2016-01-10,Thondiyarpet,1.242,6,1,1,0,,commercial,4
2016-01-11,Thondiyarpet,1.276,0,1,0,0,,commercial,4
2016-01-12,Thondiyarpet,1.339,1,1,0,1,Pongal,commercial,4
2016-01-13,Thondiyarpet,1.443,2,1,0,1,Pongal,commercial,4
2016-01-14,Thondiyarpet,1.543,3,1,0,1,Pongal,commercial,4
2016-01-15,Thondiyarpet,1.401,4,1,0,1,Pongal,commercial,4
2016-01-16,Thondiyarpet,1.257,5,1,1,1,Pongal,commercial,4
2016-01-17,Thondiyarpet,1.224,6,1,1,0,,commercial,4
2016-01-18,Thondiyarpet,1.256,0,1,0,0,,commercial,4
2016-01-19,Thondiyarpet,1.209,1,1,0,0,,commercial,4
2016-01-20,Thondiyarpet,1.142,2,1,0,0,,commercial,4
2016-01-21,Thondiyarpet,1.212,3,1,0,0,,commercial,4
2016-01-22,Thondiyarpet,1.263,4,1,0,0,,commercial,4
2016-01-23,Thondiyarpet,1.214,5,1,1,0,,commercial,4
2016-01-24,Thondiyarpet,1.209,6,1,1,0,,commercial,4
2016-01-25,Thondiyarpet,1.261,0,1,0,0,,commercial,4
2016-01-26,Thondiyarpet,1.388,1,1,0,1,Republic Day,commercial,4
2016-01-27,Thondiyarpet,1.153,2,1,0,0,,commercial,4
2016-01-28,Thondiyarpet,1.197,3,1,0,0,,commercial,4
2016-01-29,Thondiyarpet,1.161,4,1,0,0,,commercial,4
2016-01-30,Thondiyarpet,1.192,5,1,1,0,,commercial,4
2016-01-31,Thondiyarpet,1.21,6,1,1,0,,commercial,4
2016-02-01,Thondiyarpet,1.299,0,2,0,0,,commercial,4
2016-02-02,Thondiyarpet,1.254,1,2,0,0,,commercial,4
2016-02-03,Thondiyarpet,1.205,2,2,0,0,,commercial,4
2016-02-04,Thondiyarpet,1.176,3,2,0,0,,commercial,4
2016-02-05,Thondiyarpet,1.278,4,2,0,0,,commercial,4
2016-02-06,Thondiyarpet,1.196,5,2,1,0,,commercial,4
2016-02-07,Thondiyarpet,1.191,6,2,1,0,,commercial,4
2016-02-08,Thondiyarpet,1.182,0,2,0,0,,commercial,4
2016-02-09,Thondiyarpet,1.239,1,2,0,0,,commercial,4
2016-02-10,Thondiyarpet,1.224,2,2,0,0,,commercial,4
2016-02-11,Thondiyarpet,1.276,3,2,0,0,,commercial,4
2016-02-12,Thondiyarpet,1.14,4,2,0,0,,commercial,4
2016-02-13,Thondiyarpet,1.265,5,2,1,0,,commercial,4
2016-02-14,Thondiyarpet,1.214,6,2,1,0,,commercial,4
2016-02-15,Thondiyarpet,1.279,0,2,0,0,,commercial,4
2016-02-16,Thondiyarpet,1.131,1,2,0,0,,commercial,4
2016-02-17,Thondiyarpet,1.242,2,2,0,0,,commercial,4
2016-02-18,Thondiyarpet,1.218,3,2,0,0,,commercial,4
2016-02-19,Thondiyarpet,1.188,4,2,0,0,,commercial,4
2016-02-20,Thondiyarpet,1.235,5,2,1,0,,commercial,4
2016-02-21,Thondiyarpet,1.184,6,2,1,0,,commercial,4
2016-02-22,Thondiyarpet,1.227,0,2,0,0,,commercial,4
2016-02-23,Thondiyarpet,1.173,1,2,0,0,,commercial,4
2016-02-24,Thondiyarpet,1.123,2,2,0,0,,commercial,4
2016-02-25,Thondiyarpet,1.22,3,2,0,0,,commercial,4
2016-02-26,Thondiyarpet,1.232,4,2,0,0,,commercial,4
2016-02-27,Thondiyarpet,1.186,5,2,1,0,,commercial,4
2016-02-28,Thondiyarpet,1.224,6,2,1,0,,commercial,4
2016-02-29,Thondiyarpet,1.239,0,2,0,0,,commercial,4
2016-03-01,Thondiyarpet,1.261,1,3,0,0,,commercial,4
2016-03-02,Thondiyarpet,1.225,2,3,0,0,,commercial,4
2016-03-03,Thondiyarpet,1.216,3,3,0,0,,commercial,4
2016-03-04,Thondiyarpet,1.288,4,3,0,0,,commercial,4
2016-03-05,Thondiyarpet,1.27,5,3,1,0,,commercial,4
2016-03-06,Thondiyarpet,1.349,6,3,1,0,,commercial,4
2016-03-07,Thondiyarpet,1.313,0,3,0,0,,commercial,4
2016-03-08,Thondiyarpet,1.214,1,3,0,0,,commercial,4
2016-03-09,Thondiyarpet,1.295,2,3,0,0,,commercial,4
2016-03-10,Thondiyarpet,1.273,3,3,0,0,,commercial,4
2016-03-11,Thondiyarpet,1.276,4,3,0,0,,commercial,4
2016-03-12,Thondiyarpet,1.318,5,3,1,0,,commercial,4
2016-03-13,Thondiyarpet,1.247,6,3,1,0,,commercial,4
2016-03-14,Thondiyarpet,1.306,0,3,0,0,,commercial,4
2016-03-15,Thondiyarpet,1.243,1,3,0,0,,commercial,4
2016-03-16,Thondiyarpet,1.201,2,3,0,0,,commercial,4
2016-03-17,Thondiyarpet,1.239,3,3,0,0,,commercial,4
2016-03-18,Thondiyarpet,1.299,4,3,0,0,,commercial,4
2016-03-19,Thondiyarpet,1.281,5,3,1,0,,commercial,4
2016-03-20,Thondiyarpet,1.221,6,3,1,0,,commercial,4
2016-03-21,Thondiyarpet,1.25,0,3,0,0,,commercial,4
2016-03-22,Thondiyarpet,1.311,1,3,0,0,,commercial,4
2016-03-23,Thondiyarpet,1.246,2,3,0,0,,commercial,4
2016-03-24,Thondiyarpet,1.225,3,3,0,0,,commercial,4
2016-03-25,Thondiyarpet,1.239,4,3,0,0,,commercial,4
2016-03-26,Thondiyarpet,1.216,5,3,1,0,,commercial,4
2016-03-27,Thondiyarpet,1.326,6,3,1,0,,commercial,4
2016-03-28,Thondiyarpet,1.296,0,3,0,0,,commercial,4
2016-03-29,Thondiyarpet,1.3,1,3,0,0,,commercial,4
2016-03-30,Thondiyarpet,1.251,2,3,0,0,,commercial,4
2016-04-01,Thondiyarpet,1.312,4,4,0,0,,commercial,4
2016-04-02,Thondiyarpet,1.291,5,4,1,0,,commercial,4
2016-04-03,Thondiyarpet,1.314,6,4,1,0,,commercial,4
2016-04-04,Thondiyarpet,1.35,0,4,0,0,,commercial,4
2016-04-05,Thondiyarpet,1.282,1,4,0,0,,commercial,4
2016-04-06,Thondiyarpet,1.271,2,4,0,0,,commercial,4
2016-04-07,Thondiyarpet,1.249,3,4,0,0,,commercial,4
2016-04-08,Thondiyarpet,1.331,4,4,0,0,,commercial,4
2016-04-09,Thondiyarpet,1.247,5,4,1,0,,commercial,4
2016-04-10,Thondiyarpet,1.282,6,4,1,0,,commercial,4
2016-04-11,Thondiyarpet,1.322,0,4,0,0,,commercial,4
2016-04-12,Thondiyarpet,1.273,1,4,0,0,,commercial,4
2016-04-13,Thondiyarpet,1.397,2,4,0,1,Tamil New Year,commercial,4
2016-04-14,Thondiyarpet,1.588,3,4,0,1,Tamil New Year,commercial,4
2016-04-15,Thondiyarpet,1.408,4,4,0,1,Tamil New Year,commercial,4
2016-04-16,Thondiyarpet,1.221,5,4,1,0,,commercial,4
2016-04-17,Thondiyarpet,1.282,6,4,1,0,,commercial,4
2016-04-18,Thondiyarpet,1.278,0,4,0,0,,commercial,4
2016-04-19,Thondiyarpet,1.193,1,4,0,0,,commercial,4
2016-04-20,Thondiyarpet,1.39,2,4,0,1,Eid,commercial,4
2016-04-21,Thondiyarpet,1.532,3,4,0,1,Eid,commercial,4
2016-04-22,Thondiyarpet,1.406,4,4,0,1,Eid,commercial,4
2016-04-23,Thondiyarpet,1.303,5,4,1,0,,commercial,4
2016-04-24,Thondiyarpet,1.207,6,4,1,0,,commercial,4
2016-04-25,Thondiyarpet,1.267,0,4,0,0,,commercial,4
2016-04-26,Thondiyarpet,1.333,1,4,0,0,,commercial,4
2016-04-27,Thondiyarpet,1.219,2,4,0,0,,commercial,4
2016-04-28,Thondiyarpet,1.281,3,4,0,0,,commercial,4
2016-04-29,Thondiyarpet,1.232,4,4,0,0,,commercial,4
2016-04-30,Thondiyarpet,1.285,5,4,1,0,,commercial,4
2016-05-01,Thondiyarpet,1.257,6,5,1,0,,commercial,4
2016-05-02,Thondiyarpet,1.343,0,5,0,0,,commercial,4
2016-05-03,Thondiyarpet,1.263,1,5,0,0,,commercial,4
2016-05-04,Thondiyarpet,1.241,2,5,0,0,,commercial,4
2016-05-05,Thondiyarpet,1.219,3,5,0,0,,commercial,4
2016-05-06,Thondiyarpet,1.268,4,5,0,0,,commercial,4
2016-05-07,Thondiyarpet,1.235,5,5,1,0,,commercial,4
2016-05-08,Thondiyarpet,1.298,6,5,1,0,,commercial,4
2016-05-09,Thondiyarpet,1.425,0,5,0,0,,commercial,4
2016-05-10,Thondiyarpet,1.309,1,5,0,0,,commercial,4
2016-05-11,Thondiyarpet,1.285,2,5,0,0,,commercial,4
2016-05-12,Thondiyarpet,1.255,3,5,0,0,,commercial,4
2016-05-13,Thondiyarpet,1.185,4,5,0,0,,commercial,4
2016-05-14,Thondiyarpet,1.231,5,5,1,0,,commercial,4
2016-05-15,Thondiyarpet,1.331,6,5,1,0,,commercial,4
2016-05-16,Thondiyarpet,1.29,0,5,0,0,,commercial,4
2016-05-17,Thondiyarpet,1.232,1,5,0,0,,commercial,4
2016-05-18,Thondiyarpet,1.252,2,5,0,0,,commercial,4
2016-05-19,Thondiyarpet,1.218,3,5,0,0,,commercial,4
2016-05-20,Thondiyarpet,1.212,4,5,0,0,,commercial,4
2016-05-21,Thondiyarpet,1.28,5,5,1,0,,commercial,4
2016-05-22,Thondiyarpet,1.247,6,5,1,0,,commercial,4
2016-05-23,Thondiyarpet,1.292,0,5,0,0,,commercial,4
2016-05-24,Thondiyarpet,1.229,1,5,0,0,,commercial,4
2016-05-25,Thondiyarpet,1.278,2,5,0,0,,commercial,4
2016-05-26,Thondiyarpet,1.25,3,5,0,0,,commercial,4
2016-05-27,Thondiyarpet,1.252,4,5,0,0,,commercial,4
2016-05-28,Thondiyarpet,1.305,5,5,1,0,,commercial,4
2016-05-29,Thondiyarpet,1.276,6,5,1,0,,commercial,4
2016-05-30,Thondiyarpet,1.31,0,5,0,0,,commercial,4
2016-05-31,Thondiyarpet,1.276,1,5,0,0,,commercial,4
2016-06-01,Thondiyarpet,1.161,2,6,0,0,,commercial,4
2016-06-02,Thondiyarpet,1.133,3,6,0,0,,commercial,4
2016-06-03,Thondiyarpet,1.141,4,6,0,0,,commercial,4
2016-06-04,Thondiyarpet,1.132,5,6,1,0,,commercial,4
2016-06-05,Thondiyarpet,1.13,6,6,1,0,,commercial,4
2016-06-06,Thondiyarpet,1.223,0,6,0,0,,commercial,4
2016-06-07,Thondiyarpet,1.154,1,6,0,0,,commercial,4
2016-06-08,Thondiyarpet,1.154,2,6,0,0,,commercial,4
2016-06-09,Thondiyarpet,1.148,3,6,0,0,,commercial,4
2016-06-10,Thondiyarpet,1.14,4,6,0,0,,commercial,4
2016-06-11,Thondiyarpet,1.184,5,6,1,0,,commercial,4
2016-06-12,Thondiyarpet,1.192,6,6,1,0,,commercial,4
2016-06-13,Thondiyarpet,1.228,0,6,0,0,,commercial,4
2016-06-14,Thondiyarpet,1.135,1,6,0,0,,commercial,4
2016-06-15,Thondiyarpet,1.186,2,6,0,0,,commercial,4
2016-06-16,Thondiyarpet,1.146,3,6,0,0,,commercial,4
2016-06-17,Thondiyarpet,1.16,4,6,0,0,,commercial,4
2016-06-18,Thondiyarpet,1.169,5,6,1,0,,commercial,4
2016-06-19,Thondiyarpet,1.168,6,6,1,0,,commercial,4
2016-06-20,Thondiyarpet,1.169,0,6,0,0,,commercial,4
2016-06-21,Thondiyarpet,1.162,1,6,0,0,,commercial,4
2016-06-22,Thondiyarpet,1.236,2,6,0,0,,commercial,4
2016-06-23,Thondiyarpet,1.126,3,6,0,0,,commercial,4
2016-06-24,Thondiyarpet,1.141,4,6,0,0,,commercial,4
2016-06-25,Thondiyarpet,1.144,5,6,1,0,,commercial,4
2016-06-26,Thondiyarpet,1.143,6,6,1,0,,commercial,4
2016-06-27,Thondiyarpet,1.251,0,6,0,0,,commercial,4
2016-06-28,Thondiyarpet,1.115,1,6,0,0,,commercial,4
2016-06-29,Thondiyarpet,1.122,2,6,0,0,,commercial,4
2016-06-30,Thondiyarpet,1.084,3,6,0,0,,commercial,4
2016-07-01,Thondiyarpet,1.113,4,7,0,0,,commercial,4
2016-07-02,Thondiyarpet,1.1,5,7,1,0,,commercial,4
2016-07-03,Thondiyarpet,1.181,6,7,1,0,,commercial,4
2016-07-04,Thondiyarpet,1.296,0,7,0,0,,commercial,4
2016-07-05,Thondiyarpet,1.126,1,7,0,0,,commercial,4
2016-07-06,Thondiyarpet,1.082,2,7,0,0,,commercial,4
2016-07-07,Thondiyarpet,1.169,3,7,0,0,,commercial,4
2016-07-08,Thondiyarpet,1.114,4,7,0,0,,commercial,4
2016-07-09,Thondiyarpet,1.205,5,7,1,0,,commercial,4
2016-07-10,Thondiyarpet,1.15,6,7,1,0,,commercial,4
2016-07-11,Thondiyarpet,1.173,0,7,0,0,,commercial,4
2016-07-12,Thondiyarpet,1.132,1,7,0,0,,commercial,4
2016-07-13,Thondiyarpet,1.164,2,7,0,0,,commercial,4
2016-07-14,Thondiyarpet,1.131,3,7,0,0,,commercial,4
2016-07-15,Thondiyarpet,1.121,4,7,0,0,,commercial,4
2016-07-16,Thondiyarpet,1.153,5,7,1,0,,commercial,4
2016-07-17,Thondiyarpet,1.115,6,7,1,0,,commercial,4
2016-07-18,Thondiyarpet,1.21,0,7,0,0,,commercial,4
2016-07-19,Thondiyarpet,1.077,1,7,0,0,,commercial,4
2016-07-20,Thondiyarpet,1.123,2,7,0,0,,commercial,4
2016-07-21,Thondiyarpet,1.164,3,7,0,0,,commercial,4
2016-07-22,Thondiyarpet,1.149,4,7,0,0,,commercial,4
2016-07-23,Thondiyarpet,1.18,5,7,1,0,,commercial,4
2016-07-24,Thondiyarpet,1.157,6,7,1,0,,commercial,4
2016-07-25,Thondiyarpet,1.237,0,7,0,0,,commercial,4
2016-07-26,Thondiyarpet,1.17,1,7,0,0,,commercial,4
2016-07-27,Thondiyarpet,1.154,2,7,0,0,,commercial,4
2016-07-28,Thondiyarpet,1.17,3,7,0,0,,commercial,4
2016-07-29,Thondiyarpet,1.164,4,7,0,0,,commercial,4
2016-07-30,Thondiyarpet,1.144,5,7,1,0,,commercial,4
2016-07-31,Thondiyarpet,1.113,6,7,1,0,,commercial,4
2016-08-01,Thondiyarpet,1.21,0,8,0,0,,commercial,4
2016-08-02,Thondiyarpet,1.157,1,8,0,0,,commercial,4
2016-08-03,Thondiyarpet,1.176,2,8,0,0,,commercial,4
2016-08-04,Thondiyarpet,1.106,3,8,0,0,,commercial,4
2016-08-05,Thondiyarpet,1.107,4,8,0,0,,commercial,4
2016-08-06,Thondiyarpet,1.176,5,8,1,0,,commercial,4
2016-08-07,Thondiyarpet,1.157,6,8,1,0,,commercial,4
2016-08-08,Thondiyarpet,1.128,0,8,0,0,,commercial,4
2016-08-09,Thondiyarpet,1.151,1,8,0,0,,commercial,4
2016-08-10,Thondiyarpet,1.075,2,8,0,0,,commercial,4
2016-08-11,Thondiyarpet,1.106,3,8,0,0,,commercial,4
2016-08-12,Thondiyarpet,1.185,4,8,0,0,,commercial,4
2016-08-13,Thondiyarpet,1.223,5,8,1,0,,commercial,4
2016-08-14,Thondiyarpet,1.117,6,8,1,0,,commercial,4
2016-08-15,Thondiyarpet,1.302,0,8,0,1,Independence,commercial,4
2016-08-16,Thondiyarpet,1.14,1,8,0,0,,commercial,4
2016-08-17,Thondiyarpet,1.199,2,8,0,0,,commercial,4
2016-08-18,Thondiyarpet,1.122,3,8,0,0,,commercial,4
2016-08-19,Thondiyarpet,1.122,4,8,0,0,,commercial,4
2016-08-20,Thondiyarpet,1.213,5,8,1,0,,commercial,4
2016-08-21,Thondiyarpet,1.146,6,8,1,0,,commercial,4
2016-08-22,Thondiyarpet,1.221,0,8,0,0,,commercial,4
2016-08-23,Thondiyarpet,1.088,1,8,0,0,,commercial,4
2016-08-24,Thondiyarpet,1.133,2,8,0,0,,commercial,4
2016-08-25,Thondiyarpet,1.082,3,8,0,0,,commercial,4
2016-08-26,Thondiyarpet,1.102,4,8,0,0,,commercial,4
2016-08-27,Thondiyarpet,1.189,5,8,1,0,,commercial,4
2016-08-28,Thondiyarpet,1.158,6,8,1,0,,commercial,4
2016-08-29,Thondiyarpet,1.184,0,8,0,0,,commercial,4
2016-08-30,Thondiyarpet,1.113,1,8,0,0,,commercial,4
2016-08-31,Thondiyarpet,1.131,2,8,0,0,,commercial,4
2016-09-01,Thondiyarpet,1.149,3,9,0,0,,commercial,4
2016-09-02,Thondiyarpet,1.172,4,9,0,0,,commercial,4
2016-09-03,Thondiyarpet,1.068,5,9,1,0,,commercial,4
2016-09-04,Thondiyarpet,1.131,6,9,1,0,,commercial,4
2016-09-05,Thondiyarpet,1.201,0,9,0,0,,commercial,4
2016-09-06,Thondiyarpet,1.135,1,9,0,0,,commercial,4
2016-09-07,Thondiyarpet,1.152,2,9,0,0,,commercial,4
2016-09-08,Thondiyarpet,1.281,3,9,0,1,Ganesh Chathurthi,commercial,4
2016-09-09,Thondiyarpet,1.391,4,9,0,1,Ganesh Chathurthi,commercial,4
2016-09-10,Thondiyarpet,1.541,5,9,1,1,Ganesh Chathurthi,commercial,4
2016-09-11,Thondiyarpet,1.42,6,9,1,1,Ganesh Chathurthi,commercial,4
2016-09-12,Thondiyarpet,1.381,0,9,0,1,Ganesh Chathurthi,commercial,4
2016-09-13,Thondiyarpet,1.113,1,9,0,0,,commercial,4
2016-09-14,Thondiyarpet,1.136,2,9,0,0,,commercial,4
2016-09-15,Thondiyarpet,1.145,3,9,0,0,,commercial,4
2016-09-16,Thondiyarpet,1.192,4,9,0,0,,commercial,4
2016-09-17,Thondiyarpet,1.149,5,9,1,0,,commercial,4
2016-09-18,Thondiyarpet,1.193,6,9,1,0,,commercial,4
2016-09-19,Thondiyarpet,1.24,0,9,0,0,,commercial,4
2016-09-20,Thondiyarpet,1.136,1,9,0,0,,commercial,4
2016-09-21,Thondiyarpet,1.131,2,9,0,0,,commercial,4
2016-09-22,Thondiyarpet,1.127,3,9,0,0,,commercial,4
2016-09-23,Thondiyarpet,1.13,4,9,0,0,,commercial,4
2016-09-24,Thondiyarpet,1.189,5,9,1,0,,commercial,4
2016-09-25,Thondiyarpet,1.168,6,9,1,0,,commercial,4
2016-09-26,Thondiyarpet,1.204,0,9,0,0,,commercial,4
2016-09-27,Thondiyarpet,1.1,1,9,0,0,,commercial,4
2016-09-28,Thondiyarpet,1.105,2,9,0,0,,commercial,4
2016-09-29,Thondiyarpet,1.212,3,9,0,0,,commercial,4
2016-09-30,Thondiyarpet,1.132,4,9,0,0,,commercial,4
2016-10-01,Thondiyarpet,1.192,5,10,1,0,,commercial,4
2016-10-02,Thondiyarpet,1.273,6,10,1,0,,commercial,4
2016-10-03,Thondiyarpet,1.269,0,10,0,0,,commercial,4
2016-10-04,Thondiyarpet,1.372,1,10,0,1,Dussehra,commercial,4
2016-10-05,Thondiyarpet,1.492,2,10,0,1,Dussehra,commercial,4
2016-10-06,Thondiyarpet,1.335,3,10,0,1,Dussehra,commercial,4
2016-10-07,Thondiyarpet,1.192,4,10,0,0,,commercial,4
2016-10-08,Thondiyarpet,1.17,5,10,1,0,,commercial,4
2016-10-09,Thondiyarpet,1.217,6,10,1,0,,commercial,4
2016-10-10,Thondiyarpet,1.269,0,10,0,0,,commercial,4
2016-10-11,Thondiyarpet,1.265,1,10,0,0,,commercial,4
2016-10-12,Thondiyarpet,1.201,2,10,0,0,,commercial,4
2016-10-13,Thondiyarpet,1.114,3,10,0,0,,commercial,4
2016-10-14,Thondiyarpet,1.195,4,10,0,0,,commercial,4
2016-10-15,Thondiyarpet,1.321,5,10,1,0,,commercial,4
2016-10-16,Thondiyarpet,1.252,6,10,1,0,,commercial,4
2016-10-17,Thondiyarpet,1.228,0,10,0,0,,commercial,4
2016-10-18,Thondiyarpet,1.22,1,10,0,0,,commercial,4
2016-10-19,Thondiyarpet,1.172,2,10,0,0,,commercial,4
2016-10-20,Thondiyarpet,1.15,3,10,0,0,,commercial,4
2016-10-21,Thondiyarpet,1.186,4,10,0,0,,commercial,4
2016-10-22,Thondiyarpet,1.387,5,10,1,1,Deepavali,commercial,4
2016-10-23,Thondiyarpet,1.459,6,10,1,1,Deepavali,commercial,4
2016-10-24,Thondiyarpet,1.701,0,10,0,1,Deepavali,commercial,4
2016-10-25,Thondiyarpet,1.518,1,10,0,1,Deepavali,commercial,4
2016-10-26,Thondiyarpet,1.342,2,10,0,1,Deepavali,commercial,4
2016-10-27,Thondiyarpet,1.213,3,10,0,0,,commercial,4
2016-10-28,Thondiyarpet,1.155,4,10,0,0,,commercial,4
2016-10-29,Thondiyarpet,1.247,5,10,1,0,,commercial,4
2016-10-30,Thondiyarpet,1.177,6,10,1,0,,commercial,4
2016-10-31,Thondiyarpet,1.32,0,10,0,0,,commercial,4
2016-11-01,Thondiyarpet,1.137,1,11,0,0,,commercial,4
2016-11-02,Thondiyarpet,1.159,2,11,0,0,,commercial,4
2016-11-03,Thondiyarpet,1.213,3,11,0,0,,commercial,4
2016-11-04,Thondiyarpet,1.258,4,11,0,0,,commercial,4
2016-11-05,Thondiyarpet,1.232,5,11,1,0,,commercial,4
2016-11-06,Thondiyarpet,1.241,6,11,1,0,,commercial,4
2016-11-07,Thondiyarpet,1.259,0,11,0,0,,commercial,4
2016-11-08,Thondiyarpet,1.161,1,11,0,0,,commercial,4
2016-11-09,Thondiyarpet,1.181,2,11,0,0,,commercial,4
2016-11-10,Thondiyarpet,1.155,3,11,0,0,,commercial,4
2016-11-11,Thondiyarpet,1.152,4,11,0,0,,commercial,4
2016-11-12,Thondiyarpet,1.235,5,11,1,0,,commercial,4
2016-11-13,Thondiyarpet,1.179,6,11,1,0,,commercial,4
2016-11-14,Thondiyarpet,1.27,0,11,0,0,,commercial,4
2016-11-15,Thondiyarpet,1.152,1,11,0,0,,commercial,4
2016-11-16,Thondiyarpet,1.209,2,11,0,0,,commercial,4
2016-11-17,Thondiyarpet,1.181,3,11,0,0,,commercial,4
2016-11-18,Thondiyarpet,1.249,4,11,0,0,,commercial,4
2016-11-19,Thondiyarpet,1.232,5,11,1,0,,commercial,4
2016-11-20,Thondiyarpet,1.266,6,11,1,0,,commercial,4
2016-11-21,Thondiyarpet,1.23,0,11,0,0,,commercial,4
2016-11-22,Thondiyarpet,1.2,1,11,0,0,,commercial,4
2016-11-23,Thondiyarpet,1.163,2,11,0,0,,commercial,4
2016-11-24,Thondiyarpet,1.183,3,11,0,0,,commercial,4
2016-11-25,Thondiyarpet,1.189,4,11,0,0,,commercial,4
2016-11-26,Thondiyarpet,1.194,5,11,1,0,,commercial,4
2016-11-27,Thondiyarpet,1.176,6,11,1,0,,commercial,4
2016-11-28,Thondiyarpet,1.205,0,11,0,0,,commercial,4
2016-11-29,Thondiyarpet,1.114,1,11,0,0,,commercial,4
2016-11-30,Thondiyarpet,1.16,2,11,0,0,,commercial,4
2016-12-01,Thondiyarpet,1.221,3,12,0,0,,commercial,4
2016-12-02,Thondiyarpet,1.141,4,12,0,0,,commercial,4
2016-12-03,Thondiyarpet,1.17,5,12,1,0,,commercial,4
2016-12-04,Thondiyarpet,1.286,6,12,1,0,,commercial,4
2016-12-05,Thondiyarpet,1.234,0,12,0,0,,commercial,4
2016-12-06,Thondiyarpet,1.21,1,12,0,0,,commercial,4
2016-12-07,Thondiyarpet,1.221,2,12,0,0,,commercial,4
2016-12-08,Thondiyarpet,1.222,3,12,0,0,,commercial,4
2016-12-09,Thondiyarpet,1.144,4,12,0,0,,commercial,4
2016-12-10,Thondiyarpet,1.212,5,12,1,0,,commercial,4
2016-12-11,Thondiyarpet,1.161,6,12,1,0,,commercial,4
2016-12-12,Thondiyarpet,1.351,0,12,0,0,,commercial,4
2016-12-13,Thondiyarpet,1.141,1,12,0,0,,commercial,4
2016-12-14,Thondiyarpet,1.161,2,12,0,0,,commercial,4
2016-12-15,Thondiyarpet,1.161,3,12,0,0,,commercial,4
2016-12-16,Thondiyarpet,1.145,4,12,0,0,,commercial,4
2016-12-17,Thondiyarpet,1.27,5,12,1,0,,commercial,4
2016-12-18,Thondiyarpet,1.309,6,12,1,0,,commercial,4
2016-12-19,Thondiyarpet,1.24,0,12,0,0,,commercial,4
2016-12-20,Thondiyarpet,1.151,1,12,0,0,,commercial,4
2016-12-21,Thondiyarpet,1.118,2,12,0,0,,commercial,4
2016-12-22,Thondiyarpet,1.19,3,12,0,0,,commercial,4
2016-12-23,Thondiyarpet,1.187,4,12,0,0,,commercial,4
2016-12-24,Thondiyarpet,1.286,5,12,1,1,Christmas,commercial,4
2016-12-25,Thondiyarpet,1.413,6,12,1,1,Christmas,commercial,4
2016-12-26,Thondiyarpet,1.369,0,12,0,1,Christmas,commercial,4
2016-12-27,Thondiyarpet,1.21,1,12,0,0,,commercial,4
2016-12-28,Thondiyarpet,1.187,2,12,0,0,,commercial,4
2016-12-29,Thondiyarpet,1.159,3,12,0,0,,commercial,4
2016-12-30,Thondiyarpet,1.345,4,12,0,1,New Year,commercial,4
2016-12-31,Thondiyarpet,1.465,5,12,1,1,New Year,commercial,4
2017-01-01,Thondiyarpet,1.253,6,1,1,0,,commercial,4
2017-01-02,Thondiyarpet,1.288,0,1,0,0,,commercial,4
2017-01-03,Thondiyarpet,1.147,1,1,0,0,,commercial,4
2017-01-04,Thondiyarpet,1.147,2,1,0,0,,commercial,4
2017-01-05,Thondiyarpet,1.171,3,1,0,0,,commercial,4
2017-01-06,Thondiyarpet,1.16,4,1,0,0,,commercial,4
2017-01-07,Thondiyarpet,1.248,5,1,1,0,,commercial,4
2017-01-08,Thondiyarpet,1.233,6,1,1,0,,commercial,4
2017-01-09,Thondiyarpet,1.3,0,1,0,0,,commercial,4
2017-01-10,Thondiyarpet,1.213,1,1,0,0,,commercial,4
2017-01-11,Thondiyarpet,1.206,2,1,0,0,,commercial,4
2017-01-12,Thondiyarpet,1.366,3,1,0,1,Pongal,commercial,4
2017-01-13,Thondiyarpet,1.458,4,1,0,1,Pongal,commercial,4
2017-01-14,Thondiyarpet,1.59,5,1,1,1,Pongal,commercial,4
2017-01-15,Thondiyarpet,1.53,6,1,1,1,Pongal,commercial,4
2017-01-16,Thondiyarpet,1.389,0,1,0,1,Pongal,commercial,4
2017-01-17,Thondiyarpet,1.187,1,1,0,0,,commercial,4
2017-01-18,Thondiyarpet,1.168,2,1,0,0,,commercial,4
2017-01-19,Thondiyarpet,1.224,3,1,0,0,,commercial,4
2017-01-20,Thondiyarpet,1.243,4,1,0,0,,commercial,4
2017-01-21,Thondiyarpet,1.219,5,1,1,0,,commercial,4
2017-01-22,Thondiyarpet,1.268,6,1,1,0,,commercial,4
2017-01-23,Thondiyarpet,1.184,0,1,0,0,,commercial,4
2017-01-24,Thondiyarpet,1.196,1,1,0,0,,commercial,4
2017-01-25,Thondiyarpet,1.197,2,1,0,0,,commercial,4
2017-01-26,Thondiyarpet,1.289,3,1,0,1,Republic Day,commercial,4
2017-01-27,Thondiyarpet,1.284,4,1,0,0,,commercial,4
2017-01-28,Thondiyarpet,1.218,5,1,1,0,,commercial,4
2017-01-29,Thondiyarpet,1.206,6,1,1,0,,commercial,4
2017-01-30,Thondiyarpet,1.259,0,1,0,0,,commercial,4
2017-01-31,Thondiyarpet,1.126,1,1,0,0,,commercial,4
2017-02-01,Thondiyarpet,1.171,2,2,0,0,,commercial,4
2017-02-02,Thondiyarpet,1.234,3,2,0,0,,commercial,4
2017-02-03,Thondiyarpet,1.176,4,2,0,0,,commercial,4
2017-02-04,Thondiyarpet,1.19,5,2,1,0,,commercial,4
2017-02-05,Thondiyarpet,1.268,6,2,1,0,,commercial,4
2017-02-06,Thondiyarpet,1.309,0,2,0,0,,commercial,4
2017-02-07,Thondiyarpet,1.217,1,2,0,0,,commercial,4
2017-02-08,Thondiyarpet,1.182,2,2,0,0,,commercial,4
2017-02-09,Thondiyarpet,1.19,3,2,0,0,,commercial,4
2017-02-10,Thondiyarpet,1.169,4,2,0,0,,commercial,4
2017-02-11,Thondiyarpet,1.184,5,2,1,0,,commercial,4
2017-02-12,Thondiyarpet,1.182,6,2,1,0,,commercial,4
2017-02-13,Thondiyarpet,1.235,0,2,0,0,,commercial,4
2017-02-14,Thondiyarpet,1.161,1,2,0,0,,commercial,4
2017-02-15,Thondiyarpet,1.142,2,2,0,0,,commercial,4
2017-02-16,Thondiyarpet,1.206,3,2,0,0,,commercial,4
2017-02-17,Thondiyarpet,1.207,4,2,0,0,,commercial,4
2017-02-18,Thondiyarpet,1.283,5,2,1,0,,commercial,4
2017-02-19,Thondiyarpet,1.196,6,2,1,0,,commercial,4
2017-02-20,Thondiyarpet,1.269,0,2,0,0,,commercial,4
2017-02-21,Thondiyarpet,1.21,1,2,0,0,,commercial,4
2017-02-22,Thondiyarpet,1.189,2,2,0,0,,commercial,4
2017-02-23,Thondiyarpet,1.225,3,2,0,0,,commercial,4
2017-02-24,Thondiyarpet,1.226,4,2,0,0,,commercial,4
2017-02-25,Thondiyarpet,1.233,5,2,1,0,,commercial,4
2017-02-26,Thondiyarpet,1.211,6,2,1,0,,commercial,4
2017-02-27,Thondiyarpet,1.245,0,2,0,0,,commercial,4
2017-02-28,Thondiyarpet,1.149,1,2,0,0,,commercial,4
2017-03-01,Thondiyarpet,1.228,2,3,0,0,,commercial,4
2017-03-02,Thondiyarpet,1.235,3,3,0,0,,commercial,4
2017-03-03,Thondiyarpet,1.216,4,3,0,0,,commercial,4
2017-03-04,Thondiyarpet,1.298,5,3,1,0,,commercial,4
2017-03-05,Thondiyarpet,1.328,6,3,1,0,,commercial,4
2017-03-06,Thondiyarpet,1.285,0,3,0,0,,commercial,4
2017-03-07,Thondiyarpet,1.269,1,3,0,0,,commercial,4
2017-03-08,Thondiyarpet,1.219,2,3,0,0,,commercial,4
2017-03-09,Thondiyarpet,1.247,3,3,0,0,,commercial,4
2017-03-10,Thondiyarpet,1.232,4,3,0,0,,commercial,4
2017-03-11,Thondiyarpet,1.305,5,3,1,0,,commercial,4
2017-03-12,Thondiyarpet,1.255,6,3,1,0,,commercial,4
2017-03-13,Thondiyarpet,1.361,0,3,0,0,,commercial,4
2017-03-14,Thondiyarpet,1.249,1,3,0,0,,commercial,4
2017-03-15,Thondiyarpet,1.234,2,3,0,0,,commercial,4
2017-03-16,Thondiyarpet,1.211,3,3,0,0,,commercial,4
2017-03-17,Thondiyarpet,1.268,4,3,0,0,,commercial,4
2017-03-18,Thondiyarpet,1.316,5,3,1,0,,commercial,4
2017-03-19,Thondiyarpet,1.292,6,3,1,0,,commercial,4
2017-03-20,Thondiyarpet,1.41,0,3,0,0,,commercial,4
2017-03-21,Thondiyarpet,1.312,1,3,0,0,,commercial,4
2017-03-22,Thondiyarpet,1.247,2,3,0,0,,commercial,4
2017-03-23,Thondiyarpet,1.246,3,3,0,0,,commercial,4
2017-03-24,Thondiyarpet,1.276,4,3,0,0,,commercial,4
2017-03-25,Thondiyarpet,1.249,5,3,1,0,,commercial,4
2017-03-26,Thondiyarpet,1.326,6,3,1,0,,commercial,4
2017-03-27,Thondiyarpet,1.336,0,3,0,0,,commercial,4
2017-03-28,Thondiyarpet,1.268,1,3,0,0,,commercial,4
2017-03-29,Thondiyarpet,1.284,2,3,0,0,,commercial,4
2017-03-30,Thondiyarpet,1.323,3,3,0,0,,commercial,4
2017-03-31,Thondiyarpet,1.265,4,3,0,0,,commercial,4
2017-04-01,Thondiyarpet,1.277,5,4,1,0,,commercial,4
2017-04-02,Thondiyarpet,1.34,6,4,1,0,,commercial,4
2017-04-03,Thondiyarpet,1.36,0,4,0,0,,commercial,4
2017-04-04,Thondiyarpet,1.246,1,4,0,0,,commercial,4
2017-04-05,Thondiyarpet,1.258,2,4,0,0,,commercial,4
2017-04-06,Thondiyarpet,1.266,3,4,0,0,,commercial,4
2017-04-07,Thondiyarpet,1.272,4,4,0,0,,commercial,4
2017-04-08,Thondiyarpet,1.229,5,4,1,0,,commercial,4
2017-04-09,Thondiyarpet,1.222,6,4,1,0,,commercial,4
2017-04-10,Thondiyarpet,1.286,0,4,0,0,,commercial,4
2017-04-11,Thondiyarpet,1.222,1,4,0,0,,commercial,4
2017-04-12,Thondiyarpet,1.234,2,4,0,0,,commercial,4
2017-04-13,Thondiyarpet,1.443,3,4,0,1,Tamil New Year,commercial,4
2017-04-14,Thondiyarpet,1.565,4,4,0,1,Tamil New Year,commercial,4
2017-04-15,Thondiyarpet,1.45,5,4,1,1,Tamil New Year,commercial,4
2017-04-16,Thondiyarpet,1.235,6,4,1,0,,commercial,4
2017-04-17,Thondiyarpet,1.303,0,4,0,0,,commercial,4
2017-04-18,Thondiyarpet,1.28,1,4,0,0,,commercial,4
2017-04-19,Thondiyarpet,1.281,2,4,0,0,,commercial,4
2017-04-20,Thondiyarpet,1.354,3,4,0,1,Eid,commercial,4
2017-04-21,Thondiyarpet,1.517,4,4,0,1,Eid,commercial,4
2017-04-22,Thondiyarpet,1.503,5,4,1,1,Eid,commercial,4
2017-04-23,Thondiyarpet,1.281,6,4,1,0,,commercial,4
2017-04-24,Thondiyarpet,1.294,0,4,0,0,,commercial,4
2017-04-25,Thondiyarpet,1.252,1,4,0,0,,commercial,4
2017-04-26,Thondiyarpet,1.262,2,4,0,0,,commercial,4
2017-04-27,Thondiyarpet,1.253,3,4,0,0,,commercial,4
2017-04-28,Thondiyarpet,1.257,4,4,0,0,,commercial,4
2017-04-29,Thondiyarpet,1.226,5,4,1,0,,commercial,4
2017-04-30,Thondiyarpet,1.245,6,4,1,0,,commercial,4
2017-05-01,Thondiyarpet,1.315,0,5,0,0,,commercial,4
2017-05-02,Thondiyarpet,1.252,1,5,0,0,,commercial,4
2017-05-03,Thondiyarpet,1.237,2,5,0,0,,commercial,4
2017-05-04,Thondiyarpet,1.252,3,5,0,0,,commercial,4
2017-05-05,Thondiyarpet,1.261,4,5,0,0,,commercial,4
2017-05-06,Thondiyarpet,1.316,5,5,1,0,,commercial,4
2017-05-07,Thondiyarpet,1.278,6,5,1,0,,commercial,4
2017-05-08,Thondiyarpet,1.337,0,5,0,0,,commercial,4
2017-05-09,Thondiyarpet,1.238,1,5,0,0,,commercial,4
2017-05-10,Thondiyarpet,1.28,2,5,0,0,,commercial,4
2017-05-11,Thondiyarpet,1.272,3,5,0,0,,commercial,4
2017-05-12,Thondiyarpet,1.291,4,5,0,0,,commercial,4
2017-05-13,Thondiyarpet,1.309,5,5,1,0,,commercial,4
2017-05-14,Thondiyarpet,1.304,6,5,1,0,,commercial,4
2017-05-15,Thondiyarpet,1.317,0,5,0,0,,commercial,4
2017-05-16,Thondiyarpet,1.268,1,5,0,0,,commercial,4
2017-05-17,Thondiyarpet,1.298,2,5,0,0,,commercial,4
2017-05-18,Thondiyarpet,1.234,3,5,0,0,,commercial,4
2017-05-19,Thondiyarpet,1.235,4,5,0,0,,commercial,4
2017-05-20,Thondiyarpet,1.289,5,5,1,0,,commercial,4
2017-05-21,Thondiyarpet,1.298,6,5,1,0,,commercial,4
2017-05-22,Thondiyarpet,1.289,0,5,0,0,,commercial,4
2017-05-23,Thondiyarpet,1.255,1,5,0,0,,commercial,4
2017-05-24,Thondiyarpet,1.255,2,5,0,0,,commercial,4
2017-05-25,Thondiyarpet,1.175,3,5,0,0,,commercial,4
2017-05-26,Thondiyarpet,1.25,4,5,0,0,,commercial,4
2017-05-27,Thondiyarpet,1.276,5,5,1,0,,commercial,4
2017-05-28,Thondiyarpet,1.275,6,5,1,0,,commercial,4
2017-05-29,Thondiyarpet,1.377,0,5,0,0,,commercial,4
2017-05-30,Thondiyarpet,1.212,1,5,0,0,,commercial,4
2017-05-31,Thondiyarpet,1.227,2,5,0,0,,commercial,4
2017-06-01,Thondiyarpet,1.049,3,6,0,0,,commercial,4
2017-06-02,Thondiyarpet,1.122,4,6,0,0,,commercial,4
2017-06-03,Thondiyarpet,1.146,5,6,1,0,,commercial,4
2017-06-04,Thondiyarpet,1.142,6,6,1,0,,commercial,4
2017-06-05,Thondiyarpet,1.235,0,6,0,0,,commercial,4
2017-06-06,Thondiyarpet,1.168,1,6,0,0,,commercial,4
2017-06-07,Thondiyarpet,1.141,2,6,0,0,,commercial,4
2017-06-08,Thondiyarpet,1.126,3,6,0,0,,commercial,4
2017-06-09,Thondiyarpet,1.173,4,6,0,0,,commercial,4
2017-06-10,Thondiyarpet,1.159,5,6,1,0,,commercial,4
2017-06-11,Thondiyarpet,1.131,6,6,1,0,,commercial,4
2017-06-12,Thondiyarpet,1.134,0,6,0,0,,commercial,4
2017-06-13,Thondiyarpet,1.123,1,6,0,0,,commercial,4
2017-06-14,Thondiyarpet,1.164,2,6,0,0,,commercial,4
2017-06-15,Thondiyarpet,1.216,3,6,0,0,,commercial,4
2017-06-16,Thondiyarpet,1.141,4,6,0,0,,commercial,4
2017-06-17,Thondiyarpet,1.133,5,6,1,0,,commercial,4
2017-06-18,Thondiyarpet,1.118,6,6,1,0,,commercial,4
2017-06-19,Thondiyarpet,1.215,0,6,0,0,,commercial,4
2017-06-20,Thondiyarpet,1.078,1,6,0,0,,commercial,4
2017-06-21,Thondiyarpet,1.157,2,6,0,0,,commercial,4
2017-06-22,Thondiyarpet,1.166,3,6,0,0,,commercial,4
2017-06-23,Thondiyarpet,1.153,4,6,0,0,,commercial,4
2017-06-24,Thondiyarpet,1.152,5,6,1,0,,commercial,4
2017-06-25,Thondiyarpet,1.179,6,6,1,0,,commercial,4
2017-06-26,Thondiyarpet,1.201,0,6,0,0,,commercial,4
2017-06-27,Thondiyarpet,1.112,1,6,0,0,,commercial,4
2017-06-28,Thondiyarpet,1.202,2,6,0,0,,commercial,4
2017-06-29,Thondiyarpet,1.126,3,6,0,0,,commercial,4
2017-06-30,Thondiyarpet,1.165,4,6,0,0,,commercial,4
2017-07-01,Thondiyarpet,1.075,5,7,1,0,,commercial,4
2017-07-02,Thondiyarpet,1.204,6,7,1,0,,commercial,4
2017-07-03,Thondiyarpet,1.248,0,7,0,0,,commercial,4
2017-07-04,Thondiyarpet,1.139,1,7,0,0,,commercial,4
2017-07-05,Thondiyarpet,1.158,2,7,0,0,,commercial,4
2017-07-06,Thondiyarpet,1.158,3,7,0,0,,commercial,4
2017-07-07,Thondiyarpet,1.116,4,7,0,0,,commercial,4
2017-07-08,Thondiyarpet,1.179,5,7,1,0,,commercial,4
2017-07-09,Thondiyarpet,1.131,6,7,1,0,,commercial,4
2017-07-10,Thondiyarpet,1.174,0,7,0,0,,commercial,4
2017-07-11,Thondiyarpet,1.177,1,7,0,0,,commercial,4
2017-07-12,Thondiyarpet,1.172,2,7,0,0,,commercial,4
2017-07-13,Thondiyarpet,1.114,3,7,0,0,,commercial,4
2017-07-14,Thondiyarpet,1.113,4,7,0,0,,commercial,4
2017-07-15,Thondiyarpet,1.137,5,7,1,0,,commercial,4
2017-07-16,Thondiyarpet,1.185,6,7,1,0,,commercial,4
2017-07-17,Thondiyarpet,1.16,0,7,0,0,,commercial,4
2017-07-18,Thondiyarpet,1.151,1,7,0,0,,commercial,4
2017-07-19,Thondiyarpet,1.164,2,7,0,0,,commercial,4
2017-07-20,Thondiyarpet,1.135,3,7,0,0,,commercial,4
2017-07-21,Thondiyarpet,1.173,4,7,0,0,,commercial,4
2017-07-22,Thondiyarpet,1.149,5,7,1,0,,commercial,4
2017-07-23,Thondiyarpet,1.152,6,7,1,0,,commercial,4
2017-07-24,Thondiyarpet,1.16,0,7,0,0,,commercial,4
2017-07-25,Thondiyarpet,1.173,1,7,0,0,,commercial,4
2017-07-26,Thondiyarpet,1.112,2,7,0,0,,commercial,4
2017-07-27,Thondiyarpet,1.15,3,7,0,0,,commercial,4
2017-07-28,Thondiyarpet,1.136,4,7,0,0,,commercial,4
2017-07-29,Thondiyarpet,1.123,5,7,1,0,,commercial,4
2017-07-30,Thondiyarpet,1.138,6,7,1,0,,commercial,4
2017-07-31,Thondiyarpet,1.245,0,7,0,0,,commercial,4
2017-08-01,Thondiyarpet,1.145,1,8,0,0,,commercial,4
2017-08-02,Thondiyarpet,1.104,2,8,0,0,,commercial,4
2017-08-03,Thondiyarpet,1.149,3,8,0,0,,commercial,4
2017-08-04,Thondiyarpet,1.133,4,8,0,0,,commercial,4
2017-08-05,Thondiyarpet,1.28,5,8,1,0,,commercial,4
2017-08-06,Thondiyarpet,1.169,6,8,1,0,,commercial,4
2017-08-07,Thondiyarpet,1.182,0,8,0,0,,commercial,4
2017-08-08,Thondiyarpet,1.187,1,8,0,0,,commercial,4
2017-08-09,Thondiyarpet,1.076,2,8,0,0,,commercial,4
2017-08-10,Thondiyarpet,1.142,3,8,0,0,,commercial,4
2017-08-11,Thondiyarpet,1.207,4,8,0,0,,commercial,4
2017-08-12,Thondiyarpet,1.155,5,8,1,0,,commercial,4
2017-08-13,Thondiyarpet,1.099,6,8,1,0,,commercial,4
2017-08-14,Thondiyarpet,1.181,0,8,0,0,,commercial,4
2017-08-15,Thondiyarpet,1.307,1,8,0,1,Independence,commercial,4
2017-08-16,Thondiyarpet,1.151,2,8,0,0,,commercial,4
2017-08-17,Thondiyarpet,1.11,3,8,0,0,,commercial,4
2017-08-18,Thondiyarpet,1.115,4,8,0,0,,commercial,4
2017-08-19,Thondiyarpet,1.14,5,8,1,0,,commercial,4
2017-08-20,Thondiyarpet,1.172,6,8,1,0,,commercial,4
2017-08-21,Thondiyarpet,1.243,0,8,0,0,,commercial,4
2017-08-22,Thondiyarpet,1.174,1,8,0,0,,commercial,4
2017-08-23,Thondiyarpet,1.154,2,8,0,0,,commercial,4
2017-08-24,Thondiyarpet,1.093,3,8,0,0,,commercial,4
2017-08-25,Thondiyarpet,1.093,4,8,0,0,,commercial,4
2017-08-26,Thondiyarpet,1.178,5,8,1,0,,commercial,4
2017-08-27,Thondiyarpet,1.113,6,8,1,0,,commercial,4
2017-08-28,Thondiyarpet,1.187,0,8,0,0,,commercial,4
2017-08-29,Thondiyarpet,1.149,1,8,0,0,,commercial,4
2017-08-30,Thondiyarpet,1.1,2,8,0,0,,commercial,4
2017-08-31,Thondiyarpet,1.103,3,8,0,0,,commercial,4
2017-09-01,Thondiyarpet,1.135,4,9,0,0,,commercial,4
2017-09-02,Thondiyarpet,1.177,5,9,1,0,,commercial,4
2017-09-03,Thondiyarpet,1.196,6,9,1,0,,commercial,4
2017-09-04,Thondiyarpet,1.217,0,9,0,0,,commercial,4
2017-09-05,Thondiyarpet,1.141,1,9,0,0,,commercial,4
2017-09-06,Thondiyarpet,1.113,2,9,0,0,,commercial,4
2017-09-07,Thondiyarpet,1.102,3,9,0,0,,commercial,4
2017-09-08,Thondiyarpet,1.252,4,9,0,1,Ganesh Chathurthi,commercial,4
2017-09-09,Thondiyarpet,1.448,5,9,1,1,Ganesh Chathurthi,commercial,4
2017-09-10,Thondiyarpet,1.581,6,9,1,1,Ganesh Chathurthi,commercial,4
2017-09-11,Thondiyarpet,1.381,0,9,0,1,Ganesh Chathurthi,commercial,4
2017-09-12,Thondiyarpet,1.241,1,9,0,1,Ganesh Chathurthi,commercial,4
2017-09-13,Thondiyarpet,1.18,2,9,0,0,,commercial,4
2017-09-14,Thondiyarpet,1.141,3,9,0,0,,commercial,4
2017-09-15,Thondiyarpet,1.09,4,9,0,0,,commercial,4
2017-09-16,Thondiyarpet,1.241,5,9,1,0,,commercial,4
2017-09-17,Thondiyarpet,1.159,6,9,1,0,,commercial,4
2017-09-18,Thondiyarpet,1.209,0,9,0,0,,commercial,4
2017-09-19,Thondiyarpet,1.152,1,9,0,0,,commercial,4
2017-09-20,Thondiyarpet,1.126,2,9,0,0,,commercial,4
2017-09-21,Thondiyarpet,1.114,3,9,0,0,,commercial,4
2017-09-22,Thondiyarpet,1.211,4,9,0,0,,commercial,4
2017-09-23,Thondiyarpet,1.194,5,9,1,0,,commercial,4
2017-09-24,Thondiyarpet,1.188,6,9,1,0,,commercial,4
2017-09-25,Thondiyarpet,1.216,0,9,0,0,,commercial,4
2017-09-26,Thondiyarpet,1.104,1,9,0,0,,commercial,4
2017-09-27,Thondiyarpet,1.182,2,9,0,0,,commercial,4
2017-09-28,Thondiyarpet,1.11,3,9,0,0,,commercial,4
2017-09-29,Thondiyarpet,1.148,4,9,0,0,,commercial,4
2017-09-30,Thondiyarpet,1.102,5,9,1,0,,commercial,4
2017-10-01,Thondiyarpet,1.146,6,10,1,0,,commercial,4
2017-10-02,Thondiyarpet,1.27,0,10,0,0,,commercial,4
2017-10-03,Thondiyarpet,1.169,1,10,0,0,,commercial,4
2017-10-04,Thondiyarpet,1.268,2,10,0,1,Dussehra,commercial,4
2017-10-05,Thondiyarpet,1.522,3,10,0,1,Dussehra,commercial,4
2017-10-06,Thondiyarpet,1.434,4,10,0,1,Dussehra,commercial,4
2017-10-07,Thondiyarpet,1.271,5,10,1,0,,commercial,4
2017-10-08,Thondiyarpet,1.211,6,10,1,0,,commercial,4
2017-10-09,Thondiyarpet,1.259,0,10,0,0,,commercial,4
2017-10-10,Thondiyarpet,1.23,1,10,0,0,,commercial,4
2017-10-11,Thondiyarpet,1.239,2,10,0,0,,commercial,4
2017-10-12,Thondiyarpet,1.186,3,10,0,0,,commercial,4
2017-10-13,Thondiyarpet,1.2,4,10,0,0,,commercial,4
2017-10-14,Thondiyarpet,1.232,5,10,1,0,,commercial,4
2017-10-15,Thondiyarpet,1.241,6,10,1,0,,commercial,4
2017-10-16,Thondiyarpet,1.253,0,10,0,0,,commercial,4
2017-10-17,Thondiyarpet,1.194,1,10,0,0,,commercial,4
2017-10-18,Thondiyarpet,1.248,2,10,0,0,,commercial,4
2017-10-19,Thondiyarpet,1.242,3,10,0,0,,commercial,4
2017-10-20,Thondiyarpet,1.216,4,10,0,0,,commercial,4
2017-10-21,Thondiyarpet,1.283,5,10,1,0,,commercial,4
2017-10-22,Thondiyarpet,1.367,6,10,1,1,Deepavali,commercial,4
2017-10-23,Thondiyarpet,1.671,0,10,0,1,Deepavali,commercial,4
2017-10-24,Thondiyarpet,1.705,1,10,0,1,Deepavali,commercial,4
2017-10-25,Thondiyarpet,1.667,2,10,0,1,Deepavali,commercial,4
2017-10-26,Thondiyarpet,1.31,3,10,0,1,Deepavali,commercial,4
2017-10-27,Thondiyarpet,1.174,4,10,0,0,,commercial,4
2017-10-28,Thondiyarpet,1.236,5,10,1,0,,commercial,4
2017-10-29,Thondiyarpet,1.235,6,10,1,0,,commercial,4
2017-10-30,Thondiyarpet,1.332,0,10,0,0,,commercial,4
2017-10-31,Thondiyarpet,1.174,1,10,0,0,,commercial,4
2017-11-01,Thondiyarpet,1.231,2,11,0,0,,commercial,4
2017-11-02,Thondiyarpet,1.24,3,11,0,0,,commercial,4
2017-11-03,Thondiyarpet,1.224,4,11,0,0,,commercial,4
2017-11-04,Thondiyarpet,1.185,5,11,1,0,,commercial,4
2017-11-05,Thondiyarpet,1.272,6,11,1,0,,commercial,4
2017-11-06,Thondiyarpet,1.305,0,11,0,0,,commercial,4
2017-11-07,Thondiyarpet,1.22,1,11,0,0,,commercial,4
2017-11-08,Thondiyarpet,1.206,2,11,0,0,,commercial,4
2017-11-09,Thondiyarpet,1.206,3,11,0,0,,commercial,4
2017-11-10,Thondiyarpet,1.196,4,11,0,0,,commercial,4
2017-11-11,Thondiyarpet,1.244,5,11,1,0,,commercial,4
2017-11-12,Thondiyarpet,1.222,6,11,1,0,,commercial,4
2017-11-13,Thondiyarpet,1.226,0,11,0,0,,commercial,4
2017-11-14,Thondiyarpet,1.161,1,11,0,0,,commercial,4
2017-11-15,Thondiyarpet,1.171,2,11,0,0,,commercial,4
2017-11-16,Thondiyarpet,1.206,3,11,0,0,,commercial,4
2017-11-17,Thondiyarpet,1.197,4,11,0,0,,commercial,4
2017-11-18,Thondiyarpet,1.228,5,11,1,0,,commercial,4
2017-11-19,Thondiyarpet,1.239,6,11,1,0,,commercial,4
2017-11-20,Thondiyarpet,1.235,0,11,0,0,,commercial,4
2017-11-21,Thondiyarpet,1.251,1,11,0,0,,commercial,4
2017-11-22,Thondiyarpet,1.189,2,11,0,0,,commercial,4
2017-11-23,Thondiyarpet,1.183,3,11,0,0,,commercial,4
2017-11-24,Thondiyarpet,1.216,4,11,0,0,,commercial,4
2017-11-25,Thondiyarpet,1.153,5,11,1,0,,commercial,4
2017-11-26,Thondiyarpet,1.192,6,11,1,0,,commercial,4
2017-11-27,Thondiyarpet,1.295,0,11,0,0,,commercial,4
2017-11-28,Thondiyarpet,1.136,1,11,0,0,,commercial,4
2017-11-29,Thondiyarpet,1.239,2,11,0,0,,commercial,4
2017-11-30,Thondiyarpet,1.253,3,11,0,0,,commercial,4
2017-12-01,Thondiyarpet,1.185,4,12,0,0,,commercial,4
2017-12-02,Thondiyarpet,1.231,5,12,1,0,,commercial,4
2017-12-03,Thondiyarpet,1.262,6,12,1,0,,commercial,4
2017-12-04,Thondiyarpet,1.241,0,12,0,0,,commercial,4
2017-12-05,Thondiyarpet,1.23,1,12,0,0,,commercial,4
2017-12-06,Thondiyarpet,1.174,2,12,0,0,,commercial,4
2017-12-07,Thondiyarpet,1.181,3,12,0,0,,commercial,4
2017-12-08,Thondiyarpet,1.17,4,12,0,0,,commercial,4
2017-12-09,Thondiyarpet,1.233,5,12,1,0,,commercial,4
2017-12-10,Thondiyarpet,1.263,6,12,1,0,,commercial,4
2017-12-11,Thondiyarpet,1.251,0,12,0,0,,commercial,4
2017-12-12,Thondiyarpet,1.153,1,12,0,0,,commercial,4
2017-12-13,Thondiyarpet,1.159,2,12,0,0,,commercial,4
2017-12-14,Thondiyarpet,1.213,3,12,0,0,,commercial,4
2017-12-15,Thondiyarpet,1.265,4,12,0,0,,commercial,4
2017-12-16,Thondiyarpet,1.235,5,12,1,0,,commercial,4
2017-12-17,Thondiyarpet,1.206,6,12,1,0,,commercial,4
2017-12-18,Thondiyarpet,1.287,0,12,0,0,,commercial,4
2017-12-19,Thondiyarpet,1.19,1,12,0,0,,commercial,4
2017-12-20,Thondiyarpet,1.185,2,12,0,0,,commercial,4
2017-12-21,Thondiyarpet,1.164,3,12,0,0,,commercial,4
2017-12-22,Thondiyarpet,1.249,4,12,0,0,,commercial,4
2017-12-23,Thondiyarpet,1.128,5,12,1,0,,commercial,4
2017-12-24,Thondiyarpet,1.343,6,12,1,1,Christmas,commercial,4
2017-12-25,Thondiyarpet,1.427,0,12,0,1,Christmas,commercial,4
2017-12-26,Thondiyarpet,1.272,1,12,0,1,Christmas,commercial,4
2017-12-27,Thondiyarpet,1.259,2,12,0,0,,commercial,4
2017-12-28,Thondiyarpet,1.173,3,12,0,0,,commercial,4
2017-12-29,Thondiyarpet,1.174,4,12,0,0,,commercial,4
2017-12-30,Thondiyarpet,1.337,5,12,1,1,New Year,commercial,4
2017-12-31,Thondiyarpet,1.483,6,12,1,1,New Year,commercial,4
2018-01-01,Thondiyarpet,1.242,0,1,0,0,,commercial,4
2018-01-02,Thondiyarpet,1.142,1,1,0,0,,commercial,4
2018-01-03,Thondiyarpet,1.167,2,1,0,0,,commercial,4
2018-01-04,Thondiyarpet,1.244,3,1,0,0,,commercial,4
2018-01-05,Thondiyarpet,1.201,4,1,0,0,,commercial,4
2018-01-06,Thondiyarpet,1.237,5,1,1,0,,commercial,4
2018-01-07,Thondiyarpet,1.211,6,1,1,0,,commercial,4
2018-01-08,Thondiyarpet,1.233,0,1,0,0,,commercial,4
2018-01-09,Thondiyarpet,1.259,1,1,0,0,,commercial,4
2018-01-10,Thondiyarpet,1.192,2,1,0,0,,commercial,4
2018-01-11,Thondiyarpet,1.182,3,1,0,0,,commercial,4
2018-01-12,Thondiyarpet,1.362,4,1,0,1,Pongal,commercial,4
2018-01-13,Thondiyarpet,1.433,5,1,1,1,Pongal,commercial,4
2018-01-14,Thondiyarpet,1.558,6,1,1,1,Pongal,commercial,4
2018-01-15,Thondiyarpet,1.51,0,1,0,1,Pongal,commercial,4
2018-01-16,Thondiyarpet,1.318,1,1,0,1,Pongal,commercial,4
2018-01-17,Thondiyarpet,1.208,2,1,0,0,,commercial,4
2018-01-18,Thondiyarpet,1.274,3,1,0,0,,commercial,4
2018-01-19,Thondiyarpet,1.21,4,1,0,0,,commercial,4
2018-01-20,Thondiyarpet,1.133,5,1,1,0,,commercial,4
2018-01-21,Thondiyarpet,1.232,6,1,1,0,,commercial,4
2018-01-22,Thondiyarpet,1.26,0,1,0,0,,commercial,4
2018-01-23,Thondiyarpet,1.2,1,1,0,0,,commercial,4
2018-01-24,Thondiyarpet,1.207,2,1,0,0,,commercial,4
2018-01-25,Thondiyarpet,1.197,3,1,0,0,,commercial,4
2018-01-26,Thondiyarpet,1.316,4,1,0,1,Republic Day,commercial,4
2018-01-27,Thondiyarpet,1.243,5,1,1,0,,commercial,4
2018-01-28,Thondiyarpet,1.201,6,1,1,0,,commercial,4
2018-01-29,Thondiyarpet,1.223,0,1,0,0,,commercial,4
2018-01-30,Thondiyarpet,1.307,1,1,0,0,,commercial,4
2018-01-31,Thondiyarpet,1.173,2,1,0,0,,commercial,4
2018-02-01,Thondiyarpet,1.202,3,2,0,0,,commercial,4
2018-02-02,Thondiyarpet,1.145,4,2,0,0,,commercial,4
2018-02-03,Thondiyarpet,1.225,5,2,1,0,,commercial,4
2018-02-04,Thondiyarpet,1.186,6,2,1,0,,commercial,4
2018-02-05,Thondiyarpet,1.242,0,2,0,0,,commercial,4
2018-02-06,Thondiyarpet,1.236,1,2,0,0,,commercial,4
2018-02-07,Thondiyarpet,1.215,2,2,0,0,,commercial,4
2018-02-08,Thondiyarpet,1.219,3,2,0,0,,commercial,4
2018-02-09,Thondiyarpet,1.135,4,2,0,0,,commercial,4
2018-02-10,Thondiyarpet,1.288,5,2,1,0,,commercial,4
2018-02-11,Thondiyarpet,1.177,6,2,1,0,,commercial,4
2018-02-12,Thondiyarpet,1.316,0,2,0,0,,commercial,4
2018-02-13,Thondiyarpet,1.235,1,2,0,0,,commercial,4
2018-02-14,Thondiyarpet,1.219,2,2,0,0,,commercial,4
2018-02-15,Thondiyarpet,1.168,3,2,0,0,,commercial,4
2018-02-16,Thondiyarpet,1.204,4,2,0,0,,commercial,4
2018-02-17,Thondiyarpet,1.203,5,2,1,0,,commercial,4
2018-02-18,Thondiyarpet,1.222,6,2,1,0,,commercial,4
2018-02-19,Thondiyarpet,1.249,0,2,0,0,,commercial,4
2018-02-20,Thondiyarpet,1.125,1,2,0,0,,commercial,4
2018-02-21,Thondiyarpet,1.239,2,2,0,0,,commercial,4
2018-02-22,Thondiyarpet,1.195,3,2,0,0,,commercial,4
2018-02-23,Thondiyarpet,1.181,4,2,0,0,,commercial,4
2018-02-24,Thondiyarpet,1.2,5,2,1,0,,commercial,4
2018-02-25,Thondiyarpet,1.234,6,2,1,0,,commercial,4
2018-02-26,Thondiyarpet,1.225,0,2,0,0,,commercial,4
2018-02-27,Thondiyarpet,1.117,1,2,0,0,,commercial,4
2018-02-28,Thondiyarpet,1.213,2,2,0,0,,commercial,4
2018-03-01,Thondiyarpet,1.278,3,3,0,0,,commercial,4
2018-03-02,Thondiyarpet,1.251,4,3,0,0,,commercial,4
2018-03-03,Thondiyarpet,1.237,5,3,1,0,,commercial,4
2018-03-04,Thondiyarpet,1.285,6,3,1,0,,commercial,4
2018-03-05,Thondiyarpet,1.263,0,3,0,0,,commercial,4
2018-03-06,Thondiyarpet,1.219,1,3,0,0,,commercial,4
2018-03-07,Thondiyarpet,1.23,2,3,0,0,,commercial,4
2018-03-08,Thondiyarpet,1.29,3,3,0,0,,commercial,4
2018-03-09,Thondiyarpet,1.245,4,3,0,0,,commercial,4
2018-03-10,Thondiyarpet,1.264,5,3,1,0,,commercial,4
2018-03-11,Thondiyarpet,1.357,6,3,1,0,,commercial,4
2018-03-12,Thondiyarpet,1.335,0,3,0,0,,commercial,4
2018-03-13,Thondiyarpet,1.271,1,3,0,0,,commercial,4
2018-03-14,Thondiyarpet,1.244,2,3,0,0,,commercial,4
2018-03-15,Thondiyarpet,1.236,3,3,0,0,,commercial,4
2018-03-16,Thondiyarpet,1.176,4,3,0,0,,commercial,4
2018-03-17,Thondiyarpet,1.319,5,3,1,0,,commercial,4
2018-03-18,Thondiyarpet,1.299,6,3,1,0,,commercial,4
2018-03-19,Thondiyarpet,1.314,0,3,0,0,,commercial,4
2018-03-20,Thondiyarpet,1.253,1,3,0,0,,commercial,4
2018-03-21,Thondiyarpet,1.286,2,3,0,0,,commercial,4
2018-03-22,Thondiyarpet,1.2,3,3,0,0,,commercial,4
2018-03-23,Thondiyarpet,1.236,4,3,0,0,,commercial,4
2018-03-24,Thondiyarpet,1.238,5,3,1,0,,commercial,4
2018-03-25,Thondiyarpet,1.35,6,3,1,0,,commercial,4
2018-03-26,Thondiyarpet,1.356,0,3,0,0,,commercial,4
2018-03-27,Thondiyarpet,1.175,1,3,0,0,,commercial,4
2018-03-28,Thondiyarpet,1.201,2,3,0,0,,commercial,4
2018-03-29,Thondiyarpet,1.253,3,3,0,0,,commercial,4
2018-03-30,Thondiyarpet,1.24,4,3,0,0,,commercial,4
2018-03-31,Thondiyarpet,1.231,5,3,1,0,,commercial,4
2015-04-01,Valasaravakkam,0.737,2,4,0,0,,residential,11
2015-04-02,Valasaravakkam,0.714,3,4,0,0,,residential,11
2015-04-03,Valasaravakkam,0.745,4,4,0,0,,residential,11
2015-04-04,Valasaravakkam,0.818,5,4,1,0,,residential,11
2015-04-05,Valasaravakkam,0.776,6,4,1,0,,residential,11
2015-04-06,Valasaravakkam,0.791,0,4,0,0,,residential,11
2015-04-07,Valasaravakkam,0.72,1,4,0,0,,residential,11
2015-04-08,Valasaravakkam,0.72,2,4,0,0,,residential,11
2015-04-09,Valasaravakkam,0.721,3,4,0,0,,residential,11
2015-04-10,Valasaravakkam,0.721,4,4,0,0,,residential,11
2015-04-11,Valasaravakkam,0.729,5,4,1,0,,residential,11
2015-04-12,Valasaravakkam,0.787,6,4,1,0,,residential,11
2015-04-13,Valasaravakkam,0.815,0,4,0,1,Tamil New Year,residential,11
2015-04-14,Valasaravakkam,0.943,1,4,0,1,Tamil New Year,residential,11
2015-04-15,Valasaravakkam,0.848,2,4,0,1,Tamil New Year,residential,11
2015-04-16,Valasaravakkam,0.738,3,4,0,0,,residential,11
2015-04-17,Valasaravakkam,0.714,4,4,0,0,,residential,11
2015-04-18,Valasaravakkam,0.767,5,4,1,0,,residential,11
2015-04-19,Valasaravakkam,0.775,6,4,1,0,,residential,11
2015-04-20,Valasaravakkam,0.879,0,4,0,1,Eid,residential,11
2015-04-21,Valasaravakkam,0.845,1,4,0,1,Eid,residential,11
2015-04-22,Valasaravakkam,0.735,2,4,0,1,Eid,residential,11
2015-04-23,Valasaravakkam,0.741,3,4,0,0,,residential,11
2015-04-24,Valasaravakkam,0.752,4,4,0,0,,residential,11
2015-04-25,Valasaravakkam,0.83,5,4,1,0,,residential,11
2015-04-26,Valasaravakkam,0.816,6,4,1,0,,residential,11
2015-04-27,Valasaravakkam,0.782,0,4,0,0,,residential,11
2015-04-28,Valasaravakkam,0.72,1,4,0,0,,residential,11
2015-04-29,Valasaravakkam,0.674,2,4,0,0,,residential,11
2015-04-30,Valasaravakkam,0.72,3,4,0,0,,residential,11
2015-05-01,Valasaravakkam,0.733,4,5,0,0,,residential,11
2015-05-02,Valasaravakkam,0.788,5,5,1,0,,residential,11
2015-05-03,Valasaravakkam,0.787,6,5,1,0,,residential,11
2015-05-04,Valasaravakkam,0.733,0,5,0,0,,residential,11
2015-05-05,Valasaravakkam,0.698,1,5,0,0,,residential,11
2015-05-06,Valasaravakkam,0.759,2,5,0,0,,residential,11
2015-05-07,Valasaravakkam,0.76,3,5,0,0,,residential,11
2015-05-08,Valasaravakkam,0.719,4,5,0,0,,residential,11
2015-05-09,Valasaravakkam,0.798,5,5,1,0,,residential,11
2015-05-10,Valasaravakkam,0.768,6,5,1,0,,residential,11
2015-05-11,Valasaravakkam,0.77,0,5,0,0,,residential,11
2015-05-12,Valasaravakkam,0.757,1,5,0,0,,residential,11
2015-05-13,Valasaravakkam,0.686,2,5,0,0,,residential,11
2015-05-14,Valasaravakkam,0.729,3,5,0,0,,residential,11
2015-05-15,Valasaravakkam,0.731,4,5,0,0,,residential,11
2015-05-16,Valasaravakkam,0.804,5,5,1,0,,residential,11
2015-05-17,Valasaravakkam,0.83,6,5,1,0,,residential,11
2015-05-18,Valasaravakkam,0.801,0,5,0,0,,residential,11
2015-05-19,Valasaravakkam,0.714,1,5,0,0,,residential,11
2015-05-20,Valasaravakkam,0.734,2,5,0,0,,residential,11
2015-05-21,Valasaravakkam,0.721,3,5,0,0,,residential,11
2015-05-22,Valasaravakkam,0.706,4,5,0,0,,residential,11
2015-05-23,Valasaravakkam,0.798,5,5,1,0,,residential,11
2015-05-24,Valasaravakkam,0.807,6,5,1,0,,residential,11
2015-05-25,Valasaravakkam,0.76,0,5,0,0,,residential,11
2015-05-26,Valasaravakkam,0.7,1,5,0,0,,residential,11
2015-05-27,Valasaravakkam,0.709,2,5,0,0,,residential,11
2015-05-28,Valasaravakkam,0.709,3,5,0,0,,residential,11
2015-05-29,Valasaravakkam,0.701,4,5,0,0,,residential,11
2015-05-30,Valasaravakkam,0.799,5,5,1,0,,residential,11
2015-05-31,Valasaravakkam,0.801,6,5,1,0,,residential,11
2015-06-01,Valasaravakkam,0.703,0,6,0,0,,residential,11
2015-06-02,Valasaravakkam,0.634,1,6,0,0,,residential,11
2015-06-03,Valasaravakkam,0.639,2,6,0,0,,residential,11
2015-06-04,Valasaravakkam,0.681,3,6,0,0,,residential,11
2015-06-05,Valasaravakkam,0.647,4,6,0,0,,residential,11
2015-06-06,Valasaravakkam,0.716,5,6,1,0,,residential,11
2015-06-07,Valasaravakkam,0.712,6,6,1,0,,residential,11
2015-06-08,Valasaravakkam,0.706,0,6,0,0,,residential,11
2015-06-09,Valasaravakkam,0.674,1,6,0,0,,residential,11
2015-06-10,Valasaravakkam,0.672,2,6,0,0,,residential,11
2015-06-11,Valasaravakkam,0.651,3,6,0,0,,residential,11
2015-06-12,Valasaravakkam,0.634,4,6,0,0,,residential,11
2015-06-13,Valasaravakkam,0.757,5,6,1,0,,residential,11
2015-06-14,Valasaravakkam,0.734,6,6,1,0,,residential,11
2015-06-15,Valasaravakkam,0.674,0,6,0,0,,residential,11
2015-06-16,Valasaravakkam,0.678,1,6,0,0,,residential,11
2015-06-17,Valasaravakkam,0.64,2,6,0,0,,residential,11
2015-06-18,Valasaravakkam,0.678,3,6,0,0,,residential,11
2015-06-19,Valasaravakkam,0.68,4,6,0,0,,residential,11
2015-06-20,Valasaravakkam,0.696,5,6,1,0,,residential,11
2015-06-21,Valasaravakkam,0.728,6,6,1,0,,residential,11
2015-06-22,Valasaravakkam,0.699,0,6,0,0,,residential,11
2015-06-23,Valasaravakkam,0.702,1,6,0,0,,residential,11
2015-06-24,Valasaravakkam,0.636,2,6,0,0,,residential,11
2015-06-25,Valasaravakkam,0.679,3,6,0,0,,residential,11
2015-06-26,Valasaravakkam,0.651,4,6,0,0,,residential,11
2015-06-27,Valasaravakkam,0.689,5,6,1,0,,residential,11
2015-06-28,Valasaravakkam,0.713,6,6,1,0,,residential,11
2015-06-29,Valasaravakkam,0.683,0,6,0,0,,residential,11
2015-06-30,Valasaravakkam,0.63,1,6,0,0,,residential,11
2015-07-01,Valasaravakkam,0.657,2,7,0,0,,residential,11
2015-07-02,Valasaravakkam,0.669,3,7,0,0,,residential,11
2015-07-03,Valasaravakkam,0.655,4,7,0,0,,residential,11
2015-07-04,Valasaravakkam,0.704,5,7,1,0,,residential,11
2015-07-05,Valasaravakkam,0.713,6,7,1,0,,residential,11
2015-07-06,Valasaravakkam,0.683,0,7,0,0,,residential,11
2015-07-07,Valasaravakkam,0.655,1,7,0,0,,residential,11
2015-07-08,Valasaravakkam,0.672,2,7,0,0,,residential,11
2015-07-09,Valasaravakkam,0.656,3,7,0,0,,residential,11
2015-07-10,Valasaravakkam,0.623,4,7,0,0,,residential,11
2015-07-11,Valasaravakkam,0.704,5,7,1,0,,residential,11
2015-07-12,Valasaravakkam,0.719,6,7,1,0,,residential,11
2015-07-13,Valasaravakkam,0.706,0,7,0,0,,residential,11
2015-07-14,Valasaravakkam,0.676,1,7,0,0,,residential,11
2015-07-15,Valasaravakkam,0.685,2,7,0,0,,residential,11
2015-07-16,Valasaravakkam,0.653,3,7,0,0,,residential,11
2015-07-17,Valasaravakkam,0.666,4,7,0,0,,residential,11
2015-07-18,Valasaravakkam,0.685,5,7,1,0,,residential,11
2015-07-19,Valasaravakkam,0.725,6,7,1,0,,residential,11
2015-07-20,Valasaravakkam,0.661,0,7,0,0,,residential,11
2015-07-21,Valasaravakkam,0.649,1,7,0,0,,residential,11
2015-07-22,Valasaravakkam,0.71,2,7,0,0,,residential,11
2015-07-23,Valasaravakkam,0.657,3,7,0,0,,residential,11
2015-07-24,Valasaravakkam,0.634,4,7,0,0,,residential,11
2015-07-25,Valasaravakkam,0.725,5,7,1,0,,residential,11
2015-07-26,Valasaravakkam,0.705,6,7,1,0,,residential,11
2015-07-27,Valasaravakkam,0.664,0,7,0,0,,residential,11
2015-07-28,Valasaravakkam,0.692,1,7,0,0,,residential,11
2015-07-29,Valasaravakkam,0.672,2,7,0,0,,residential,11
2015-07-30,Valasaravakkam,0.657,3,7,0,0,,residential,11
2015-07-31,Valasaravakkam,0.643,4,7,0,0,,residential,11
2015-08-01,Valasaravakkam,0.709,5,8,1,0,,residential,11
2015-08-02,Valasaravakkam,0.749,6,8,1,0,,residential,11
2015-08-03,Valasaravakkam,0.69,0,8,0,0,,residential,11
2015-08-04,Valasaravakkam,0.591,1,8,0,0,,residential,11
2015-08-05,Valasaravakkam,0.698,2,8,0,0,,residential,11
2015-08-06,Valasaravakkam,0.654,3,8,0,0,,residential,11
2015-08-07,Valasaravakkam,0.657,4,8,0,0,,residential,11
2015-08-08,Valasaravakkam,0.739,5,8,1,0,,residential,11
2015-08-09,Valasaravakkam,0.726,6,8,1,0,,residential,11
2015-08-10,Valasaravakkam,0.699,0,8,0,0,,residential,11
2015-08-11,Valasaravakkam,0.642,1,8,0,0,,residential,11
2015-08-12,Valasaravakkam,0.627,2,8,0,0,,residential,11
2015-08-13,Valasaravakkam,0.656,3,8,0,0,,residential,11
2015-08-14,Valasaravakkam,0.679,4,8,0,0,,residential,11
2015-08-15,Valasaravakkam,0.772,5,8,1,1,Independence,residential,11
2015-08-16,Valasaravakkam,0.7,6,8,1,0,,residential,11
2015-08-17,Valasaravakkam,0.708,0,8,0,0,,residential,11
2015-08-18,Valasaravakkam,0.642,1,8,0,0,,residential,11
2015-08-19,Valasaravakkam,0.643,2,8,0,0,,residential,11
2015-08-20,Valasaravakkam,0.643,3,8,0,0,,residential,11
2015-08-21,Valasaravakkam,0.649,4,8,0,0,,residential,11
2015-08-22,Valasaravakkam,0.682,5,8,1,0,,residential,11
2015-08-23,Valasaravakkam,0.704,6,8,1,0,,residential,11
2015-08-24,Valasaravakkam,0.688,0,8,0,0,,residential,11
2015-08-25,Valasaravakkam,0.655,1,8,0,0,,residential,11
2015-08-26,Valasaravakkam,0.673,2,8,0,0,,residential,11
2015-08-27,Valasaravakkam,0.687,3,8,0,0,,residential,11
2015-08-28,Valasaravakkam,0.68,4,8,0,0,,residential,11
2015-08-29,Valasaravakkam,0.735,5,8,1,0,,residential,11
2015-08-30,Valasaravakkam,0.713,6,8,1,0,,residential,11
2015-08-31,Valasaravakkam,0.67,0,8,0,0,,residential,11
2015-09-01,Valasaravakkam,0.651,1,9,0,0,,residential,11
2015-09-02,Valasaravakkam,0.662,2,9,0,0,,residential,11
2015-09-03,Valasaravakkam,0.667,3,9,0,0,,residential,11
2015-09-04,Valasaravakkam,0.663,4,9,0,0,,residential,11
2015-09-05,Valasaravakkam,0.713,5,9,1,0,,residential,11
2015-09-06,Valasaravakkam,0.733,6,9,1,0,,residential,11
2015-09-07,Valasaravakkam,0.709,0,9,0,0,,residential,11
2015-09-08,Valasaravakkam,0.746,1,9,0,1,Ganesh Chathurthi,residential,11
2015-09-09,Valasaravakkam,0.802,2,9,0,1,Ganesh Chathurthi,residential,11
2015-09-10,Valasaravakkam,0.856,3,9,0,1,Ganesh Chathurthi,residential,11
2015-09-11,Valasaravakkam,0.782,4,9,0,1,Ganesh Chathurthi,residential,11
2015-09-12,Valasaravakkam,0.783,5,9,1,1,Ganesh Chathurthi,residential,11
2015-09-13,Valasaravakkam,0.721,6,9,1,0,,residential,11
2015-09-14,Valasaravakkam,0.694,0,9,0,0,,residential,11
2015-09-15,Valasaravakkam,0.623,1,9,0,0,,residential,11
2015-09-16,Valasaravakkam,0.641,2,9,0,0,,residential,11
2015-09-17,Valasaravakkam,0.655,3,9,0,0,,residential,11
2015-09-18,Valasaravakkam,0.633,4,9,0,0,,residential,11
2015-09-19,Valasaravakkam,0.725,5,9,1,0,,residential,11
2015-09-20,Valasaravakkam,0.709,6,9,1,0,,residential,11
2015-09-21,Valasaravakkam,0.668,0,9,0,0,,residential,11
2015-09-22,Valasaravakkam,0.652,1,9,0,0,,residential,11
2015-09-23,Valasaravakkam,0.658,2,9,0,0,,residential,11
2015-09-24,Valasaravakkam,0.634,3,9,0,0,,residential,11
2015-09-25,Valasaravakkam,0.646,4,9,0,0,,residential,11
2015-09-26,Valasaravakkam,0.726,5,9,1,0,,residential,11
2015-09-27,Valasaravakkam,0.699,6,9,1,0,,residential,11
2015-09-28,Valasaravakkam,0.649,0,9,0,0,,residential,11
2015-09-29,Valasaravakkam,0.621,1,9,0,0,,residential,11
2015-09-30,Valasaravakkam,0.643,2,9,0,0,,residential,11
2015-10-01,Valasaravakkam,0.658,3,10,0,0,,residential,11
2015-10-02,Valasaravakkam,0.678,4,10,0,0,,residential,11
2015-10-03,Valasaravakkam,0.791,5,10,1,0,,residential,11
2015-10-04,Valasaravakkam,0.813,6,10,1,1,Dussehra,residential,11
2015-10-05,Valasaravakkam,0.891,0,10,0,1,Dussehra,residential,11
2015-10-06,Valasaravakkam,0.82,1,10,0,1,Dussehra,residential,11
2015-10-07,Valasaravakkam,0.693,2,10,0,0,,residential,11
2015-10-08,Valasaravakkam,0.677,3,10,0,0,,residential,11
2015-10-09,Valasaravakkam,0.682,4,10,0,0,,residential,11
2015-10-10,Valasaravakkam,0.763,5,10,1,0,,residential,11
2015-10-11,Valasaravakkam,0.792,6,10,1,0,,residential,11
2015-10-12,Valasaravakkam,0.708,0,10,0,0,,residential,11
2015-10-13,Valasaravakkam,0.669,1,10,0,0,,residential,11
2015-10-14,Valasaravakkam,0.657,2,10,0,0,,residential,11
2015-10-15,Valasaravakkam,0.687,3,10,0,0,,residential,11
2015-10-16,Valasaravakkam,0.656,4,10,0,0,,residential,11
2015-10-17,Valasaravakkam,0.743,5,10,1,0,,residential,11
2015-10-18,Valasaravakkam,0.733,6,10,1,0,,residential,11
2015-10-19,Valasaravakkam,0.742,0,10,0,0,,residential,11
2015-10-20,Valasaravakkam,0.674,1,10,0,0,,residential,11
2015-10-21,Valasaravakkam,0.693,2,10,0,0,,residential,11
2015-10-22,Valasaravakkam,0.739,3,10,0,1,Deepavali,residential,11
2015-10-23,Valasaravakkam,0.871,4,10,0,1,Deepavali,residential,11
2015-10-24,Valasaravakkam,1.017,5,10,1,1,Deepavali,residential,11
2015-10-25,Valasaravakkam,0.942,6,10,1,1,Deepavali,residential,11
2015-10-26,Valasaravakkam,0.869,0,10,0,1,Deepavali,residential,11
2015-10-27,Valasaravakkam,0.704,1,10,0,0,,residential,11
2015-10-28,Valasaravakkam,0.682,2,10,0,0,,residential,11
2015-10-29,Valasaravakkam,0.751,3,10,0,0,,residential,11
2015-10-30,Valasaravakkam,0.666,4,10,0,0,,residential,11
2015-10-31,Valasaravakkam,0.78,5,10,1,0,,residential,11
2015-11-01,Valasaravakkam,0.719,6,11,1,0,,residential,11
2015-11-02,Valasaravakkam,0.714,0,11,0,0,,residential,11
2015-11-03,Valasaravakkam,0.657,1,11,0,0,,residential,11
2015-11-04,Valasaravakkam,0.69,2,11,0,0,,residential,11
2015-11-05,Valasaravakkam,0.686,3,11,0,0,,residential,11
2015-11-06,Valasaravakkam,0.679,4,11,0,0,,residential,11
2015-11-07,Valasaravakkam,0.778,5,11,1,0,,residential,11
2015-11-08,Valasaravakkam,0.741,6,11,1,0,,residential,11
2015-11-09,Valasaravakkam,0.726,0,11,0,0,,residential,11
2015-11-10,Valasaravakkam,0.702,1,11,0,0,,residential,11
2015-11-11,Valasaravakkam,0.654,2,11,0,0,,residential,11
2015-11-12,Valasaravakkam,0.67,3,11,0,0,,residential,11
2015-11-13,Valasaravakkam,0.686,4,11,0,0,,residential,11
2015-11-14,Valasaravakkam,0.768,5,11,1,0,,residential,11
2015-11-15,Valasaravakkam,0.786,6,11,1,0,,residential,11
2015-11-16,Valasaravakkam,0.715,0,11,0,0,,residential,11
2015-11-17,Valasaravakkam,0.678,1,11,0,0,,residential,11
2015-11-18,Valasaravakkam,0.667,2,11,0,0,,residential,11
2015-11-19,Valasaravakkam,0.692,3,11,0,0,,residential,11
2015-11-20,Valasaravakkam,0.679,4,11,0,0,,residential,11
2015-11-21,Valasaravakkam,0.747,5,11,1,0,,residential,11
2015-11-22,Valasaravakkam,0.751,6,11,1,0,,residential,11
2015-11-23,Valasaravakkam,0.731,0,11,0,0,,residential,11
2015-11-24,Valasaravakkam,0.673,1,11,0,0,,residential,11
2015-11-25,Valasaravakkam,0.669,2,11,0,0,,residential,11
2015-11-26,Valasaravakkam,0.694,3,11,0,0,,residential,11
2015-11-27,Valasaravakkam,0.623,4,11,0,0,,residential,11
2015-11-28,Valasaravakkam,0.74,5,11,1,0,,residential,11
2015-11-29,Valasaravakkam,0.727,6,11,1,0,,residential,11
2015-11-30,Valasaravakkam,0.745,0,11,0,0,,residential,11
2015-12-01,Valasaravakkam,0.676,1,12,0,0,,residential,11
2015-12-02,Valasaravakkam,0.673,2,12,0,0,,residential,11
2015-12-03,Valasaravakkam,0.684,3,12,0,0,,residential,11
2015-12-04,Valasaravakkam,0.673,4,12,0,0,,residential,11
2015-12-05,Valasaravakkam,0.744,5,12,1,0,,residential,11
2015-12-06,Valasaravakkam,0.756,6,12,1,0,,residential,11
2015-12-07,Valasaravakkam,0.71,0,12,0,0,,residential,11
2015-12-08,Valasaravakkam,0.676,1,12,0,0,,residential,11
2015-12-09,Valasaravakkam,0.664,2,12,0,0,,residential,11
2015-12-10,Valasaravakkam,0.661,3,12,0,0,,residential,11
2015-12-11,Valasaravakkam,0.686,4,12,0,0,,residential,11
2015-12-12,Valasaravakkam,0.76,5,12,1,0,,residential,11
2015-12-13,Valasaravakkam,0.721,6,12,1,0,,residential,11
2015-12-14,Valasaravakkam,0.736,0,12,0,0,,residential,11
2015-12-15,Valasaravakkam,0.701,1,12,0,0,,residential,11
2015-12-16,Valasaravakkam,0.705,2,12,0,0,,residential,11
2015-12-17,Valasaravakkam,0.691,3,12,0,0,,residential,11
2015-12-18,Valasaravakkam,0.698,4,12,0,0,,residential,11
2015-12-19,Valasaravakkam,0.803,5,12,1,0,,residential,11
2015-12-20,Valasaravakkam,0.747,6,12,1,0,,residential,11
2015-12-21,Valasaravakkam,0.697,0,12,0,0,,residential,11
2015-12-22,Valasaravakkam,0.653,1,12,0,0,,residential,11
2015-12-23,Valasaravakkam,0.721,2,12,0,0,,residential,11
2015-12-24,Valasaravakkam,0.775,3,12,0,1,Christmas,residential,11
2015-12-25,Valasaravakkam,0.766,4,12,0,1,Christmas,residential,11
2015-12-26,Valasaravakkam,0.792,5,12,1,1,Christmas,residential,11
2015-12-27,Valasaravakkam,0.746,6,12,1,0,,residential,11
2015-12-28,Valasaravakkam,0.746,0,12,0,0,,residential,11
2015-12-29,Valasaravakkam,0.658,1,12,0,0,,residential,11
2015-12-30,Valasaravakkam,0.709,2,12,0,1,New Year,residential,11
2015-12-31,Valasaravakkam,0.875,3,12,0,1,New Year,residential,11
2016-01-01,Valasaravakkam,0.691,4,1,0,0,,residential,11
2016-01-02,Valasaravakkam,0.764,5,1,1,0,,residential,11
2016-01-03,Valasaravakkam,0.749,6,1,1,0,,residential,11
2016-01-04,Valasaravakkam,0.729,0,1,0,0,,residential,11
2016-01-05,Valasaravakkam,0.654,1,1,0,0,,residential,11
2016-01-06,Valasaravakkam,0.668,2,1,0,0,,residential,11
2016-01-07,Valasaravakkam,0.687,3,1,0,0,,residential,11
2016-01-08,Valasaravakkam,0.638,4,1,0,0,,residential,11
2016-01-09,Valasaravakkam,0.747,5,1,1,0,,residential,11
2016-01-10,Valasaravakkam,0.745,6,1,1,0,,residential,11
2016-01-11,Valasaravakkam,0.713,0,1,0,0,,residential,11
2016-01-12,Valasaravakkam,0.741,1,1,0,1,Pongal,residential,11
2016-01-13,Valasaravakkam,0.797,2,1,0,1,Pongal,residential,11
2016-01-14,Valasaravakkam,0.842,3,1,0,1,Pongal,residential,11
2016-01-15,Valasaravakkam,0.825,4,1,0,1,Pongal,residential,11
2016-01-16,Valasaravakkam,0.821,5,1,1,1,Pongal,residential,11
2016-01-17,Valasaravakkam,0.722,6,1,1,0,,residential,11
2016-01-18,Valasaravakkam,0.721,0,1,0,0,,residential,11
2016-01-19,Valasaravakkam,0.679,1,1,0,0,,residential,11
2016-01-20,Valasaravakkam,0.675,2,1,0,0,,residential,11
2016-01-21,Valasaravakkam,0.641,3,1,0,0,,residential,11
2016-01-22,Valasaravakkam,0.699,4,1,0,0,,residential,11
2016-01-23,Valasaravakkam,0.726,5,1,1,0,,residential,11
2016-01-24,Valasaravakkam,0.755,6,1,1,0,,residential,11
2016-01-25,Valasaravakkam,0.702,0,1,0,0,,residential,11
2016-01-26,Valasaravakkam,0.745,1,1,0,1,Republic Day,residential,11
2016-01-27,Valasaravakkam,0.709,2,1,0,0,,residential,11
2016-01-28,Valasaravakkam,0.696,3,1,0,0,,residential,11
2016-01-29,Valasaravakkam,0.708,4,1,0,0,,residential,11
2016-01-30,Valasaravakkam,0.761,5,1,1,0,,residential,11
2016-01-31,Valasaravakkam,0.762,6,1,1,0,,residential,11
2016-02-01,Valasaravakkam,0.681,0,2,0,0,,residential,11
2016-02-02,Valasaravakkam,0.678,1,2,0,0,,residential,11
2016-02-03,Valasaravakkam,0.68,2,2,0,0,,residential,11
2016-02-04,Valasaravakkam,0.71,3,2,0,0,,residential,11
2016-02-05,Valasaravakkam,0.675,4,2,0,0,,residential,11
2016-02-06,Valasaravakkam,0.759,5,2,1,0,,residential,11
2016-02-07,Valasaravakkam,0.759,6,2,1,0,,residential,11
2016-02-08,Valasaravakkam,0.744,0,2,0,0,,residential,11
2016-02-09,Valasaravakkam,0.682,1,2,0,0,,residential,11
2016-02-10,Valasaravakkam,0.702,2,2,0,0,,residential,11
2016-02-11,Valasaravakkam,0.65,3,2,0,0,,residential,11
2016-02-12,Valasaravakkam,0.652,4,2,0,0,,residential,11
2016-02-13,Valasaravakkam,0.702,5,2,1,0,,residential,11
2016-02-14,Valasaravakkam,0.771,6,2,1,0,,residential,11
2016-02-15,Valasaravakkam,0.734,0,2,0,0,,residential,11
2016-02-16,Valasaravakkam,0.703,1,2,0,0,,residential,11
2016-02-17,Valasaravakkam,0.671,2,2,0,0,,residential,11
2016-02-18,Valasaravakkam,0.673,3,2,0,0,,residential,11
2016-02-19,Valasaravakkam,0.682,4,2,0,0,,residential,11
2016-02-20,Valasaravakkam,0.786,5,2,1,0,,residential,11
2016-02-21,Valasaravakkam,0.792,6,2,1,0,,residential,11
2016-02-22,Valasaravakkam,0.736,0,2,0,0,,residential,11
2016-02-23,Valasaravakkam,0.692,1,2,0,0,,residential,11
2016-02-24,Valasaravakkam,0.712,2,2,0,0,,residential,11
2016-02-25,Valasaravakkam,0.68,3,2,0,0,,residential,11
2016-02-26,Valasaravakkam,0.677,4,2,0,0,,residential,11
2016-02-27,Valasaravakkam,0.751,5,2,1,0,,residential,11
2016-02-28,Valasaravakkam,0.731,6,2,1,0,,residential,11
2016-02-29,Valasaravakkam,0.715,0,2,0,0,,residential,11
2016-03-01,Valasaravakkam,0.695,1,3,0,0,,residential,11
2016-03-02,Valasaravakkam,0.741,2,3,0,0,,residential,11
2016-03-03,Valasaravakkam,0.731,3,3,0,0,,residential,11
2016-03-04,Valasaravakkam,0.75,4,3,0,0,,residential,11
2016-03-05,Valasaravakkam,0.752,5,3,1,0,,residential,11
2016-03-06,Valasaravakkam,0.836,6,3,1,0,,residential,11
2016-03-07,Valasaravakkam,0.72,0,3,0,0,,residential,11
2016-03-08,Valasaravakkam,0.693,1,3,0,0,,residential,11
2016-03-09,Valasaravakkam,0.706,2,3,0,0,,residential,11
2016-03-10,Valasaravakkam,0.747,3,3,0,0,,residential,11
2016-03-11,Valasaravakkam,0.724,4,3,0,0,,residential,11
2016-03-12,Valasaravakkam,0.785,5,3,1,0,,residential,11
2016-03-13,Valasaravakkam,0.772,6,3,1,0,,residential,11
2016-03-14,Valasaravakkam,0.724,0,3,0,0,,residential,11
2016-03-15,Valasaravakkam,0.744,1,3,0,0,,residential,11
2016-03-16,Valasaravakkam,0.736,2,3,0,0,,residential,11
2016-03-17,Valasaravakkam,0.748,3,3,0,0,,residential,11
2016-03-18,Valasaravakkam,0.728,4,3,0,0,,residential,11
2016-03-19,Valasaravakkam,0.728,5,3,1,0,,residential,11
2016-03-20,Valasaravakkam,0.762,6,3,1,0,,residential,11
2016-03-21,Valasaravakkam,0.766,0,3,0,0,,residential,11
2016-03-22,Valasaravakkam,0.711,1,3,0,0,,residential,11
2016-03-23,Valasaravakkam,0.707,2,3,0,0,,residential,11
2016-03-24,Valasaravakkam,0.695,3,3,0,0,,residential,11
2016-03-25,Valasaravakkam,0.74,4,3,0,0,,residential,11
2016-03-26,Valasaravakkam,0.802,5,3,1,0,,residential,11
2016-03-27,Valasaravakkam,0.803,6,3,1,0,,residential,11
2016-03-28,Valasaravakkam,0.741,0,3,0,0,,residential,11
2016-03-29,Valasaravakkam,0.723,1,3,0,0,,residential,11
2016-03-30,Valasaravakkam,0.69,2,3,0,0,,residential,11
2016-04-01,Valasaravakkam,0.648,4,4,0,0,,residential,11
2016-04-02,Valasaravakkam,0.661,5,4,1,0,,residential,11
2016-04-03,Valasaravakkam,0.682,6,4,1,0,,residential,11
2016-04-04,Valasaravakkam,0.676,0,4,0,0,,residential,11
2016-04-05,Valasaravakkam,0.696,1,4,0,0,,residential,11
2016-04-06,Valasaravakkam,0.615,2,4,0,0,,residential,11
2016-04-07,Valasaravakkam,0.626,3,4,0,0,,residential,11
2016-04-08,Valasaravakkam,0.654,4,4,0,0,,residential,11
2016-04-09,Valasaravakkam,0.753,5,4,1,0,,residential,11
2016-04-10,Valasaravakkam,0.719,6,4,1,0,,residential,11
2016-04-11,Valasaravakkam,0.697,0,4,0,0,,residential,11
2016-04-12,Valasaravakkam,0.644,1,4,0,0,,residential,11
2016-04-13,Valasaravakkam,0.72,2,4,0,1,Tamil New Year,residential,11
2016-04-14,Valasaravakkam,0.815,3,4,0,1,Tamil New Year,residential,11
2016-04-15,Valasaravakkam,0.717,4,4,0,1,Tamil New Year,residential,11
2016-04-16,Valasaravakkam,0.731,5,4,1,0,,residential,11
2016-04-17,Valasaravakkam,0.681,6,4,1,0,,residential,11
2016-04-18,Valasaravakkam,0.701,0,4,0,0,,residential,11
2016-04-19,Valasaravakkam,0.651,1,4,0,0,,residential,11
2016-04-20,Valasaravakkam,0.711,2,4,0,1,Eid,residential,11
2016-04-21,Valasaravakkam,0.742,3,4,0,1,Eid,residential,11
2016-04-22,Valasaravakkam,0.694,4,4,0,1,Eid,residential,11
2016-04-23,Valasaravakkam,0.741,5,4,1,0,,residential,11
2016-04-24,Valasaravakkam,0.711,6,4,1,0,,residential,11
2016-04-25,Valasaravakkam,0.688,0,4,0,0,,residential,11
2016-04-26,Valasaravakkam,0.633,1,4,0,0,,residential,11
2016-04-27,Valasaravakkam,0.65,2,4,0,0,,residential,11
2016-04-28,Valasaravakkam,0.623,3,4,0,0,,residential,11
2016-04-29,Valasaravakkam,0.652,4,4,0,0,,residential,11
2016-04-30,Valasaravakkam,0.723,5,4,1,0,,residential,11
2016-05-01,Valasaravakkam,0.722,6,5,1,0,,residential,11
2016-05-02,Valasaravakkam,0.664,0,5,0,0,,residential,11
2016-05-03,Valasaravakkam,0.643,1,5,0,0,,residential,11
2016-05-04,Valasaravakkam,0.661,2,5,0,0,,residential,11
2016-05-05,Valasaravakkam,0.646,3,5,0,0,,residential,11
2016-05-06,Valasaravakkam,0.645,4,5,0,0,,residential,11
2016-05-07,Valasaravakkam,0.756,5,5,1,0,,residential,11
2016-05-08,Valasaravakkam,0.695,6,5,1,0,,residential,11
2016-05-09,Valasaravakkam,0.705,0,5,0,0,,residential,11
2016-05-10,Valasaravakkam,0.628,1,5,0,0,,residential,11
2016-05-11,Valasaravakkam,0.663,2,5,0,0,,residential,11
2016-05-12,Valasaravakkam,0.664,3,5,0,0,,residential,11
2016-05-13,Valasaravakkam,0.64,4,5,0,0,,residential,11
2016-05-14,Valasaravakkam,0.689,5,5,1,0,,residential,11
2016-05-15,Valasaravakkam,0.673,6,5,1,0,,residential,11
2016-05-16,Valasaravakkam,0.67,0,5,0,0,,residential,11
2016-05-17,Valasaravakkam,0.66,1,5,0,0,,residential,11
2016-05-18,Valasaravakkam,0.629,2,5,0,0,,residential,11
2016-05-19,Valasaravakkam,0.652,3,5,0,0,,residential,11
2016-05-20,Valasaravakkam,0.621,4,5,0,0,,residential,11
2016-05-21,Valasaravakkam,0.71,5,5,1,0,,residential,11
2016-05-22,Valasaravakkam,0.691,6,5,1,0,,residential,11
2016-05-23,Valasaravakkam,0.681,0,5,0,0,,residential,11
2016-05-24,Valasaravakkam,0.64,1,5,0,0,,residential,11
2016-05-25,Valasaravakkam,0.627,2,5,0,0,,residential,11
2016-05-26,Valasaravakkam,0.637,3,5,0,0,,residential,11
2016-05-27,Valasaravakkam,0.632,4,5,0,0,,residential,11
2016-05-28,Valasaravakkam,0.687,5,5,1,0,,residential,11
2016-05-29,Valasaravakkam,0.738,6,5,1,0,,residential,11
2016-05-30,Valasaravakkam,0.675,0,5,0,0,,residential,11
2016-05-31,Valasaravakkam,0.607,1,5,0,0,,residential,11
2016-06-01,Valasaravakkam,0.577,2,6,0,0,,residential,11
2016-06-02,Valasaravakkam,0.604,3,6,0,0,,residential,11
2016-06-03,Valasaravakkam,0.575,4,6,0,0,,residential,11
2016-06-04,Valasaravakkam,0.676,5,6,1,0,,residential,11
2016-06-05,Valasaravakkam,0.63,6,6,1,0,,residential,11
2016-06-06,Valasaravakkam,0.627,0,6,0,0,,residential,11
2016-06-07,Valasaravakkam,0.607,1,6,0,0,,residential,11
2016-06-08,Valasaravakkam,0.596,2,6,0,0,,residential,11
2016-06-09,Valasaravakkam,0.564,3,6,0,0,,residential,11
2016-06-10,Valasaravakkam,0.572,4,6,0,0,,residential,11
2016-06-11,Valasaravakkam,0.67,5,6,1,0,,residential,11
2016-06-12,Valasaravakkam,0.631,6,6,1,0,,residential,11
2016-06-13,Valasaravakkam,0.636,0,6,0,0,,residential,11
2016-06-14,Valasaravakkam,0.581,1,6,0,0,,residential,11
2016-06-15,Valasaravakkam,0.591,2,6,0,0,,residential,11
2016-06-16,Valasaravakkam,0.564,3,6,0,0,,residential,11
2016-06-17,Valasaravakkam,0.577,4,6,0,0,,residential,11
2016-06-18,Valasaravakkam,0.63,5,6,1,0,,residential,11
2016-06-19,Valasaravakkam,0.651,6,6,1,0,,residential,11
2016-06-20,Valasaravakkam,0.619,0,6,0,0,,residential,11
2016-06-21,Valasaravakkam,0.596,1,6,0,0,,residential,11
2016-06-22,Valasaravakkam,0.58,2,6,0,0,,residential,11
2016-06-23,Valasaravakkam,0.572,3,6,0,0,,residential,11
2016-06-24,Valasaravakkam,0.591,4,6,0,0,,residential,11
2016-06-25,Valasaravakkam,0.627,5,6,1,0,,residential,11
2016-06-26,Valasaravakkam,0.668,6,6,1,0,,residential,11
2016-06-27,Valasaravakkam,0.616,0,6,0,0,,residential,11
2016-06-28,Valasaravakkam,0.582,1,6,0,0,,residential,11
2016-06-29,Valasaravakkam,0.596,2,6,0,0,,residential,11
2016-06-30,Valasaravakkam,0.587,3,6,0,0,,residential,11
2016-07-01,Valasaravakkam,0.559,4,7,0,0,,residential,11
2016-07-02,Valasaravakkam,0.626,5,7,1,0,,residential,11
2016-07-03,Valasaravakkam,0.668,6,7,1,0,,residential,11
2016-07-04,Valasaravakkam,0.619,0,7,0,0,,residential,11
2016-07-05,Valasaravakkam,0.559,1,7,0,0,,residential,11
2016-07-06,Valasaravakkam,0.594,2,7,0,0,,residential,11
2016-07-07,Valasaravakkam,0.578,3,7,0,0,,residential,11
2016-07-08,Valasaravakkam,0.573,4,7,0,0,,residential,11
2016-07-09,Valasaravakkam,0.625,5,7,1,0,,residential,11
2016-07-10,Valasaravakkam,0.666,6,7,1,0,,residential,11
2016-07-11,Valasaravakkam,0.581,0,7,0,0,,residential,11
2016-07-12,Valasaravakkam,0.573,1,7,0,0,,residential,11
2016-07-13,Valasaravakkam,0.59,2,7,0,0,,residential,11
2016-07-14,Valasaravakkam,0.616,3,7,0,0,,residential,11
2016-07-15,Valasaravakkam,0.598,4,7,0,0,,residential,11
2016-07-16,Valasaravakkam,0.631,5,7,1,0,,residential,11
2016-07-17,Valasaravakkam,0.677,6,7,1,0,,residential,11
2016-07-18,Valasaravakkam,0.593,0,7,0,0,,residential,11
2016-07-19,Valasaravakkam,0.593,1,7,0,0,,residential,11
2016-07-20,Valasaravakkam,0.597,2,7,0,0,,residential,11
2016-07-21,Valasaravakkam,0.573,3,7,0,0,,residential,11
2016-07-22,Valasaravakkam,0.601,4,7,0,0,,residential,11
2016-07-23,Valasaravakkam,0.637,5,7,1,0,,residential,11
2016-07-24,Valasaravakkam,0.661,6,7,1,0,,residential,11
2016-07-25,Valasaravakkam,0.584,0,7,0,0,,residential,11
2016-07-26,Valasaravakkam,0.594,1,7,0,0,,residential,11
2016-07-27,Valasaravakkam,0.581,2,7,0,0,,residential,11
2016-07-28,Valasaravakkam,0.609,3,7,0,0,,residential,11
2016-07-29,Valasaravakkam,0.587,4,7,0,0,,residential,11
2016-07-30,Valasaravakkam,0.671,5,7,1,0,,residential,11
2016-07-31,Valasaravakkam,0.657,6,7,1,0,,residential,11
2016-08-01,Valasaravakkam,0.615,0,8,0,0,,residential,11
2016-08-02,Valasaravakkam,0.602,1,8,0,0,,residential,11
2016-08-03,Valasaravakkam,0.602,2,8,0,0,,residential,11
2016-08-04,Valasaravakkam,0.597,3,8,0,0,,residential,11
2016-08-05,Valasaravakkam,0.548,4,8,0,0,,residential,11
2016-08-06,Valasaravakkam,0.628,5,8,1,0,,residential,11
2016-08-07,Valasaravakkam,0.674,6,8,1,0,,residential,11
2016-08-08,Valasaravakkam,0.594,0,8,0,0,,residential,11
2016-08-09,Valasaravakkam,0.604,1,8,0,0,,residential,11
2016-08-10,Valasaravakkam,0.601,2,8,0,0,,residential,11
2016-08-11,Valasaravakkam,0.575,3,8,0,0,,residential,11
2016-08-12,Valasaravakkam,0.553,4,8,0,0,,residential,11
2016-08-13,Valasaravakkam,0.636,5,8,1,0,,residential,11
2016-08-14,Valasaravakkam,0.687,6,8,1,0,,residential,11
2016-08-15,Valasaravakkam,0.662,0,8,0,1,Independence,residential,11
2016-08-16,Valasaravakkam,0.574,1,8,0,0,,residential,11
2016-08-17,Valasaravakkam,0.571,2,8,0,0,,residential,11
2016-08-18,Valasaravakkam,0.61,3,8,0,0,,residential,11
2016-08-19,Valasaravakkam,0.584,4,8,0,0,,residential,11
2016-08-20,Valasaravakkam,0.635,5,8,1,0,,residential,11
2016-08-21,Valasaravakkam,0.674,6,8,1,0,,residential,11
2016-08-22,Valasaravakkam,0.628,0,8,0,0,,residential,11
2016-08-23,Valasaravakkam,0.572,1,8,0,0,,residential,11
2016-08-24,Valasaravakkam,0.567,2,8,0,0,,residential,11
2016-08-25,Valasaravakkam,0.609,3,8,0,0,,residential,11
2016-08-26,Valasaravakkam,0.589,4,8,0,0,,residential,11
2016-08-27,Valasaravakkam,0.617,5,8,1,0,,residential,11
2016-08-28,Valasaravakkam,0.612,6,8,1,0,,residential,11
2016-08-29,Valasaravakkam,0.597,0,8,0,0,,residential,11
2016-08-30,Valasaravakkam,0.566,1,8,0,0,,residential,11
2016-08-31,Valasaravakkam,0.552,2,8,0,0,,residential,11
2016-09-01,Valasaravakkam,0.569,3,9,0,0,,residential,11
2016-09-02,Valasaravakkam,0.572,4,9,0,0,,residential,11
2016-09-03,Valasaravakkam,0.638,5,9,1,0,,residential,11
2016-09-04,Valasaravakkam,0.68,6,9,1,0,,residential,11
2016-09-05,Valasaravakkam,0.613,0,9,0,0,,residential,11
2016-09-06,Valasaravakkam,0.585,1,9,0,0,,residential,11
2016-09-07,Valasaravakkam,0.597,2,9,0,0,,residential,11
2016-09-08,Valasaravakkam,0.652,3,9,0,1,Ganesh Chathurthi,residential,11
2016-09-09,Valasaravakkam,0.734,4,9,0,1,Ganesh Chathurthi,residential,11
2016-09-10,Valasaravakkam,0.881,5,9,1,1,Ganesh Chathurthi,residential,11
2016-09-11,Valasaravakkam,0.801,6,9,1,1,Ganesh Chathurthi,residential,11
2016-09-12,Valasaravakkam,0.747,0,9,0,1,Ganesh Chathurthi,residential,11
2016-09-13,Valasaravakkam,0.604,1,9,0,0,,residential,11
2016-09-14,Valasaravakkam,0.569,2,9,0,0,,residential,11
2016-09-15,Valasaravakkam,0.595,3,9,0,0,,residential,11
2016-09-16,Valasaravakkam,0.574,4,9,0,0,,residential,11
2016-09-17,Valasaravakkam,0.656,5,9,1,0,,residential,11
2016-09-18,Valasaravakkam,0.62,6,9,1,0,,residential,11
2016-09-19,Valasaravakkam,0.597,0,9,0,0,,residential,11
2016-09-20,Valasaravakkam,0.594,1,9,0,0,,residential,11
2016-09-21,Valasaravakkam,0.606,2,9,0,0,,residential,11
2016-09-22,Valasaravakkam,0.597,3,9,0,0,,residential,11
2016-09-23,Valasaravakkam,0.603,4,9,0,0,,residential,11
2016-09-24,Valasaravakkam,0.654,5,9,1,0,,residential,11
2016-09-25,Valasaravakkam,0.65,6,9,1,0,,residential,11
2016-09-26,Valasaravakkam,0.608,0,9,0,0,,residential,11
2016-09-27,Valasaravakkam,0.603,1,9,0,0,,residential,11
2016-09-28,Valasaravakkam,0.606,2,9,0,0,,residential,11
2016-09-29,Valasaravakkam,0.587,3,9,0,0,,residential,11
2016-09-30,Valasaravakkam,0.586,4,9,0,0,,residential,11
2016-10-01,Valasaravakkam,0.714,5,10,1,0,,residential,11
2016-10-02,Valasaravakkam,0.681,6,10,1,0,,residential,11
2016-10-03,Valasaravakkam,0.652,0,10,0,0,,residential,11
2016-10-04,Valasaravakkam,0.707,1,10,0,1,Dussehra,residential,11
2016-10-05,Valasaravakkam,0.772,2,10,0,1,Dussehra,residential,11
2016-10-06,Valasaravakkam,0.679,3,10,0,1,Dussehra,residential,11
2016-10-07,Valasaravakkam,0.626,4,10,0,0,,residential,11
2016-10-08,Valasaravakkam,0.68,5,10,1,0,,residential,11
2016-10-09,Valasaravakkam,0.719,6,10,1,0,,residential,11
2016-10-10,Valasaravakkam,0.666,0,10,0,0,,residential,11
2016-10-11,Valasaravakkam,0.608,1,10,0,0,,residential,11
2016-10-12,Valasaravakkam,0.633,2,10,0,0,,residential,11
2016-10-13,Valasaravakkam,0.625,3,10,0,0,,residential,11
2016-10-14,Valasaravakkam,0.644,4,10,0,0,,residential,11
2016-10-15,Valasaravakkam,0.67,5,10,1,0,,residential,11
2016-10-16,Valasaravakkam,0.685,6,10,1,0,,residential,11
2016-10-17,Valasaravakkam,0.648,0,10,0,0,,residential,11
2016-10-18,Valasaravakkam,0.62,1,10,0,0,,residential,11
2016-10-19,Valasaravakkam,0.603,2,10,0,0,,residential,11
2016-10-20,Valasaravakkam,0.63,3,10,0,0,,residential,11
2016-10-21,Valasaravakkam,0.627,4,10,0,0,,residential,11
2016-10-22,Valasaravakkam,0.802,5,10,1,1,Deepavali,residential,11
2016-10-23,Valasaravakkam,0.862,6,10,1,1,Deepavali,residential,11
2016-10-24,Valasaravakkam,0.899,0,10,0,1,Deepavali,residential,11
2016-10-25,Valasaravakkam,0.803,1,10,0,1,Deepavali,residential,11
2016-10-26,Valasaravakkam,0.685,2,10,0,1,Deepavali,residential,11
2016-10-27,Valasaravakkam,0.639,3,10,0,0,,residential,11
2016-10-28,Valasaravakkam,0.639,4,10,0,0,,residential,11
2016-10-29,Valasaravakkam,0.707,5,10,1,0,,residential,11
2016-10-30,Valasaravakkam,0.689,6,10,1,0,,residential,11
2016-10-31,Valasaravakkam,0.641,0,10,0,0,,residential,11
2016-11-01,Valasaravakkam,0.621,1,11,0,0,,residential,11
2016-11-02,Valasaravakkam,0.626,2,11,0,0,,residential,11
2016-11-03,Valasaravakkam,0.609,3,11,0,0,,residential,11
2016-11-04,Valasaravakkam,0.644,4,11,0,0,,residential,11
2016-11-05,Valasaravakkam,0.693,5,11,1,0,,residential,11
2016-11-06,Valasaravakkam,0.663,6,11,1,0,,residential,11
2016-11-07,Valasaravakkam,0.687,0,11,0,0,,residential,11
2016-11-08,Valasaravakkam,0.621,1,11,0,0,,residential,11
2016-11-09,Valasaravakkam,0.599,2,11,0,0,,residential,11
2016-11-10,Valasaravakkam,0.604,3,11,0,0,,residential,11
2016-11-11,Valasaravakkam,0.647,4,11,0,0,,residential,11
2016-11-12,Valasaravakkam,0.718,5,11,1,0,,residential,11
2016-11-13,Valasaravakkam,0.702,6,11,1,0,,residential,11
2016-11-14,Valasaravakkam,0.676,0,11,0,0,,residential,11
2016-11-15,Valasaravakkam,0.642,1,11,0,0,,residential,11
2016-11-16,Valasaravakkam,0.63,2,11,0,0,,residential,11
2016-11-17,Valasaravakkam,0.625,3,11,0,0,,residential,11
2016-11-18,Valasaravakkam,0.629,4,11,0,0,,residential,11
2016-11-19,Valasaravakkam,0.696,5,11,1,0,,residential,11
2016-11-20,Valasaravakkam,0.666,6,11,1,0,,residential,11
2016-11-21,Valasaravakkam,0.664,0,11,0,0,,residential,11
2016-11-22,Valasaravakkam,0.646,1,11,0,0,,residential,11
2016-11-23,Valasaravakkam,0.615,2,11,0,0,,residential,11
2016-11-24,Valasaravakkam,0.613,3,11,0,0,,residential,11
2016-11-25,Valasaravakkam,0.628,4,11,0,0,,residential,11
2016-11-26,Valasaravakkam,0.668,5,11,1,0,,residential,11
2016-11-27,Valasaravakkam,0.654,6,11,1,0,,residential,11
2016-11-28,Valasaravakkam,0.673,0,11,0,0,,residential,11
2016-11-29,Valasaravakkam,0.611,1,11,0,0,,residential,11
2016-11-30,Valasaravakkam,0.62,2,11,0,0,,residential,11
2016-12-01,Valasaravakkam,0.608,3,12,0,0,,residential,11
2016-12-02,Valasaravakkam,0.643,4,12,0,0,,residential,11
2016-12-03,Valasaravakkam,0.699,5,12,1,0,,residential,11
2016-12-04,Valasaravakkam,0.676,6,12,1,0,,residential,11
2016-12-05,Valasaravakkam,0.627,0,12,0,0,,residential,11
2016-12-06,Valasaravakkam,0.613,1,12,0,0,,residential,11
2016-12-07,Valasaravakkam,0.63,2,12,0,0,,residential,11
2016-12-08,Valasaravakkam,0.623,3,12,0,0,,residential,11
2016-12-09,Valasaravakkam,0.621,4,12,0,0,,residential,11
2016-12-10,Valasaravakkam,0.685,5,12,1,0,,residential,11
2016-12-11,Valasaravakkam,0.697,6,12,1,0,,residential,11
2016-12-12,Valasaravakkam,0.649,0,12,0,0,,residential,11
2016-12-13,Valasaravakkam,0.628,1,12,0,0,,residential,11
2016-12-14,Valasaravakkam,0.601,2,12,0,0,,residential,11
2016-12-15,Valasaravakkam,0.667,3,12,0,0,,residential,11
2016-12-16,Valasaravakkam,0.614,4,12,0,0,,residential,11
2016-12-17,Valasaravakkam,0.685,5,12,1,0,,residential,11
2016-12-18,Valasaravakkam,0.693,6,12,1,0,,residential,11
2016-12-19,Valasaravakkam,0.642,0,12,0,0,,residential,11
2016-12-20,Valasaravakkam,0.619,1,12,0,0,,residential,11
2016-12-21,Valasaravakkam,0.619,2,12,0,0,,residential,11
2016-12-22,Valasaravakkam,0.602,3,12,0,0,,residential,11
2016-12-23,Valasaravakkam,0.627,4,12,0,0,,residential,11
2016-12-24,Valasaravakkam,0.696,5,12,1,1,Christmas,residential,11
2016-12-25,Valasaravakkam,0.824,6,12,1,1,Christmas,residential,11
2016-12-26,Valasaravakkam,0.716,0,12,0,1,Christmas,residential,11
2016-12-27,Valasaravakkam,0.631,1,12,0,0,,residential,11
2016-12-28,Valasaravakkam,0.587,2,12,0,0,,residential,11
2016-12-29,Valasaravakkam,0.604,3,12,0,0,,residential,11
2016-12-30,Valasaravakkam,0.709,4,12,0,1,New Year,residential,11
2016-12-31,Valasaravakkam,0.919,5,12,1,1,New Year,residential,11
2017-01-01,Valasaravakkam,0.706,6,1,1,0,,residential,11
2017-01-02,Valasaravakkam,0.67,0,1,0,0,,residential,11
2017-01-03,Valasaravakkam,0.629,1,1,0,0,,residential,11
2017-01-04,Valasaravakkam,0.603,2,1,0,0,,residential,11
2017-01-05,Valasaravakkam,0.638,3,1,0,0,,residential,11
2017-01-06,Valasaravakkam,0.599,4,1,0,0,,residential,11
2017-01-07,Valasaravakkam,0.656,5,1,1,0,,residential,11
2017-01-08,Valasaravakkam,0.655,6,1,1,0,,residential,11
2017-01-09,Valasaravakkam,0.669,0,1,0,0,,residential,11
2017-01-10,Valasaravakkam,0.618,1,1,0,0,,residential,11
2017-01-11,Valasaravakkam,0.621,2,1,0,0,,residential,11
2017-01-12,Valasaravakkam,0.681,3,1,0,1,Pongal,residential,11
2017-01-13,Valasaravakkam,0.718,4,1,0,1,Pongal,residential,11
2017-01-14,Valasaravakkam,0.868,5,1,1,1,Pongal,residential,11
2017-01-15,Valasaravakkam,0.802,6,1,1,1,Pongal,residential,11
2017-01-16,Valasaravakkam,0.685,0,1,0,1,Pongal,residential,11
2017-01-17,Valasaravakkam,0.61,1,1,0,0,,residential,11
2017-01-18,Valasaravakkam,0.599,2,1,0,0,,residential,11
2017-01-19,Valasaravakkam,0.63,3,1,0,0,,residential,11
2017-01-20,Valasaravakkam,0.631,4,1,0,0,,residential,11
2017-01-21,Valasaravakkam,0.655,5,1,1,0,,residential,11
2017-01-22,Valasaravakkam,0.675,6,1,1,0,,residential,11
2017-01-23,Valasaravakkam,0.686,0,1,0,0,,residential,11
2017-01-24,Valasaravakkam,0.601,1,1,0,0,,residential,11
2017-01-25,Valasaravakkam,0.627,2,1,0,0,,residential,11
2017-01-26,Valasaravakkam,0.683,3,1,0,1,Republic Day,residential,11
2017-01-27,Valasaravakkam,0.639,4,1,0,0,,residential,11
2017-01-28,Valasaravakkam,0.687,5,1,1,0,,residential,11
2017-01-29,Valasaravakkam,0.672,6,1,1,0,,residential,11
2017-01-30,Valasaravakkam,0.651,0,1,0,0,,residential,11
2017-01-31,Valasaravakkam,0.621,1,1,0,0,,residential,11
2017-02-01,Valasaravakkam,0.617,2,2,0,0,,residential,11
2017-02-02,Valasaravakkam,0.595,3,2,0,0,,residential,11
2017-02-03,Valasaravakkam,0.642,4,2,0,0,,residential,11
2017-02-04,Valasaravakkam,0.703,5,2,1,0,,residential,11
2017-02-05,Valasaravakkam,0.66,6,2,1,0,,residential,11
2017-02-06,Valasaravakkam,0.644,0,2,0,0,,residential,11
2017-02-07,Valasaravakkam,0.615,1,2,0,0,,residential,11
2017-02-08,Valasaravakkam,0.598,2,2,0,0,,residential,11
2017-02-09,Valasaravakkam,0.585,3,2,0,0,,residential,11
2017-02-10,Valasaravakkam,0.607,4,2,0,0,,residential,11
2017-02-11,Valasaravakkam,0.674,5,2,1,0,,residential,11
2017-02-12,Valasaravakkam,0.652,6,2,1,0,,residential,11
2017-02-13,Valasaravakkam,0.654,0,2,0,0,,residential,11
2017-02-14,Valasaravakkam,0.641,1,2,0,0,,residential,11
2017-02-15,Valasaravakkam,0.635,2,2,0,0,,residential,11
2017-02-16,Valasaravakkam,0.617,3,2,0,0,,residential,11
2017-02-17,Valasaravakkam,0.585,4,2,0,0,,residential,11
2017-02-18,Valasaravakkam,0.696,5,2,1,0,,residential,11
2017-02-19,Valasaravakkam,0.684,6,2,1,0,,residential,11
2017-02-20,Valasaravakkam,0.658,0,2,0,0,,residential,11
2017-02-21,Valasaravakkam,0.655,1,2,0,0,,residential,11
2017-02-22,Valasaravakkam,0.604,2,2,0,0,,residential,11
2017-02-23,Valasaravakkam,0.566,3,2,0,0,,residential,11
2017-02-24,Valasaravakkam,0.6,4,2,0,0,,residential,11
2017-02-25,Valasaravakkam,0.691,5,2,1,0,,residential,11
2017-02-26,Valasaravakkam,0.682,6,2,1,0,,residential,11
2017-02-27,Valasaravakkam,0.626,0,2,0,0,,residential,11
2017-02-28,Valasaravakkam,0.593,1,2,0,0,,residential,11
2017-03-01,Valasaravakkam,0.643,2,3,0,0,,residential,11
2017-03-02,Valasaravakkam,0.626,3,3,0,0,,residential,11
2017-03-03,Valasaravakkam,0.66,4,3,0,0,,residential,11
2017-03-04,Valasaravakkam,0.706,5,3,1,0,,residential,11
2017-03-05,Valasaravakkam,0.702,6,3,1,0,,residential,11
2017-03-06,Valasaravakkam,0.667,0,3,0,0,,residential,11
2017-03-07,Valasaravakkam,0.655,1,3,0,0,,residential,11
2017-03-08,Valasaravakkam,0.651,2,3,0,0,,residential,11
2017-03-09,Valasaravakkam,0.654,3,3,0,0,,residential,11
2017-03-10,Valasaravakkam,0.654,4,3,0,0,,residential,11
2017-03-11,Valasaravakkam,0.714,5,3,1,0,,residential,11
2017-03-12,Valasaravakkam,0.693,6,3,1,0,,residential,11
2017-03-13,Valasaravakkam,0.668,0,3,0,0,,residential,11
2017-03-14,Valasaravakkam,0.642,1,3,0,0,,residential,11
2017-03-15,Valasaravakkam,0.69,2,3,0,0,,residential,11
2017-03-16,Valasaravakkam,0.624,3,3,0,0,,residential,11
2017-03-17,Valasaravakkam,0.642,4,3,0,0,,residential,11
2017-03-18,Valasaravakkam,0.717,5,3,1,0,,residential,11
2017-03-19,Valasaravakkam,0.709,6,3,1,0,,residential,11
2017-03-20,Valasaravakkam,0.705,0,3,0,0,,residential,11
2017-03-21,Valasaravakkam,0.644,1,3,0,0,,residential,11
2017-03-22,Valasaravakkam,0.646,2,3,0,0,,residential,11
2017-03-23,Valasaravakkam,0.666,3,3,0,0,,residential,11
2017-03-24,Valasaravakkam,0.685,4,3,0,0,,residential,11
2017-03-25,Valasaravakkam,0.745,5,3,1,0,,residential,11
2017-03-26,Valasaravakkam,0.712,6,3,1,0,,residential,11
2017-03-27,Valasaravakkam,0.682,0,3,0,0,,residential,11
2017-03-28,Valasaravakkam,0.651,1,3,0,0,,residential,11
2017-03-29,Valasaravakkam,0.653,2,3,0,0,,residential,11
2017-03-30,Valasaravakkam,0.634,3,3,0,0,,residential,11
2017-03-31,Valasaravakkam,0.668,4,3,0,0,,residential,11
2017-04-01,Valasaravakkam,0.535,5,4,1,0,,residential,11
2017-04-02,Valasaravakkam,0.531,6,4,1,0,,residential,11
2017-04-03,Valasaravakkam,0.488,0,4,0,0,,residential,11
2017-04-04,Valasaravakkam,0.484,1,4,0,0,,residential,11
2017-04-05,Valasaravakkam,0.456,2,4,0,0,,residential,11
2017-04-06,Valasaravakkam,0.475,3,4,0,0,,residential,11
2017-04-07,Valasaravakkam,0.475,4,4,0,0,,residential,11
2017-04-08,Valasaravakkam,0.536,5,4,1,0,,residential,11
2017-04-09,Valasaravakkam,0.562,6,4,1,0,,residential,11
2017-04-10,Valasaravakkam,0.516,0,4,0,0,,residential,11
2017-04-11,Valasaravakkam,0.504,1,4,0,0,,residential,11
2017-04-12,Valasaravakkam,0.493,2,4,0,0,,residential,11
2017-04-13,Valasaravakkam,0.562,3,4,0,1,Tamil New Year,residential,11
2017-04-14,Valasaravakkam,0.638,4,4,0,1,Tamil New Year,residential,11
2017-04-15,Valasaravakkam,0.585,5,4,1,1,Tamil New Year,residential,11
2017-04-16,Valasaravakkam,0.519,6,4,1,0,,residential,11
2017-04-17,Valasaravakkam,0.518,0,4,0,0,,residential,11
2017-04-18,Valasaravakkam,0.483,1,4,0,0,,residential,11
2017-04-19,Valasaravakkam,0.486,2,4,0,0,,residential,11
2017-04-20,Valasaravakkam,0.528,3,4,0,1,Eid,residential,11
2017-04-21,Valasaravakkam,0.57,4,4,0,1,Eid,residential,11
2017-04-22,Valasaravakkam,0.613,5,4,1,1,Eid,residential,11
2017-04-23,Valasaravakkam,0.514,6,4,1,0,,residential,11
2017-04-24,Valasaravakkam,0.518,0,4,0,0,,residential,11
2017-04-25,Valasaravakkam,0.491,1,4,0,0,,residential,11
2017-04-26,Valasaravakkam,0.46,2,4,0,0,,residential,11
2017-04-27,Valasaravakkam,0.471,3,4,0,0,,residential,11
2017-04-28,Valasaravakkam,0.474,4,4,0,0,,residential,11
2017-04-29,Valasaravakkam,0.541,5,4,1,0,,residential,11
2017-04-30,Valasaravakkam,0.526,6,4,1,0,,residential,11
2017-05-01,Valasaravakkam,0.506,0,5,0,0,,residential,11
2017-05-02,Valasaravakkam,0.462,1,5,0,0,,residential,11
2017-05-03,Valasaravakkam,0.517,2,5,0,0,,residential,11
2017-05-04,Valasaravakkam,0.484,3,5,0,0,,residential,11
2017-05-05,Valasaravakkam,0.491,4,5,0,0,,residential,11
2017-05-06,Valasaravakkam,0.523,5,5,1,0,,residential,11
2017-05-07,Valasaravakkam,0.521,6,5,1,0,,residential,11
2017-05-08,Valasaravakkam,0.537,0,5,0,0,,residential,11
2017-05-09,Valasaravakkam,0.455,1,5,0,0,,residential,11
2017-05-10,Valasaravakkam,0.487,2,5,0,0,,residential,11
2017-05-11,Valasaravakkam,0.466,3,5,0,0,,residential,11
2017-05-12,Valasaravakkam,0.477,4,5,0,0,,residential,11
2017-05-13,Valasaravakkam,0.521,5,5,1,0,,residential,11
2017-05-14,Valasaravakkam,0.516,6,5,1,0,,residential,11
2017-05-15,Valasaravakkam,0.508,0,5,0,0,,residential,11
2017-05-16,Valasaravakkam,0.446,1,5,0,0,,residential,11
2017-05-17,Valasaravakkam,0.479,2,5,0,0,,residential,11
2017-05-18,Valasaravakkam,0.482,3,5,0,0,,residential,11
2017-05-19,Valasaravakkam,0.464,4,5,0,0,,residential,11
2017-05-20,Valasaravakkam,0.556,5,5,1,0,,residential,11
2017-05-21,Valasaravakkam,0.522,6,5,1,0,,residential,11
2017-05-22,Valasaravakkam,0.504,0,5,0,0,,residential,11
2017-05-23,Valasaravakkam,0.475,1,5,0,0,,residential,11
2017-05-24,Valasaravakkam,0.482,2,5,0,0,,residential,11
2017-05-25,Valasaravakkam,0.502,3,5,0,0,,residential,11
2017-05-26,Valasaravakkam,0.519,4,5,0,0,,residential,11
2017-05-27,Valasaravakkam,0.544,5,5,1,0,,residential,11
2017-05-28,Valasaravakkam,0.549,6,5,1,0,,residential,11
2017-05-29,Valasaravakkam,0.534,0,5,0,0,,residential,11
2017-05-30,Valasaravakkam,0.487,1,5,0,0,,residential,11
2017-05-31,Valasaravakkam,0.506,2,5,0,0,,residential,11
2017-06-01,Valasaravakkam,0.448,3,6,0,0,,residential,11
2017-06-02,Valasaravakkam,0.439,4,6,0,0,,residential,11
2017-06-03,Valasaravakkam,0.486,5,6,1,0,,residential,11
2017-06-04,Valasaravakkam,0.455,6,6,1,0,,residential,11
2017-06-05,Valasaravakkam,0.463,0,6,0,0,,residential,11
2017-06-06,Valasaravakkam,0.417,1,6,0,0,,residential,11
2017-06-07,Valasaravakkam,0.416,2,6,0,0,,residential,11
2017-06-08,Valasaravakkam,0.44,3,6,0,0,,residential,11
2017-06-09,Valasaravakkam,0.423,4,6,0,0,,residential,11
2017-06-10,Valasaravakkam,0.481,5,6,1,0,,residential,11
2017-06-11,Valasaravakkam,0.483,6,6,1,0,,residential,11
2017-06-12,Valasaravakkam,0.462,0,6,0,0,,residential,11
2017-06-13,Valasaravakkam,0.425,1,6,0,0,,residential,11
2017-06-14,Valasaravakkam,0.449,2,6,0,0,,residential,11
2017-06-15,Valasaravakkam,0.436,3,6,0,0,,residential,11
2017-06-16,Valasaravakkam,0.443,4,6,0,0,,residential,11
2017-06-17,Valasaravakkam,0.464,5,6,1,0,,residential,11
2017-06-18,Valasaravakkam,0.478,6,6,1,0,,residential,11
2017-06-19,Valasaravakkam,0.474,0,6,0,0,,residential,11
2017-06-20,Valasaravakkam,0.45,1,6,0,0,,residential,11
2017-06-21,Valasaravakkam,0.427,2,6,0,0,,residential,11
2017-06-22,Valasaravakkam,0.43,3,6,0,0,,residential,11
2017-06-23,Valasaravakkam,0.424,4,6,0,0,,residential,11
2017-06-24,Valasaravakkam,0.472,5,6,1,0,,residential,11
2017-06-25,Valasaravakkam,0.461,6,6,1,0,,residential,11
2017-06-26,Valasaravakkam,0.457,0,6,0,0,,residential,11
2017-06-27,Valasaravakkam,0.446,1,6,0,0,,residential,11
2017-06-28,Valasaravakkam,0.427,2,6,0,0,,residential,11
2017-06-29,Valasaravakkam,0.436,3,6,0,0,,residential,11
2017-06-30,Valasaravakkam,0.434,4,6,0,0,,residential,11
2017-07-01,Valasaravakkam,0.496,5,7,1,0,,residential,11
2017-07-02,Valasaravakkam,0.472,6,7,1,0,,residential,11
2017-07-03,Valasaravakkam,0.451,0,7,0,0,,residential,11
2017-07-04,Valasaravakkam,0.426,1,7,0,0,,residential,11
2017-07-05,Valasaravakkam,0.422,2,7,0,0,,residential,11
2017-07-06,Valasaravakkam,0.444,3,7,0,0,,residential,11
2017-07-07,Valasaravakkam,0.435,4,7,0,0,,residential,11
2017-07-08,Valasaravakkam,0.482,5,7,1,0,,residential,11
2017-07-09,Valasaravakkam,0.499,6,7,1,0,,residential,11
2017-07-10,Valasaravakkam,0.477,0,7,0,0,,residential,11
2017-07-11,Valasaravakkam,0.416,1,7,0,0,,residential,11
2017-07-12,Valasaravakkam,0.446,2,7,0,0,,residential,11
2017-07-13,Valasaravakkam,0.44,3,7,0,0,,residential,11
2017-07-14,Valasaravakkam,0.431,4,7,0,0,,residential,11
2017-07-15,Valasaravakkam,0.486,5,7,1,0,,residential,11
2017-07-16,Valasaravakkam,0.456,6,7,1,0,,residential,11
2017-07-17,Valasaravakkam,0.479,0,7,0,0,,residential,11
2017-07-18,Valasaravakkam,0.444,1,7,0,0,,residential,11
2017-07-19,Valasaravakkam,0.426,2,7,0,0,,residential,11
2017-07-20,Valasaravakkam,0.43,3,7,0,0,,residential,11
2017-07-21,Valasaravakkam,0.415,4,7,0,0,,residential,11
2017-07-22,Valasaravakkam,0.476,5,7,1,0,,residential,11
2017-07-23,Valasaravakkam,0.474,6,7,1,0,,residential,11
2017-07-24,Valasaravakkam,0.441,0,7,0,0,,residential,11
2017-07-25,Valasaravakkam,0.447,1,7,0,0,,residential,11
2017-07-26,Valasaravakkam,0.454,2,7,0,0,,residential,11
2017-07-27,Valasaravakkam,0.437,3,7,0,0,,residential,11
2017-07-28,Valasaravakkam,0.433,4,7,0,0,,residential,11
2017-07-29,Valasaravakkam,0.487,5,7,1,0,,residential,11
2017-07-30,Valasaravakkam,0.481,6,7,1,0,,residential,11
2017-07-31,Valasaravakkam,0.444,0,7,0,0,,residential,11
2017-08-01,Valasaravakkam,0.429,1,8,0,0,,residential,11
2017-08-02,Valasaravakkam,0.433,2,8,0,0,,residential,11
2017-08-03,Valasaravakkam,0.441,3,8,0,0,,residential,11
2017-08-04,Valasaravakkam,0.437,4,8,0,0,,residential,11
2017-08-05,Valasaravakkam,0.484,5,8,1,0,,residential,11
2017-08-06,Valasaravakkam,0.459,6,8,1,0,,residential,11
2017-08-07,Valasaravakkam,0.468,0,8,0,0,,residential,11
2017-08-08,Valasaravakkam,0.437,1,8,0,0,,residential,11
2017-08-09,Valasaravakkam,0.471,2,8,0,0,,residential,11
2017-08-10,Valasaravakkam,0.432,3,8,0,0,,residential,11
2017-08-11,Valasaravakkam,0.442,4,8,0,0,,residential,11
2017-08-12,Valasaravakkam,0.522,5,8,1,0,,residential,11
2017-08-13,Valasaravakkam,0.484,6,8,1,0,,residential,11
2017-08-14,Valasaravakkam,0.458,0,8,0,0,,residential,11
2017-08-15,Valasaravakkam,0.467,1,8,0,1,Independence,residential,11
2017-08-16,Valasaravakkam,0.457,2,8,0,0,,residential,11
2017-08-17,Valasaravakkam,0.422,3,8,0,0,,residential,11
2017-08-18,Valasaravakkam,0.443,4,8,0,0,,residential,11
2017-08-19,Valasaravakkam,0.474,5,8,1,0,,residential,11
2017-08-20,Valasaravakkam,0.478,6,8,1,0,,residential,11
2017-08-21,Valasaravakkam,0.44,0,8,0,0,,residential,11
2017-08-22,Valasaravakkam,0.455,1,8,0,0,,residential,11
2017-08-23,Valasaravakkam,0.434,2,8,0,0,,residential,11
2017-08-24,Valasaravakkam,0.421,3,8,0,0,,residential,11
2017-08-25,Valasaravakkam,0.454,4,8,0,0,,residential,11
2017-08-26,Valasaravakkam,0.474,5,8,1,0,,residential,11
2017-08-27,Valasaravakkam,0.486,6,8,1,0,,residential,11
2017-08-28,Valasaravakkam,0.471,0,8,0,0,,residential,11
2017-08-29,Valasaravakkam,0.443,1,8,0,0,,residential,11
2017-08-30,Valasaravakkam,0.408,2,8,0,0,,residential,11
2017-08-31,Valasaravakkam,0.446,3,8,0,0,,residential,11
2017-09-01,Valasaravakkam,0.436,4,9,0,0,,residential,11
2017-09-02,Valasaravakkam,0.476,5,9,1,0,,residential,11
2017-09-03,Valasaravakkam,0.479,6,9,1,0,,residential,11
2017-09-04,Valasaravakkam,0.437,0,9,0,0,,residential,11
2017-09-05,Valasaravakkam,0.44,1,9,0,0,,residential,11
2017-09-06,Valasaravakkam,0.419,2,9,0,0,,residential,11
2017-09-07,Valasaravakkam,0.434,3,9,0,0,,residential,11
2017-09-08,Valasaravakkam,0.491,4,9,0,1,Ganesh Chathurthi,residential,11
2017-09-09,Valasaravakkam,0.612,5,9,1,1,Ganesh Chathurthi,residential,11
2017-09-10,Valasaravakkam,0.633,6,9,1,1,Ganesh Chathurthi,residential,11
2017-09-11,Valasaravakkam,0.591,0,9,0,1,Ganesh Chathurthi,residential,11
2017-09-12,Valasaravakkam,0.502,1,9,0,1,Ganesh Chathurthi,residential,11
2017-09-13,Valasaravakkam,0.432,2,9,0,0,,residential,11
2017-09-14,Valasaravakkam,0.423,3,9,0,0,,residential,11
2017-09-15,Valasaravakkam,0.418,4,9,0,0,,residential,11
2017-09-16,Valasaravakkam,0.485,5,9,1,0,,residential,11
2017-09-17,Valasaravakkam,0.47,6,9,1,0,,residential,11
2017-09-18,Valasaravakkam,0.476,0,9,0,0,,residential,11
2017-09-19,Valasaravakkam,0.428,1,9,0,0,,residential,11
2017-09-20,Valasaravakkam,0.425,2,9,0,0,,residential,11
2017-09-21,Valasaravakkam,0.44,3,9,0,0,,residential,11
2017-09-22,Valasaravakkam,0.428,4,9,0,0,,residential,11
2017-09-23,Valasaravakkam,0.481,5,9,1,0,,residential,11
2017-09-24,Valasaravakkam,0.495,6,9,1,0,,residential,11
2017-09-25,Valasaravakkam,0.461,0,9,0,0,,residential,11
2017-09-26,Valasaravakkam,0.439,1,9,0,0,,residential,11
2017-09-27,Valasaravakkam,0.44,2,9,0,0,,residential,11
2017-09-28,Valasaravakkam,0.415,3,9,0,0,,residential,11
2017-09-29,Valasaravakkam,0.442,4,9,0,0,,residential,11
2017-09-30,Valasaravakkam,0.483,5,9,1,0,,residential,11
2017-10-01,Valasaravakkam,0.52,6,10,1,0,,residential,11
2017-10-02,Valasaravakkam,0.492,0,10,0,0,,residential,11
2017-10-03,Valasaravakkam,0.457,1,10,0,0,,residential,11
2017-10-04,Valasaravakkam,0.534,2,10,0,1,Dussehra,residential,11
2017-10-05,Valasaravakkam,0.57,3,10,0,1,Dussehra,residential,11
2017-10-06,Valasaravakkam,0.522,4,10,0,1,Dussehra,residential,11
2017-10-07,Valasaravakkam,0.502,5,10,1,0,,residential,11
2017-10-08,Valasaravakkam,0.513,6,10,1,0,,residential,11
2017-10-09,Valasaravakkam,0.478,0,10,0,0,,residential,11
2017-10-10,Valasaravakkam,0.483,1,10,0,0,,residential,11
2017-10-11,Valasaravakkam,0.488,2,10,0,0,,residential,11
2017-10-12,Valasaravakkam,0.472,3,10,0,0,,residential,11
2017-10-13,Valasaravakkam,0.482,4,10,0,0,,residential,11
2017-10-14,Valasaravakkam,0.483,5,10,1,0,,residential,11
2017-10-15,Valasaravakkam,0.485,6,10,1,0,,residential,11
2017-10-16,Valasaravakkam,0.479,0,10,0,0,,residential,11
2017-10-17,Valasaravakkam,0.461,1,10,0,0,,residential,11
2017-10-18,Valasaravakkam,0.458,2,10,0,0,,residential,11
2017-10-19,Valasaravakkam,0.438,3,10,0,0,,residential,11
2017-10-20,Valasaravakkam,0.476,4,10,0,0,,residential,11
2017-10-21,Valasaravakkam,0.539,5,10,1,0,,residential,11
2017-10-22,Valasaravakkam,0.596,6,10,1,1,Deepavali,residential,11
2017-10-23,Valasaravakkam,0.632,0,10,0,1,Deepavali,residential,11
2017-10-24,Valasaravakkam,0.649,1,10,0,1,Deepavali,residential,11
2017-10-25,Valasaravakkam,0.568,2,10,0,1,Deepavali,residential,11
2017-10-26,Valasaravakkam,0.523,3,10,0,1,Deepavali,residential,11
2017-10-27,Valasaravakkam,0.489,4,10,0,0,,residential,11
2017-10-28,Valasaravakkam,0.501,5,10,1,0,,residential,11
2017-10-29,Valasaravakkam,0.499,6,10,1,0,,residential,11
2017-10-30,Valasaravakkam,0.499,0,10,0,0,,residential,11
2017-10-31,Valasaravakkam,0.476,1,10,0,0,,residential,11
2017-11-01,Valasaravakkam,0.449,2,11,0,0,,residential,11
2017-11-02,Valasaravakkam,0.457,3,11,0,0,,residential,11
2017-11-03,Valasaravakkam,0.453,4,11,0,0,,residential,11
2017-11-04,Valasaravakkam,0.507,5,11,1,0,,residential,11
2017-11-05,Valasaravakkam,0.523,6,11,1,0,,residential,11
2017-11-06,Valasaravakkam,0.472,0,11,0,0,,residential,11
2017-11-07,Valasaravakkam,0.475,1,11,0,0,,residential,11
2017-11-08,Valasaravakkam,0.462,2,11,0,0,,residential,11
2017-11-09,Valasaravakkam,0.492,3,11,0,0,,residential,11
2017-11-10,Valasaravakkam,0.465,4,11,0,0,,residential,11
2017-11-11,Valasaravakkam,0.505,5,11,1,0,,residential,11
2017-11-12,Valasaravakkam,0.515,6,11,1,0,,residential,11
2017-11-13,Valasaravakkam,0.478,0,11,0,0,,residential,11
2017-11-14,Valasaravakkam,0.435,1,11,0,0,,residential,11
2017-11-15,Valasaravakkam,0.457,2,11,0,0,,residential,11
2017-11-16,Valasaravakkam,0.457,3,11,0,0,,residential,11
2017-11-17,Valasaravakkam,0.438,4,11,0,0,,residential,11
2017-11-18,Valasaravakkam,0.505,5,11,1,0,,residential,11
2017-11-19,Valasaravakkam,0.475,6,11,1,0,,residential,11
2017-11-20,Valasaravakkam,0.478,0,11,0,0,,residential,11
2017-11-21,Valasaravakkam,0.464,1,11,0,0,,residential,11
2017-11-22,Valasaravakkam,0.462,2,11,0,0,,residential,11
2017-11-23,Valasaravakkam,0.455,3,11,0,0,,residential,11
2017-11-24,Valasaravakkam,0.459,4,11,0,0,,residential,11
2017-11-25,Valasaravakkam,0.494,5,11,1,0,,residential,11
2017-11-26,Valasaravakkam,0.506,6,11,1,0,,residential,11
2017-11-27,Valasaravakkam,0.484,0,11,0,0,,residential,11
2017-11-28,Valasaravakkam,0.448,1,11,0,0,,residential,11
2017-11-29,Valasaravakkam,0.464,2,11,0,0,,residential,11
2017-11-30,Valasaravakkam,0.464,3,11,0,0,,residential,11
2017-12-01,Valasaravakkam,0.458,4,12,0,0,,residential,11
2017-12-02,Valasaravakkam,0.543,5,12,1,0,,residential,11
2017-12-03,Valasaravakkam,0.504,6,12,1,0,,residential,11
2017-12-04,Valasaravakkam,0.479,0,12,0,0,,residential,11
2017-12-05,Valasaravakkam,0.454,1,12,0,0,,residential,11
2017-12-06,Valasaravakkam,0.447,2,12,0,0,,residential,11
2017-12-07,Valasaravakkam,0.47,3,12,0,0,,residential,11
2017-12-08,Valasaravakkam,0.451,4,12,0,0,,residential,11
2017-12-09,Valasaravakkam,0.498,5,12,1,0,,residential,11
2017-12-10,Valasaravakkam,0.498,6,12,1,0,,residential,11
2017-12-11,Valasaravakkam,0.469,0,12,0,0,,residential,11
2017-12-12,Valasaravakkam,0.436,1,12,0,0,,residential,11
2017-12-13,Valasaravakkam,0.454,2,12,0,0,,residential,11
2017-12-14,Valasaravakkam,0.472,3,12,0,0,,residential,11
2017-12-15,Valasaravakkam,0.463,4,12,0,0,,residential,11
2017-12-16,Valasaravakkam,0.53,5,12,1,0,,residential,11
2017-12-17,Valasaravakkam,0.518,6,12,1,0,,residential,11
2017-12-18,Valasaravakkam,0.491,0,12,0,0,,residential,11
2017-12-19,Valasaravakkam,0.486,1,12,0,0,,residential,11
2017-12-20,Valasaravakkam,0.459,2,12,0,0,,residential,11
2017-12-21,Valasaravakkam,0.461,3,12,0,0,,residential,11
2017-12-22,Valasaravakkam,0.46,4,12,0,0,,residential,11
2017-12-23,Valasaravakkam,0.53,5,12,1,0,,residential,11
2017-12-24,Valasaravakkam,0.544,6,12,1,1,Christmas,residential,11
2017-12-25,Valasaravakkam,0.545,0,12,0,1,Christmas,residential,11
2017-12-26,Valasaravakkam,0.504,1,12,0,1,Christmas,residential,11
2017-12-27,Valasaravakkam,0.449,2,12,0,0,,residential,11
2017-12-28,Valasaravakkam,0.468,3,12,0,0,,residential,11
2017-12-29,Valasaravakkam,0.466,4,12,0,0,,residential,11
2017-12-30,Valasaravakkam,0.554,5,12,1,1,New Year,residential,11
2017-12-31,Valasaravakkam,0.618,6,12,1,1,New Year,residential,11
2018-01-01,Valasaravakkam,0.462,0,1,0,0,,residential,11
2018-01-02,Valasaravakkam,0.463,1,1,0,0,,residential,11
2018-01-03,Valasaravakkam,0.454,2,1,0,0,,residential,11
2018-01-04,Valasaravakkam,0.5,3,1,0,0,,residential,11
2018-01-05,Valasaravakkam,0.462,4,1,0,0,,residential,11
2018-01-06,Valasaravakkam,0.497,5,1,1,0,,residential,11
2018-01-07,Valasaravakkam,0.485,6,1,1,0,,residential,11
2018-01-08,Valasaravakkam,0.502,0,1,0,0,,residential,11
2018-01-09,Valasaravakkam,0.455,1,1,0,0,,residential,11
2018-01-10,Valasaravakkam,0.449,2,1,0,0,,residential,11
2018-01-11,Valasaravakkam,0.465,3,1,0,0,,residential,11
2018-01-12,Valasaravakkam,0.516,4,1,0,1,Pongal,residential,11
2018-01-13,Valasaravakkam,0.619,5,1,1,1,Pongal,residential,11
2018-01-14,Valasaravakkam,0.659,6,1,1,1,Pongal,residential,11
2018-01-15,Valasaravakkam,0.583,0,1,0,1,Pongal,residential,11
2018-01-16,Valasaravakkam,0.51,1,1,0,1,Pongal,residential,11
2018-01-17,Valasaravakkam,0.465,2,1,0,0,,residential,11
2018-01-18,Valasaravakkam,0.466,3,1,0,0,,residential,11
2018-01-19,Valasaravakkam,0.475,4,1,0,0,,residential,11
2018-01-20,Valasaravakkam,0.507,5,1,1,0,,residential,11
2018-01-21,Valasaravakkam,0.494,6,1,1,0,,residential,11
2018-01-22,Valasaravakkam,0.481,0,1,0,0,,residential,11
2018-01-23,Valasaravakkam,0.471,1,1,0,0,,residential,11
2018-01-24,Valasaravakkam,0.436,2,1,0,0,,residential,11
2018-01-25,Valasaravakkam,0.436,3,1,0,0,,residential,11
2018-01-26,Valasaravakkam,0.52,4,1,0,1,Republic Day,residential,11
2018-01-27,Valasaravakkam,0.529,5,1,1,0,,residential,11
2018-01-28,Valasaravakkam,0.487,6,1,1,0,,residential,11
2018-01-29,Valasaravakkam,0.485,0,1,0,0,,residential,11
2018-01-30,Valasaravakkam,0.455,1,1,0,0,,residential,11
2018-01-31,Valasaravakkam,0.457,2,1,0,0,,residential,11
2018-02-01,Valasaravakkam,0.464,3,2,0,0,,residential,11
2018-02-02,Valasaravakkam,0.442,4,2,0,0,,residential,11
2018-02-03,Valasaravakkam,0.489,5,2,1,0,,residential,11
2018-02-04,Valasaravakkam,0.502,6,2,1,0,,residential,11
2018-02-05,Valasaravakkam,0.481,0,2,0,0,,residential,11
2018-02-06,Valasaravakkam,0.445,1,2,0,0,,residential,11
2018-02-07,Valasaravakkam,0.471,2,2,0,0,,residential,11
2018-02-08,Valasaravakkam,0.455,3,2,0,0,,residential,11
2018-02-09,Valasaravakkam,0.454,4,2,0,0,,residential,11
2018-02-10,Valasaravakkam,0.511,5,2,1,0,,residential,11
2018-02-11,Valasaravakkam,0.504,6,2,1,0,,residential,11
2018-02-12,Valasaravakkam,0.495,0,2,0,0,,residential,11
2018-02-13,Valasaravakkam,0.447,1,2,0,0,,residential,11
2018-02-14,Valasaravakkam,0.441,2,2,0,0,,residential,11
2018-02-15,Valasaravakkam,0.456,3,2,0,0,,residential,11
2018-02-16,Valasaravakkam,0.461,4,2,0,0,,residential,11
2018-02-17,Valasaravakkam,0.487,5,2,1,0,,residential,11
2018-02-18,Valasaravakkam,0.485,6,2,1,0,,residential,11
2018-02-19,Valasaravakkam,0.486,0,2,0,0,,residential,11
2018-02-20,Valasaravakkam,0.45,1,2,0,0,,residential,11
2018-02-21,Valasaravakkam,0.44,2,2,0,0,,residential,11
2018-02-22,Valasaravakkam,0.474,3,2,0,0,,residential,11
2018-02-23,Valasaravakkam,0.452,4,2,0,0,,residential,11
2018-02-24,Valasaravakkam,0.524,5,2,1,0,,residential,11
2018-02-25,Valasaravakkam,0.507,6,2,1,0,,residential,11
2018-02-26,Valasaravakkam,0.488,0,2,0,0,,residential,11
2018-02-27,Valasaravakkam,0.457,1,2,0,0,,residential,11
2018-02-28,Valasaravakkam,0.424,2,2,0,0,,residential,11
2018-03-01,Valasaravakkam,0.467,3,3,0,0,,residential,11
2018-03-02,Valasaravakkam,0.481,4,3,0,0,,residential,11
2018-03-03,Valasaravakkam,0.537,5,3,1,0,,residential,11
2018-03-04,Valasaravakkam,0.503,6,3,1,0,,residential,11
2018-03-05,Valasaravakkam,0.507,0,3,0,0,,residential,11
2018-03-06,Valasaravakkam,0.467,1,3,0,0,,residential,11
2018-03-07,Valasaravakkam,0.487,2,3,0,0,,residential,11
2018-03-08,Valasaravakkam,0.483,3,3,0,0,,residential,11
2018-03-09,Valasaravakkam,0.494,4,3,0,0,,residential,11
2018-03-10,Valasaravakkam,0.549,5,3,1,0,,residential,11
2018-03-11,Valasaravakkam,0.539,6,3,1,0,,residential,11
2018-03-12,Valasaravakkam,0.521,0,3,0,0,,residential,11
2018-03-13,Valasaravakkam,0.478,1,3,0,0,,residential,11
2018-03-14,Valasaravakkam,0.524,2,3,0,0,,residential,11
2018-03-15,Valasaravakkam,0.466,3,3,0,0,,residential,11
2018-03-16,Valasaravakkam,0.476,4,3,0,0,,residential,11
2018-03-17,Valasaravakkam,0.546,5,3,1,0,,residential,11
2018-03-18,Valasaravakkam,0.544,6,3,1,0,,residential,11
2018-03-19,Valasaravakkam,0.515,0,3,0,0,,residential,11
2018-03-20,Valasaravakkam,0.493,1,3,0,0,,residential,11
2018-03-21,Valasaravakkam,0.453,2,3,0,0,,residential,11
2018-03-22,Valasaravakkam,0.506,3,3,0,0,,residential,11
2018-03-23,Valasaravakkam,0.48,4,3,0,0,,residential,11
2018-03-24,Valasaravakkam,0.551,5,3,1,0,,residential,11
2018-03-25,Valasaravakkam,0.499,6,3,1,0,,residential,11
2018-03-26,Valasaravakkam,0.511,0,3,0,0,,residential,11
2018-03-27,Valasaravakkam,0.475,1,3,0,0,,residential,11
2018-03-28,Valasaravakkam,0.492,2,3,0,0,,residential,11
2018-03-29,Valasaravakkam,0.488,3,3,0,0,,residential,11
2018-03-30,Valasaravakkam,0.489,4,3,0,0,,residential,11
2018-03-31,Valasaravakkam,0.515,5,3,1,0,,residential,11
